train_regime,test_regime,mse,mae,relative_error
low,medium,3.9689196527124366,1.5864110522693555,0.7995673777943144
low,high,1.996578803035214,1.1277413306417263,0.8125026995040631
medium,low,9.166980109299905,2.414917439580039,0.7951404469224849
medium,high,1.927133575880461,1.1063107137441306,0.7970626037939718
high,low,9.195635371538941,2.4191295689943355,0.7965273409048984
high,medium,3.926893461445622,1.5813539125828924,0.7970185277264454
