regime,lambda,std_error,ci_lower,ci_upper,t_statistic,p_value,r_squared,adj_r_squared,n_obs
low,0.4253748931523367,0.0723441690087167,0.28352565985188066,0.5672241264527926,5.879878074224386,4.558314614655501e-09,0.01140053893292925,0.011070785943914307,3000
medium,0.14921686535579193,0.04678905701195789,0.05747496058392476,0.2409587701276591,3.1891402581089965,0.0014416745044572021,0.0033809969199206646,0.0030485689669251803,3000
high,0.07158353577281677,0.03317180628027584,0.006541731401804779,0.13662534014382877,2.157963156060657,0.031009870813687446,0.0015508948525809751,0.0012178564586025065,3000
