regime,gamma,rho,sigma,half_life,r_squared_kyle,gamma_valid,rho_valid,half_life_finite,constraints_satisfied,permanent_fraction_pct,transient_fraction_pct
low,0.10519134143279364,4.43242134946753,3.0370954576977516,0.15638115736519803,0.01106521831243057,True,True,True,True,10.519134143279365,89.48086585672064
medium,0.05814019296491031,4.605170185988091,1.9840867653275538,0.1505149978319906,0.0033802820379970067,True,True,True,True,5.814019296491031,94.18598070350896
high,0.038631472938906695,3.4076432633114315,1.3879847184878022,0.20340954935710273,0.0014923907014294802,True,True,True,True,3.8631472938906697,96.13685270610934
