parameter,mean,std,cv,stable
kyle_lambda,0.2153917647603151,0.15182538022897635,0.7048801536025552,False
ow_gamma,0.06732100244553689,0.02793766239947493,0.41499177648278,True
bouchaud_beta,0.6333333333333334,0.23570226039551587,0.37216146378239345,True
