mean,std,count,frequency
[-0.00139404],[0.01008403],131,0.10446570972886762
[-0.00336521],[0.03083553],63,0.050239234449760764
[0.0009718],[0.0080833],1060,0.8452950558213717
