regime,mean_return,volatility,sharpe,count
0,-0.0013940435980903422,0.010084026656958841,-2.194535656914484,131
1,-0.0033652145549220762,0.03083553456641096,-1.7324533423975013,63
2,0.000971795220854129,0.008083299940068674,1.9084743845142567,1060
