Date,Momentum,Value,Size,Quality,LowVol
2015-01-05,0.0,0.0,0.0,0.0,0.0
2015-01-06,0.0,0.0,0.0,0.0,0.0
2015-01-07,0.0,0.0,0.0,0.0,0.0
2015-01-08,0.0,0.0,0.0,0.0,0.0
2015-01-09,0.0,0.0,0.0,0.0,0.0
2015-01-12,0.0,0.0,0.0,0.0,0.0
2015-01-13,0.0,0.0,0.0,0.0,0.0
2015-01-14,0.0,0.0,0.0,0.0,0.0
2015-01-15,0.0,0.0,0.0,0.0,0.0
2015-01-16,0.0,0.0,0.0,0.0,0.0
2015-01-20,0.0,0.0,0.0,0.0,0.0
2015-01-21,0.0,0.0,0.0,0.0,0.0
2015-01-22,0.0,0.0,0.0,0.0,0.0
2015-01-23,0.0,0.0,0.0,0.0,0.0
2015-01-26,0.0,0.0,0.0,0.0,0.0
2015-01-27,0.0,0.0,0.0,0.0,0.0
2015-01-28,0.0,0.0,0.0,0.0,0.0
2015-01-29,0.0,0.0,0.0,0.0,0.0
2015-01-30,0.0,0.0,0.0,0.0,0.0
2015-02-02,0.0,0.0,0.0,0.0,0.0
2015-02-03,0.0,0.0,0.0,0.0,0.0
2015-02-04,0.0,0.0,0.0,0.0,0.0
2015-02-05,0.0,0.0,0.0,0.0,0.0
2015-02-06,0.0,0.0,0.0,0.0,0.0
2015-02-09,0.0,0.0,0.0,0.0,0.0
2015-02-10,0.0,0.0,0.0,0.0,0.0
2015-02-11,0.0,0.0,0.0,0.0,0.0
2015-02-12,0.0,0.0,0.0,0.0,0.0
2015-02-13,0.0,0.0,0.0,0.0,0.0
2015-02-17,0.0,0.0,0.0,0.0,0.0
2015-02-18,0.0,0.0,0.0,0.0,0.0
2015-02-19,0.0,0.0,0.0,0.0,0.0
2015-02-20,0.0,0.0,0.0,0.0,0.0
2015-02-23,0.0,0.0,0.0,0.0,0.0
2015-02-24,0.0,0.0,0.0,0.0,0.0
2015-02-25,0.0,0.0,0.0,0.0,0.0
2015-02-26,0.0,0.0,0.0,0.0,0.0
2015-02-27,0.0,0.0,0.0,0.0,0.0
2015-03-02,0.0,0.0,0.0,0.0,0.0
2015-03-03,0.0,0.0,0.0,0.0,0.0
2015-03-04,0.0,0.0,0.0,0.0,0.0
2015-03-05,0.0,0.0,0.0,0.0,0.0
2015-03-06,0.0,0.0,0.0,0.0,0.0
2015-03-09,0.0,0.0,0.0,0.0,0.0
2015-03-10,0.0,0.0,0.0,0.0,0.0
2015-03-11,0.0,0.0,0.0,0.0,0.0
2015-03-12,0.0,0.0,0.0,0.0,0.0
2015-03-13,0.0,0.0,0.0,0.0,0.0
2015-03-16,0.0,0.0,0.0,0.0,0.0
2015-03-17,0.0,0.0,0.0,0.0,0.0
2015-03-18,0.0,0.0,0.0,0.0,0.0
2015-03-19,0.0,0.0,0.0,0.0,0.0
2015-03-20,0.0,0.0,0.0,0.0,0.0
2015-03-23,0.0,0.0,0.0,0.0,0.0
2015-03-24,0.0,0.0,0.0,0.0,0.0
2015-03-25,0.0,0.0,0.0,0.0,0.0
2015-03-26,0.0,0.0,0.0,0.0,0.0
2015-03-27,0.0,0.0,0.0,0.0,0.0
2015-03-30,0.0,0.0,0.0,0.0,0.0
2015-03-31,0.0,0.0,0.0,0.0,0.0
2015-04-01,0.0,0.0,0.0,0.0,0.0
2015-04-02,0.0,0.0,-0.0007459654848218948,0.0,0.0
2015-04-06,0.0,0.0,0.009187741089737994,0.0,-0.008065685446789263
2015-04-07,0.0,0.0,-0.0026683348126557054,0.0,-0.00496514838201648
2015-04-08,0.0,0.0,0.0019223338654848895,0.0,-0.004048696375228341
2015-04-09,0.0,0.0,0.0018672773849821782,0.0,-0.006895441938716606
2015-04-10,0.0,0.0,0.00020966275525203994,0.0,-0.005327638561838462
2015-04-13,0.0,0.0,0.001148611115814554,0.0,0.0013920265574442429
2015-04-14,0.0,0.0,-0.005434325796206903,0.0,0.003971985419503218
2015-04-15,0.0,0.0,0.009955709549359695,0.0,-0.006952210973956767
2015-04-16,0.0,0.0,-0.0009793690250509235,0.0,-0.004987786255166741
2015-04-17,0.0,0.0,-0.0002837425065009905,0.0,0.006126067972612479
2015-04-20,0.0,0.0,0.0005772823491165223,0.0,-0.005939020547046406
2015-04-21,0.0,0.0,-0.0007066626584021609,0.0,-0.00037717532348375497
2015-04-22,0.0,0.0,0.004726956200747617,0.0,-0.0051646587740082
2015-04-23,0.0,0.0,0.001831649848835179,0.0,0.0042607794619145215
2015-04-24,0.0,0.0,0.005959679788723462,0.0,-0.007213378049675423
2015-04-27,0.0,0.0,0.01230204862960993,0.0,-0.00863259587732939
2015-04-28,0.0,0.0,-0.0002957073723527456,0.0,0.00228940407431297
2015-04-29,0.0,0.0,0.0011551635424380102,0.0,-0.002106755634924771
2015-04-30,0.0,0.0,-0.0002570521115372107,0.0,0.009830828477733082
2015-05-01,0.0,0.0,0.0008695600273959485,0.0,-0.007392495438234373
2015-05-04,0.0,0.0,0.0006305128295238144,0.0,0.0028256582542219837
2015-05-05,0.0,0.0,-0.003716273203626415,0.0,0.006962993234711437
2015-05-06,0.0,0.0,-0.004764925317347731,0.0,0.000834282745478249
2015-05-07,0.0,0.0,0.005703919058060774,0.0,-0.011646152775926033
2015-05-08,0.0,0.0,-0.009081840086210949,0.0,0.008518858818783455
2015-05-11,0.0,0.0,0.00028203497353586,0.0,-0.00024076773300172032
2015-05-12,0.0,0.0,0.0035956092010084547,0.0,0.0007526901338948419
2015-05-13,0.0,0.0,0.0009447685827866368,0.0,-0.0035798936562298706
2015-05-14,0.0,0.0,-0.0030206244078048207,0.0,-0.010564099872964965
2015-05-15,0.0,0.0,-0.001471172490766695,0.0,0.00244602358045207
2015-05-18,0.0,0.0,0.0010118949977367198,0.0,-0.002741127186302252
2015-05-19,0.0,0.0,-0.006263266766276808,0.0,0.005023050848232074
2015-05-20,0.0,0.0,0.001603937165879499,0.0,-0.0007429307742489015
2015-05-21,0.0,0.0,0.001429337280405133,0.0,-0.005673529168755511
2015-05-22,0.0,0.0,0.0039518353523981505,0.0,-0.0064102621565019025
2015-05-26,0.0,0.0,0.0026099424121868702,0.0,0.0033884036244179547
2015-05-27,0.0,0.0,0.00873003353226389,0.0,-0.01427472243100731
2015-05-28,0.0,0.0,0.00601055724086026,0.0,0.000622317789177633
2015-05-29,0.0,0.0,0.005977583884259289,0.0,-0.0018393746020589092
2015-06-01,0.0,0.0,-0.0019319892529191618,0.0,-0.0018822737380171037
2015-06-02,0.0,0.0,-0.004187858734501828,0.0,0.007289995109747987
2015-06-03,0.0,0.0,-0.007101956730453781,0.0,0.002085574473799072
2015-06-04,0.0,0.0,-0.000261810246278419,0.0,-0.0031341645250098143
2015-06-05,0.0,0.0,-0.0010240941389426466,0.0,-0.005859027573030371
2015-06-08,0.0,0.0,-0.0017398388530920558,0.0,0.00765260480272574
2015-06-09,0.0,0.0,0.002826147284858307,0.0,-0.0016139429037563132
2015-06-10,0.0,0.0,-0.004558899307078916,0.0,0.000299730766675433
2015-06-11,0.0,0.0,-0.001572919635425217,0.0,-0.0013441140299716389
2015-06-12,0.0,0.0,-0.0025746140010300244,0.0,0.005881474459638565
2015-06-15,0.0,0.0,0.0008513663822239783,0.0,-0.0074692157155487205
2015-06-16,0.0,0.0,0.0012579160258752425,0.0,0.00039626583993709625
2015-06-17,0.0,0.0,0.006171639626212893,0.0,-1.7083923629693763e-05
2015-06-18,0.0,0.0,-0.004880254450921067,0.0,0.0014093077197324666
2015-06-19,0.0,0.0,-0.0035557754537428455,0.0,0.0015307904393330046
2015-06-22,0.0,0.0,-0.007156154930861529,0.0,8.473494516058905e-05
2015-06-23,0.0,0.0,-0.005228195012068464,0.0,-0.0042634192941950885
2015-06-24,0.0,0.0,0.00023743661840219376,0.0,0.003078869294149745
2015-06-25,0.0,0.0,-2.0076743294812096e-05,0.0,-0.005718882821289694
2015-06-26,0.0,0.0,-0.007482098263141402,0.0,0.011428015961614232
2015-06-29,0.0,0.0,0.0026601271000686565,0.0,0.009144904438453082
2015-06-30,0.0,0.0,6.73154386640791e-05,0.0,-0.003489202008272094
2015-07-01,0.0,0.0,-0.0008489118790876177,0.0,-0.0004707892678780922
2015-07-02,0.0,0.0,0.00942196074555196,0.0,-0.00468957477009435
2015-07-06,-0.0008292271259188254,0.0,-0.005117605403127649,0.0020952918967531396,0.002968587863445894
2015-07-07,-0.009789217748656293,0.0,-0.005468891587495285,-0.006500032279555235,0.013231773237453167
2015-07-08,-0.006229786708821045,0.0,-0.0021351830927249967,-0.006326099467130461,0.005977748521996068
2015-07-09,0.003447222989169088,0.0,-0.006152550002113821,0.005341282829482353,0.00186789410810858
2015-07-10,0.00645766107776905,0.0,-0.00035358758362949785,0.006358948894697111,-0.006983088085327185
2015-07-13,0.0027245480445372934,0.0,0.0006308735122739998,0.005559997384693202,-0.0009591451689183687
2015-07-14,0.005738038966475758,0.0,0.002677770266386094,0.004394697189170987,-0.004620325603246676
2015-07-15,-0.0012497793112625352,0.0,-0.0017286073287084195,0.0004946919582574159,0.0005151927669865132
2015-07-16,0.0021557459903571267,0.0,0.010316646451356628,0.005765430410131399,-0.009418418403385708
2015-07-17,0.0057833787858748145,0.0,-0.0004311144156601385,0.013116924475221645,-0.01187388021298192
2015-07-20,0.009321225483280376,0.0,-0.0038892116384831896,0.011038923038446538,-0.005783327194012539
2015-07-21,-0.0040152924425033995,0.0,-0.006823573410428845,-0.002992227365877706,0.0038045375331438426
2015-07-22,0.0034699638403013627,0.0,-0.009941241412945466,0.011685462706864963,0.009535863537522856
2015-07-23,0.0017959930040346963,0.0,0.0043417421511293165,0.0006021697342994993,-0.001528092258355043
2015-07-24,0.0065642528742267895,0.0,0.001794395349888833,0.010699797768212194,0.0006331298625310965
2015-07-27,-0.010193003640437837,0.0,-0.002807623537341074,-0.008736574586967756,0.00360901620742002
2015-07-28,-0.00141914873890708,0.0,-0.004242558338423233,-0.006508636121745726,-0.012106208110447693
2015-07-29,-0.0020403119327808234,0.0,-0.002463430252280306,-0.0003327817462655015,0.003592668330619048
2015-07-30,0.00271251219760709,0.0,0.0010450884816771335,0.005424265330425842,0.00010402542329799496
2015-07-31,0.004707398027837777,0.0,-0.0041286905530722,0.0031211654564780493,0.002926059149822857
2015-08-03,0.0007174182566983107,0.0,0.00446745432546544,0.0053040589279623185,0.00496226524275512
2015-08-04,0.004596001509043613,0.0,-0.003041950562319243,0.00731526819206447,0.004190116300024197
2015-08-05,0.0031378884397795666,0.0,-0.002238724990747028,0.0028041198823052483,-0.004878838021309558
2015-08-06,-0.015920246182913465,0.0,0.0009951027859347178,-0.007984765820788985,0.015909206896249337
2015-08-07,-0.0013393987546787107,0.0,0.0012526339097385078,0.005551129582673088,-0.005471740314535115
2015-08-10,-0.006182550267643187,0.0,0.005399023101290536,-0.00797003191228656,-0.004340418991762044
2015-08-11,0.0007376519256392117,0.0,0.0015503312295408033,0.008053850460662641,0.004033031726241554
2015-08-12,-0.008757830119439734,0.0,0.004565728185003103,-0.009420101684225026,-0.004192476598822801
2015-08-13,0.0050466238483024735,0.0,0.0007366393157150024,0.0072138080024229095,0.0026947241680034288
2015-08-14,-0.00015854094604322378,0.0,-0.0034794067123881537,0.004891083989339761,-0.0011513119345653816
2015-08-17,0.012065227838560339,0.0,0.00231548601999885,0.0072498143549477746,-0.00948241534969091
2015-08-18,0.007202305406824728,0.0,-0.00718390745706839,0.01178337576618452,0.0027440084447064904
2015-08-19,0.00739009046854221,0.0,-0.0015616997823305915,0.008781019477730787,0.0017342872378946737
2015-08-20,-0.002900904381844094,0.0,0.00024395689830860462,0.001796688984051234,0.01966298142063936
2015-08-21,-0.002172731577370482,0.0,0.00267108653299393,-0.0024160519591831173,0.009794918162556426
2015-08-24,-0.0103706806503936,0.0,0.004980497054867153,-0.007113650923677904,0.009494635205077422
2015-08-25,0.0068102978694610725,0.0,-0.002695592134314464,0.008662324596753496,-0.007123680412700607
2015-08-26,-0.004189871294330745,0.0,0.0034872016201250022,0.0003550310268030099,-0.017386897504115952
2015-08-27,0.005383603921728448,0.0,0.005074849142129252,0.007643655139554385,-0.019392793984941287
2015-08-28,-0.005684867303832344,0.0,0.0024029411546864455,-0.0042972342426914195,-0.010678640379633376
2015-08-31,-0.007043678140133424,0.0,0.003910620042863799,-0.006397360158741252,0.0007548115031730945
2015-09-01,0.000655855940299481,0.0,-0.0050353962130373665,-0.0028287224521959774,0.014879011209204533
2015-09-02,0.000985184424158552,0.0,0.0004943013935539732,0.0072525448217076165,-0.01304339721128536
2015-09-03,-0.002818796281664719,0.0,0.0007596974349419332,-0.0008768431512417801,0.009209841298410328
2015-09-04,0.0033436839666456455,0.0,-0.0018098628139771502,0.0024884166125819784,0.0002912650855995524
2015-09-08,-0.0031554210314875854,0.0,0.002634599698249692,0.0017574432881694718,-0.011237486960977414
2015-09-09,0.0022301756705308904,0.0,0.0028545935165598633,0.0037708544115517446,-0.0021937858880872914
2015-09-10,0.0007069953409542164,0.0,-0.0008370979668186236,0.004064331977871321,-0.00790189898585171
2015-09-11,0.0018158511052037783,0.0,-0.0010298132512549987,0.007371282009013467,0.001355590335231865
2015-09-14,-0.001746338518136064,0.0,0.002931730797135668,-0.0013136403338111528,-0.00041762726272859805
2015-09-15,-0.000964870916757515,0.0,-0.002022597536480538,0.0009090766728207383,6.605670477986304e-05
2015-09-16,0.00046805360925495157,0.0,-0.001085552487742422,0.0004270017736378185,-0.00024281106829298835
2015-09-17,0.01073901348876032,0.0,-0.006514088016606071,0.012363275192991345,-0.007887184936533998
2015-09-18,0.006389342489996494,0.0,-0.00021792765216649412,0.01232269209175953,-0.0023428569227198076
2015-09-21,0.0012604931653304964,0.0,0.0014364151678088709,0.010066682001238591,0.0026729307572476097
2015-09-22,0.0050965130209660245,0.0,-0.005701684351919669,0.003412264772848273,0.004673793834842307
2015-09-23,0.0012078072738298323,0.0,-0.0001441550465117969,0.0066909946609515466,-2.964145716458815e-05
2015-09-24,-0.005602100484086253,0.0,0.008670180238890966,-0.003350013646887636,0.001511593155267017
2015-09-25,-0.009281835760622479,0.0,0.009048018275284543,0.0008344778151456306,0.007878059561611826
2015-09-28,-0.01547488039871431,0.0,0.0035393000800724994,-0.009511023794231278,0.020179453176257023
2015-09-29,-0.006618263712645114,0.0,-0.006936192743185202,-0.006401284834249807,0.0047876521749603594
2015-09-30,0.007030066009035711,0.0,0.0012130340157708898,0.005964794087516698,-0.01757479958497704
2015-10-01,0.01103577081925992,0.0,-0.013856638973833973,0.007246676658906541,-0.004978971206579496
2015-10-02,-0.004192073221156653,0.0,0.00392632021754208,-0.0002612205804773723,-0.01109017777573975
2015-10-05,-0.005288513766281769,0.0,0.0007026010017381241,-0.0025541099701459694,0.006274975167620097
2015-10-06,-0.006286004894031109,0.0,0.004883817963854334,-0.0006008517428361003,0.007131443132195639
2015-10-07,-0.013534425211812055,0.0,-0.0006181039886916035,-0.007850301479254158,0.00765015340941437
2015-10-08,-0.0034168680490973607,0.0,-0.010080885303141017,-0.0008726410575124553,0.009924971288175651
2015-10-09,0.0025107268632203923,0.0,-0.006111113139092975,0.003943509582891403,-0.002831309486893615
2015-10-12,0.004468647511076286,0.0,-0.0028773620007739214,0.005469506237094835,0.0004556296584760926
2015-10-13,0.009388354181723874,0.0,0.004416906718285116,0.005813018395678845,-0.0017929724139134724
2015-10-14,-0.006634174444931508,0.0,0.006755215616327123,0.003823412219505037,-0.012468213505788577
2015-10-15,0.0067974603481245,0.0,-0.0009808809273011265,0.0015420254210137731,-0.011469264168757203
2015-10-16,0.008986393355170392,0.0,-0.0006701722474441603,0.011663035277644678,-0.004973566803930012
2015-10-19,0.0065867890666111316,0.0,-0.0036661448069697507,0.008241332402135189,0.0026011477858864486
2015-10-20,-0.013481149498716188,0.0,-0.0017313344777239127,-0.007195675844590392,0.018722857920496886
2015-10-21,-0.00411846757162306,0.0,-0.0009697972166915966,-0.002453830158289414,0.009599260384356049
2015-10-22,-0.002243977416738062,0.0,0.0050010301172614124,0.00828206281562743,0.003763242761330818
2015-10-23,0.0003777308222455214,0.0,0.0023357014364730096,-0.001100305586301145,-0.018220796879102608
2015-10-26,0.008848065462291934,0.0,-0.006038566939163937,0.009655494355265502,-0.0011987402496825357
2015-10-27,0.0034210112913620415,0.0,-0.005687166769746722,0.005796034332187198,-0.005708384290968763
2015-10-28,-0.006058974971082164,0.0,0.004467564213202855,-0.005486055035171236,-0.013951671224437648
2015-10-29,-0.002101485920144656,0.0,-0.004210471401155063,0.001030863309386222,0.008985589544623177
2015-10-30,-0.00472040685643045,0.0,0.005374877123993682,-0.0025544636286640105,-0.003751932673674752
2015-11-02,-0.009340431832331979,0.0,-0.003133270598140973,-0.009616613851311953,-0.011862239346851778
2015-11-03,-0.005901240983490245,0.0,-0.001129387453799787,-0.0016556399797428123,0.0017320559726861
2015-11-04,0.0004006157193598169,0.0,0.010507648333669297,-0.006046393513525056,-0.011878785747386208
2015-11-05,0.01792943174537101,0.0,-0.004613382929615687,0.01685561950009963,0.0012591853046823981
2015-11-06,-0.004762679403694101,0.0,0.006419241568464253,0.006926500432457122,-0.01618045734888286
2015-11-09,0.004602494447314575,0.0,-0.002758350758878812,0.002946378565744829,0.004334350730191413
2015-11-10,0.014762046622583501,0.0,-0.013544742852717912,0.015322296886512942,0.011719894326360248
2015-11-11,0.007822851844275173,0.0,-0.0021840544050348567,0.0070663637861227355,0.0008265948988736768
2015-11-12,0.005118434575187012,0.0,0.004001704467218776,0.004733410261664446,0.0021953155016015795
2015-11-13,-0.006771163723868628,0.0,-0.004293025149838033,0.0006959219450794647,0.006831894916914978
2015-11-16,-0.006985949260568801,0.0,0.004243808538720518,-0.00670996347398512,-0.0024397205868025695
2015-11-17,0.0008127592132114009,0.0,-0.00670052221707435,0.0023107791911320566,-0.0009056724619772622
2015-11-18,0.006694548150916916,0.0,0.004454730973446253,0.01039571630852342,-0.004017493617414337
2015-11-19,0.0007564716637945168,0.0,0.006382237992310919,0.003233932569774595,0.008027919334746883
2015-11-20,0.008389574618376862,0.0,-0.004621143490947947,0.01197403098504968,-0.00627914720479442
2015-11-23,0.007089256796063955,0.0,-0.006044800591511481,0.006700142415639111,0.0036871721952300134
2015-11-24,-0.008016241643949975,0.0,0.005329849091243816,-0.006899213988036109,-0.004674887622221971
2015-11-25,8.093065493553755e-06,0.0,-2.4463667152837057e-06,0.0007294700024831699,-0.003026486084860385
2015-11-27,0.0007140165685325348,0.0,0.002333475850477502,0.00023140111559516864,0.0008414152559133858
2015-11-30,-0.0016397994200843492,0.0,0.004921495356546541,-0.0003837082618409317,-0.0006611038540987393
2015-12-01,0.0025487771749497963,0.0,0.002860572431060023,0.006105607703884016,-0.012785097438419107
2015-12-02,0.0035970081975397828,0.0,-0.005069358740057099,0.005217099499606694,-0.0018261718531724013
2015-12-03,-0.0025972696332503854,0.0,0.009317443877561919,0.00353235902007573,0.00506372281846641
2015-12-04,0.007675609279684952,0.0,-0.005800754949450603,0.00832297474568522,0.0013502302759492851
2015-12-07,-0.004501576856739736,0.0,0.007744267077769299,-2.535106840785388e-05,0.010957217384103615
2015-12-08,0.01394243720144071,0.0,-0.005446937451535546,0.01851308284272599,-0.0007447258609318986
2015-12-09,-0.009023214939041142,0.0,0.0005300302579678423,-0.01149996668314007,0.0020724907775504856
2015-12-10,-0.0020068886949604616,0.0,-0.0008823832061238819,-0.0007801889572136796,-0.0043467658091092265
2015-12-11,0.00351100475778739,0.0,-0.0031956042204724783,0.007513116003818654,0.008124896665185165
2015-12-14,0.006175295767221263,0.0,-0.003552356359289098,0.004036935703155629,-0.0035909891963683983
2015-12-15,-0.006427888109476268,0.0,-0.0032118488791583414,-0.006487734321368805,-0.010571664287739209
2015-12-16,-0.001219230103127994,0.0,0.0022828800172418583,-0.0015336890621541442,0.001509999299226187
2015-12-17,0.0077992391497527964,0.0,-0.002701583397895193,0.011278474819078843,0.002424780025376159
2015-12-18,-0.0036386131180973502,0.0,0.0033044610312885983,-0.004487356359405063,-0.0010244668480341446
2015-12-21,-0.002175512512414315,0.0,0.0036051270322344457,0.002222771969840261,-0.004413434306178862
2015-12-22,-0.0010541082573103239,0.0,-0.00406392288514617,0.00034976557580452053,0.003053303311404359
2015-12-23,-0.012265295402597826,0.0,0.004169134530322333,-0.009826969951512278,-0.0005247117268818904
2015-12-24,-0.0004328060920423748,0.0,-0.000633384976347609,-0.0004199061382898937,-0.0002835222472853309
2015-12-28,0.00854739560233683,0.0,-0.000717823669047753,0.00809058747847111,0.0004843393819881623
2015-12-29,-0.0018009435569456937,0.0,0.0033117333927763937,-0.002141788189895485,-0.006441723947943146
2015-12-30,-0.0012438727989091168,0.0,-0.001895494277970703,0.001414678756769502,0.0019724587965088904
2015-12-31,-0.004957227223474046,0.0,-0.0002018389699998211,-0.006413158051854411,0.0010338578854068598
2016-01-04,-0.004968054037811578,0.01006915482833607,-0.0016862686873670742,-0.002854143975749802,0.012118782813243854
2016-01-05,0.004049206077239896,-0.0038430777364273803,-0.0014762461464392878,0.007011040155866137,0.008805803813037805
2016-01-06,0.0018563911600351021,-0.001849512145483713,-0.003855538854396325,0.003815130306247293,0.010817989448194476
2016-01-07,-0.014705329370776433,0.008684736541677878,0.005345430970421498,-0.003671910592286644,0.018518587831080086
2016-01-08,0.0008740706934148839,-0.004173608787626605,-4.913105615167619e-05,0.003447218821624836,0.003961146275383728
2016-01-11,0.01305877007732948,-0.004146156538441587,0.001877859622665276,0.010041443082447154,0.01231073644639542
2016-01-12,-0.0002931989680840623,-0.001580143358480007,-0.0054137107597786276,-0.0035786078778632865,-0.010074349257808743
2016-01-13,-0.004107148110419092,0.00537930538002062,-0.002571290473590896,0.004089332271758651,0.014069712185028428
2016-01-14,-0.013054281529744517,0.008437778363519994,-0.0007300553964732382,-0.011625395813010954,-0.019820173236899632
2016-01-15,-0.010383301275152995,-0.0015909402158182408,-0.005341818196939435,-0.004170924354974008,0.008729888156672645
2016-01-19,0.009148072190198529,-0.011041706228046807,0.001212116137657213,0.014366559182840369,0.010413611830291233
2016-01-20,0.006179115561342824,-0.007340602227449196,-0.002105161014898778,0.001058732410280332,-0.013109992187292377
2016-01-21,0.005381925121672506,-0.0005368347079601184,0.003245854415330796,0.0061738078539259455,0.00517041792519919
2016-01-22,0.00370146397001829,-0.007067532730429916,-0.0029930200616883375,0.0012377815619851046,-0.0069753353474916666
2016-01-25,0.007559535247855246,-0.004780614565002042,0.004708814882254948,0.010109137020265613,0.008618453755179743
2016-01-26,-0.004836741860039653,0.014032987532079644,0.003703640965821436,-0.004609380623356635,-0.0001286160990015585
2016-01-27,0.0030912178965261383,-0.0009571981751336604,0.0011896304803417218,0.00830668752091878,0.01806868308784837
2016-01-28,0.02424576868316806,-0.01290877168121626,0.004972422032775016,0.023814816302189644,0.000250186910248318
2016-01-29,-0.0002843587415161074,-0.0033113174489935587,-0.005528404618953212,-0.005695856803419306,0.0006713072600890609
2016-02-01,-0.0021015919047650336,-0.003869453773445752,0.0022878092609131635,0.0023621044664478676,0.0002699736489542423
2016-02-02,0.0006706369204761906,-0.010753625898739544,-0.00460618496911025,0.01505250996731119,0.02432239662889181
2016-02-03,-0.014261019908804098,0.015819318688770376,0.00118232374756423,-0.011040399102439967,-0.00334951327698109
2016-02-04,-0.013423828275416508,0.01935500995446704,0.007526570858117045,-0.012676254529350311,-0.012241823078676063
2016-02-05,-0.011137032169351625,0.0191093524831419,0.012455147809600366,0.010092453288975229,0.043202492372049386
2016-02-08,-0.003547240368114187,0.007127640743500885,0.005371254163148917,0.016983492293840184,0.029910276480839316
2016-02-09,0.0058689931037463105,-0.007620240883444435,-0.013191710633129225,-4.683604668709535e-06,0.004173118082868173
2016-02-10,0.00712204971954072,-0.012568320893950121,-0.014229892604650365,0.0030004667036778645,-0.0073284195805236475
2016-02-11,0.009075065282147908,0.004041383691332832,0.006904409869170976,0.0011698313672041495,-0.011560274980884456
2016-02-12,-0.007607895225992057,0.010094070780139148,0.0004655303739890121,-0.008021925835302212,-0.007173201358632773
2016-02-16,-0.004416422822275647,-0.0018435265108857797,0.005931499219909327,-0.009019761439632977,-0.014034425884340052
2016-02-17,-0.0042590937586459675,0.0053170107802482346,-0.0012450118968234912,-0.006261535041437711,-0.025365715494309646
2016-02-18,0.005526997088493482,-0.008383429905519353,0.009960014622221534,0.013196045960246955,0.006421854186463042
2016-02-19,-0.0013110494882624256,-0.004321584272643624,-0.0008357532815978256,-0.0014311424586299143,-0.0048066769463411835
2016-02-22,-0.0031949914813586416,0.0020474851096211853,0.007223423595466488,-0.003746266648471927,-0.016268066919279657
2016-02-23,0.006022463683357602,-0.01311679470674667,-0.0027227879109185107,0.006596589173083691,0.01305231996457777
2016-02-24,-0.0025480216214436493,0.005586573357282553,0.005382629892990009,0.001203274730652553,-0.0018226595350080777
2016-02-25,-0.0033626674260022506,0.0013095974765178937,0.0002676688676305182,-0.0034149520159337757,-0.0048881227530907945
2016-02-26,-0.008371219621256098,0.004426526915685616,-0.0007388027591175884,-0.01253856430390399,-0.01379797945866957
2016-02-29,0.00397251201458452,-0.0032057927526578343,0.006765272838359683,0.007794934325783701,0.00863194678989865
2016-03-01,0.0017088820368081799,-0.004892874462257418,-0.004704948900238693,-0.006368595885391997,-0.01810771747960873
2016-03-02,-0.0012306434308136248,0.0028408815681970363,0.0014751284199416466,0.001200620773683373,0.00016310476109377163
2016-03-03,-0.007444240585487673,0.004367090045950882,0.001291490924677627,-0.0047389268284730585,0.0008309865187576704
2016-03-04,-0.003547445938561044,0.004144802397134153,0.009656520730644732,-0.0009999781239174643,-0.001253662432880131
2016-03-07,-0.006523546026800433,0.013792909498917285,0.005825003489584806,0.0037912709962925535,-0.00021117839679307368
2016-03-08,0.013153907522283941,-0.013344351669143788,-0.003281763755015412,0.015625276353828377,0.018388342014116786
2016-03-09,0.002767765482583253,-0.002192492152863378,0.004180440961521741,0.005993994481482325,-0.008129779454832526
2016-03-10,0.00492322365059545,-0.0015402640759932908,-0.00028304648513309506,0.005264204279733762,0.004377009067343861
2016-03-11,-0.013223453880819337,7.594597309130632e-05,0.00010740914413985558,-0.012495732964561884,-0.011092439674113632
2016-03-14,-0.0004926539538920088,-0.005879954929391781,-0.0005866809844886959,-0.0002910290102096687,-0.002073207170878803
2016-03-15,0.007526623673432189,-0.006078351538475609,0.0008436897197470982,0.007396934627209044,0.001631057355689416
2016-03-16,-0.0005043484784486877,-0.004662836651996603,0.004400685228376418,0.0009804344044909508,-0.006282401603902704
2016-03-17,0.0025191036852921875,-0.0023769020718624845,0.00042783485360426213,0.005712379194926533,0.003915390763464097
2016-03-18,-0.01288643150373068,0.008287786422417247,-0.0008067842453077668,-0.007568619346559409,-0.0105799867946451
2016-03-21,0.0013626858971801476,-0.0030503786847717275,0.00264507285116133,-0.0008000049769952771,0.0001677528354113154
2016-03-22,-0.00522827551532024,0.0022712862652483484,0.00073065543631453,-0.002874708756186637,-0.004845286899181932
2016-03-23,0.014449507220271177,-0.009706073019463605,-0.007058667823280177,0.013122150861219721,0.012217172718832872
2016-03-24,0.003746437466491179,-0.007403938421143531,0.004791031891911798,0.006760344163665308,-0.00144334379975842
2016-03-28,0.0009615411903529721,-0.005255071908014602,-0.0011998212984160885,0.0036380981294617254,0.003050159439644713
2016-03-29,0.0032488047297710067,-0.005084959036698303,0.001598826796062455,0.0028617280672281024,-0.002374594775518664
2016-03-30,-0.004076741468819516,0.0036787684343237478,0.0006117164904165997,-0.003940734459245304,-0.003919767247282639
2016-03-31,-0.0011938428536573784,-0.0007812342780673274,-0.0024114570064496708,-0.0009634731161920981,0.0014931961917277296
2016-04-01,-0.0018738314645520334,-0.008917810180395393,-0.0002914306900568403,0.0011847745581155256,-0.0024871860728090823
2016-04-04,-0.0019293617708966435,0.0022657721578535103,0.005178340829996629,-0.0008867349496297864,0.0027685937857043984
2016-04-05,0.0002173869085642325,-0.0067151305804480045,0.002398628288663973,0.0009421853331892521,-0.001135482200987704
2016-04-06,-0.0047224573331103355,0.0007164397983355116,0.0021463866388599234,-0.005763247411890977,-0.009232132839742923
2016-04-07,0.0033612047173147124,-0.0015008689622886193,-0.0033389419420646396,0.0047601854495736475,0.0037789646470737653
2016-04-08,0.0029822358050877957,0.004950394235243567,0.0025140032765403946,0.004884074920797365,0.004278751225903023
2016-04-11,-0.0007571980850747274,0.0028815514739828894,0.002335581983448761,-0.0003060580811910848,-0.0014478726237732937
2016-04-12,-0.001816835027192397,0.005851773566929227,-0.002493751100959698,-0.0019308737305396388,-0.0006467099586673665
2016-04-13,-0.015670446800875877,0.006884012681042714,0.003357410721269995,-0.013117029900678945,-0.01724758485672789
2016-04-14,-0.0008763836793925007,0.0015757622631235122,-0.00014747252552524393,-0.00036132143943049335,-0.00325746241166062
2016-04-15,0.006155435323206695,-0.008991461528277157,-0.0041022353055041524,0.006917749829585174,0.006651410634544766
2016-04-18,-0.002518516342180704,-0.002349684461331881,-0.004761940561108223,-0.0013814170555221696,-0.0011163936948872487
2016-04-19,-0.004779711778577088,0.01353671182244108,-0.008890062478535115,-0.005226437984116416,0.004951568266573431
2016-04-20,-0.00911255321240536,0.003089127057475407,-0.0037255168854482953,-0.007740982117265989,-0.016101454817927213
2016-04-21,-0.011037476907048933,0.002757595491384164,-0.005680162287654906,-0.006059604946816061,-0.012884695715977263
2016-04-22,-0.002162469147624672,0.010405567545686358,0.005053363523836871,0.00502501920503826,0.007749289940411772
2016-04-25,0.00782826916135362,-0.005279185579754016,-0.0027785370937617408,0.005958347754927527,0.005369754542825995
2016-04-26,-0.0028469858775906666,0.0029048664004803016,-0.0010321690284837196,-0.0012665155815054865,-0.0016192479374495493
2016-04-27,0.010169738989575731,-0.0021277630730679783,0.0004435402991918786,0.007963943834226902,0.005528529365986083
2016-04-28,-0.00244071373792476,-0.009974707729007104,-0.012736125036014866,0.007171067052559404,0.002873860151076573
2016-04-29,-0.0006138736794522788,-0.018821087313276627,-0.00535124418197854,0.005481625524832916,-0.0004287284508634761
2016-05-02,-0.001318559115277989,-0.003671416641937879,-0.0016568825048628253,-0.0003299505710103647,-0.00518039894295223
2016-05-03,0.0007989763266857408,-0.0028585172268308532,-0.004808316515365922,0.0017814953194608641,0.012031680524181748
2016-05-04,0.005248242779955063,-0.010867213776640539,-0.0056051298654786735,0.006700266411665748,0.010471435223782919
2016-05-05,-0.0017386958196856893,-0.004340110622387152,-0.004644891155255462,0.0032053621482013702,0.003050396437989566
2016-05-06,0.002253498018219696,-0.007178715023230222,0.001309809078139607,0.004764847384193413,-0.0009473120380537785
2016-05-09,0.0015448564607667338,-0.0050818093991484865,-0.0041210792913515485,0.004299972267752972,0.004281687071074883
2016-05-10,-0.003584325163787209,-0.0022496085149251947,0.0014122179105074233,-0.001689157897242827,-0.005001597305245966
2016-05-11,0.002150307368793897,-0.0017102717870430724,0.008497851620396294,0.005768006632258514,-0.001269621785660184
2016-05-12,0.0011460208984479647,-0.006696005907141453,-0.0018104365294303265,0.006113311428624292,0.007626888499990727
2016-05-13,0.005099713440171059,-0.008912289633083343,0.006263449920887962,0.0034126232332588177,-0.010702451306098967
2016-05-16,0.004248276074077574,0.0008998821504213293,0.004694612586632807,0.001758423423182373,-0.0027811812767015304
2016-05-17,-0.0013631251736924404,0.002674701309517998,-0.001228533586990781,0.001662368818257617,-0.0008553306059059067
2016-05-18,-0.0049024769136133736,0.005390325679378271,0.004176214745452317,-0.005516103154158922,-0.014936443585888724
2016-05-19,0.005429933750683028,-0.0015704083900633479,0.0054546876659038145,0.00570791849373163,-0.0003145213702716214
2016-05-20,-0.00048475149219451286,0.008703569175965448,0.009396692276788916,-0.0026345429813923018,-0.008477772866399539
2016-05-23,0.0002679754760867162,-0.001433955137806251,0.0003464972328591485,0.00181056389383598,0.002823190925475386
2016-05-24,-0.002304897216620099,-0.002149535935347422,0.0019852374393404537,-0.0020619095351121827,-0.0058303507854121205
2016-05-25,-0.002297819732388017,0.011809284602314724,0.0037548858651130098,-0.005218873174370358,-0.005681581251278269
2016-05-26,-0.001979034840836635,-0.0011953022829657087,0.001568582114196788,-0.0019288638548559983,-0.004426600133732296
2016-05-27,-0.0013837479229158647,5.399721763128026e-05,0.00010241234756618468,-0.000940038113845687,-0.0013939126714010213
2016-05-31,-0.0007338222615813543,0.0007768546728102554,0.009168927853528797,0.0015844422244143449,-0.007869305340152184
2016-06-01,0.0007750326748896575,-0.004006698100893149,-0.0065733559429982345,0.0016793404297160755,0.005465360220621949
2016-06-02,0.0017156193703639318,-0.0002770696272824209,-0.005403592352779714,0.0032139047990410877,-0.0012109703398267857
2016-06-03,0.0110890879762298,-0.0018071417648734297,0.004794240226229021,0.012980338529999597,0.003540884580884426
2016-06-06,-0.00144765984166867,0.002334225951040882,-0.001962086324017052,0.0020424746268962327,0.0023843448228042683
2016-06-07,0.0006633578971997041,0.0032791187675066625,0.007150183509876472,0.0036245205071087838,-0.002040662071484903
2016-06-08,0.001936703463150639,-0.004223281988241738,-0.0009125283988607952,0.004065538814775498,0.005380064505861927
2016-06-09,0.005728140875352915,-0.008210121401876457,0.0013258982295325068,0.007758219213191479,0.004125469506325862
2016-06-10,0.0053835801475003815,-0.0030040915715412245,-0.0004974727103298476,0.0056770588074208225,0.007035167870706561
2016-06-13,0.0018804909604684004,-0.003593319252327195,0.0020270241701901602,0.00427764172650112,0.00170094216394136
2016-06-14,0.003631376957039449,-0.0065831226936507925,0.0022470512002800026,0.006460016081852175,0.006618338636016253
2016-06-15,0.0034136881691292638,-0.0011885741643856255,-0.0016462333515205123,0.0031154938404627294,-0.003344203955075595
2016-06-16,0.002938700821952899,-0.0020247715673351,0.0008752027036551691,0.003914174183561285,0.005296189107507096
2016-06-17,0.0044715488222029235,0.00386836432546053,9.795629342191844e-05,0.005565556712671183,0.007094371695100054
2016-06-20,0.0017263813469994768,-0.003247547496542923,-0.004379558387130702,0.0011124899682356786,-0.00104165996856799
2016-06-21,-0.0018625635770074904,-0.002155677392669725,-6.77286670175913e-05,-0.0015911161407743636,-0.0007008604399487972
2016-06-22,0.004274875085208657,-0.003211972059594887,0.00100990514245251,0.006146990670978706,0.007270870783187531
2016-06-23,0.0028851125398362213,0.00145958536454238,0.0029663697576179076,0.0012333475039566517,-0.008070673068468398
2016-06-24,0.003240875759979847,-0.011442111048439035,9.822573128039427e-05,0.009346109989386137,0.01754808021404712
2016-06-27,0.005943067246655087,-0.010621413164120273,0.010293741848615316,0.01348997915396468,0.016494116953126862
2016-06-28,-0.004860341852919494,0.004634240217007719,-0.003693359758311844,-0.0070299857674826095,-0.01080187936774191
2016-06-29,-0.007981033829572062,0.014056022753330726,0.005355344830612351,-0.008851716132000677,-0.012406602107970219
2016-06-30,0.006090483707769601,-0.0048984163180592006,0.007676596251244824,0.011720942310838438,0.007016860547754446
2016-07-01,-0.0047070525388797045,0.00433362884350243,-0.00048242350738129805,-0.00399913724690313,0.0008977119635076535
2016-07-05,0.003039223142341203,-0.01567992072148722,0.0012873715999153499,0.013687845778792907,0.013540026021958269
2016-07-06,-0.00353315788103325,0.0028984305227549075,0.000607817482430756,-0.0011042208491768395,-0.007720077695016694
2016-07-07,-0.0063063557747961435,0.005686114177554576,0.0001089590656665146,-0.007279177277737772,-0.008218026174687462
2016-07-08,0.004045305439760083,-0.0009448225644599507,-0.0013068910887541786,6.814941415026095e-05,-0.010333235301212086
2016-07-11,-0.0029795140298187607,-0.000710696246214667,0.006536888997900985,-0.004014330698107291,-0.008231202560380286
2016-07-12,-0.0031559166836125268,0.005430547907568117,-0.0018195912700384696,-0.004580041400344974,-0.008479920608673398
2016-07-13,0.006846352525157308,-0.0013911527019030401,-5.0883828654407835e-05,0.006311199373010893,0.005862797415710221
2016-07-14,-0.006400183180952118,0.004859193633216088,-0.0007620381140603129,-0.007155620260049568,-0.004838663083430008
2016-07-15,0.003344167520363352,-0.0022963820937497376,0.0001822074536255128,0.0034177790588039905,0.003397980737828106
2016-07-18,-0.004799733689869002,0.0025547459247309587,0.0027246175943029366,-0.006014307064400044,-0.006738023351240541
2016-07-19,0.002508598842662536,-0.004087242837567567,-0.005712587654531958,0.0006336419553771,0.004724137756873586
2016-07-20,-0.002743158861575996,-0.0003703970464458738,0.0029636776824387154,-0.00423519226225155,-0.013979149198696703
2016-07-21,-0.004816932286292605,0.0009636763228526709,-0.0009370172164978874,0.003364787282346033,0.006864888810131004
2016-07-22,-0.001032069821558036,-0.005929613013793409,0.0022046405325308344,0.001133518055519961,-0.005567102862217889
2016-07-25,-0.005186164590225225,0.0016596173307774058,0.0042062662934421275,-0.002851669014179759,-0.0057525281005604695
2016-07-26,0.009138686609678377,-0.0035728716608653924,-0.00029740655348467113,0.007635348320903689,-0.015806585591308205
2016-07-27,-0.0074151427130763805,0.006085161691913785,0.0021629854078793614,-0.0006355602277060288,-0.007329930748643284
2016-07-28,-0.0035579368797128445,0.002642835065802714,-0.0007620408055332077,-0.0006907649283414705,-0.002203538209031699
2016-07-29,9.048524916650206e-05,-0.0010269225363421378,0.005437947342606896,0.0030273767525566962,0.0004337030002877604
2016-08-01,-0.00793448877076791,0.0017941090471927067,0.0018690525685331305,0.0027745694842306744,0.00023332490037342992
2016-08-02,-0.003086380281645584,-0.00013086792820365262,-0.0012861822157780086,-0.005122199255995246,0.004522426582047103
2016-08-03,-0.0026349507110472663,0.001708047878531455,0.0004458825689596059,-0.001861848627743174,-0.003968583939306418
2016-08-04,0.0009282891865039409,-0.002808144233663414,0.004322450545106816,6.47101445510538e-05,-0.0074213496730122265
2016-08-05,-0.004012270385646449,0.00511998498409735,-0.0011073535161632252,0.003383985942639252,-0.01077883343379838
2016-08-08,-0.006364899570548655,-0.001653189498875943,0.0023708182559280294,-0.0009828108575283094,0.003164733905960359
2016-08-09,0.0020300373863156424,-0.0007744969460787258,0.0022786716879284025,-0.0005055465715639237,-0.002416122713138762
2016-08-10,-0.0010623741161909154,-0.0057740964093970235,-0.0031858932578738832,0.0034037438136003636,0.009203289804242298
2016-08-11,0.002705170312588458,-0.00043521427849577913,-0.0012288467743138453,0.0028963413087375184,-0.001907661261359145
2016-08-12,0.0030905324530504583,-0.006319798313665028,0.005253093435085569,0.0027289524758789107,-0.0021763122146973503
2016-08-15,-0.0034517171772118996,0.003685783178415319,0.005207613658271349,0.0009195333879531691,-0.0030707228669618137
2016-08-16,-0.002324393602428862,0.0009058922102035969,0.0013683453560205429,-0.0005757149515920254,-0.0002938280079621434
2016-08-17,-0.004516265706550882,-0.00014753831523274053,-6.513887668664002e-05,-7.280055569831596e-05,0.00705579613317627
2016-08-18,0.002115958094592498,-0.005629827042532035,0.002289391774128704,0.003258051581211101,-0.004500154920095228
2016-08-19,0.0025850778616781423,0.0038354152612930232,-0.0020317578764536054,0.0017795783202523845,-0.00639420400097538
2016-08-22,0.0009638529250578029,-0.0020443478109951037,-0.001280658559747692,3.2187557011061226e-05,-0.002585643747282005
2016-08-23,0.0023203243412110333,-0.0027307215587081307,-0.002675942808778622,0.0014570548178828894,-0.005257754153261656
2016-08-24,-0.0069900694313148075,-0.002315568642906744,0.002184430047122151,-0.002170436673225044,0.004173532118124667
2016-08-25,0.0018613097963004603,-0.004399462379246171,-0.002712509464844192,0.0015603768690355966,-0.003878899702202856
2016-08-26,0.006462986474030268,-0.0010505806925872503,-0.0011775803417854915,0.006336497446651273,-0.004478037340019121
2016-08-29,-0.0018854284443896169,-0.003986883165265139,5.5896439350583416e-05,0.0033870647946374092,0.0029683247441864872
2016-08-30,-0.005187162900180372,-0.0006555750427030905,-0.001384321572241072,0.0018897556617611232,-0.0013401506331708825
2016-08-31,-0.0009467742323452061,-0.0007731547012724755,0.0009192361802369056,-0.0016550442231458929,0.002219082718770243
2016-09-01,-0.002780993668312138,-0.010363693243326477,0.007760109935398472,0.012758812324211392,0.0020253495453765383
2016-09-02,-0.004238521319637547,-0.002603952483005525,-0.002636945787119562,0.001963940529916149,0.007310262329101069
2016-09-06,8.841765349380543e-06,-0.0038947365953078267,0.003785993205579378,0.003138607969775462,-0.0024478775236732274
2016-09-07,-0.0007541778276711365,0.0014761762789017576,-0.0009539029269132826,0.0020910267670803924,-0.00026793891447207414
2016-09-08,0.005538591451920323,-0.004816248234326387,-4.6779936074711065e-05,0.006017028900970437,0.001312189817525693
2016-09-09,-0.002633701175722071,0.011407271880095604,-0.006186195032988055,-0.0009376658743691334,0.008288430133336168
2016-09-12,0.00022642206420725626,-0.0065649771392992835,0.0017878505276096683,0.004041907422348799,-0.002179216152999857
2016-09-13,5.920089340892207e-05,0.002208730985315932,0.0015704220061507294,-0.0009275520562376342,-0.001550581207828236
2016-09-14,0.0014133552628908515,-0.001434167525208666,0.001866262808137069,0.0021015161482564556,-0.007421305771555293
2016-09-15,0.00281592406854053,-0.006378352982315797,0.006065141496084569,0.005558174716810197,-0.008099861827493763
2016-09-16,0.007910342244651074,-0.006141806807371756,0.0006454852946041181,0.010919760721786066,-0.002527599158240941
2016-09-19,-0.0002968166463039268,2.065865068578206e-05,-0.00029380445156186054,-0.0006933624609414841,-0.0013895653798637613
2016-09-20,-0.0019835090072456837,0.0031859903003697084,-0.005457218279092601,0.0013096430747726062,0.004251514739993845
2016-09-21,0.006970316964955498,-0.00888438109333485,-0.002946568667123164,0.006537456897997992,-0.006004768813954441
2016-09-22,-0.0008738701448154432,8.617334923196902e-05,-0.0025228934337731337,0.0010540680203604009,0.00243710161646242
2016-09-23,-0.0022734290531305355,-0.0003075626446326727,0.0007552204281844003,0.0014544645926899925,0.005308226908235201
2016-09-26,-0.001460166653562068,-0.0028457738198943983,-0.0021729252339386202,-0.0017500089482408113,-0.0017012266806501093
2016-09-27,0.007495284764042432,-0.009074934659093165,0.003765333061589708,0.008790952115357499,-0.004645284726395736
2016-09-28,0.006709524126144968,-0.005383436222755073,0.0017953162260880265,0.007819156134131143,-0.005631491666484216
2016-09-29,0.00830588053190907,-0.01416271584010074,-0.0015676540505171702,0.007896628915846022,-0.008616613313360553
2016-09-30,0.001343479773354991,0.0011563101839946188,-0.0026760362774066104,0.0042720074870198875,-0.002098387362203925
2016-10-03,-0.003329505103195129,0.004619596226191443,0.0020697398525458383,-0.0023475114483301335,-0.0016164348073906083
2016-10-04,-0.0014298212491384932,0.005248156761610447,-4.970614055477447e-06,0.0002913186087675334,0.000814105273342271
2016-10-05,0.013795316527553593,-0.00692607551471194,0.005080077050246186,0.011510086205753577,0.0010706843525401634
2016-10-06,-0.0005382965505540505,-0.0018935375006661863,-0.007641088341350282,0.0002450701634366613,0.000641157770116354
2016-10-07,0.0057127644528152995,-0.0065528510056019965,0.004930315186330987,0.006592159732140105,0.0007672208499547397
2016-10-10,-0.002142699000509561,0.001300064096566166,0.00042162741658968196,0.002172003057150328,-0.003717592073674188
2016-10-11,-0.004540150794933999,0.006602898041083653,-0.00022776750392233293,-0.005295615468534746,0.0007210336008641356
2016-10-12,-0.006467637789800721,-8.400082469565604e-05,-0.0007434009889104611,-0.005064667432219756,-0.002374706504247728
2016-10-13,-0.0022745116399095428,-0.0006959641210755796,-0.0012079928004101207,-0.002968092692755452,0.0010931606809263632
2016-10-14,0.0008028271250146437,-0.0003298968367929675,0.0018404069822129765,0.0009925021761258343,-0.002761002643904162
2016-10-17,0.005077081856799252,-0.0036011988724747833,0.00026221730191018557,0.004613951020878447,0.005037179657273412
2016-10-18,0.0012033704653237574,-0.00407678199497997,0.004813408860763533,0.0025165382556405274,-0.00601585049042725
2016-10-19,-0.00891368846647376,0.003802122513219107,-0.006544519840190463,-0.00608473034425488,0.0071808677216085364
2016-10-20,0.0023889913783525264,-0.007695045269724948,-0.0035714884332672665,0.007614490475785878,-0.0034894766675019426
2016-10-21,0.0005913045299496497,-0.0026719493224053687,-0.003929887095583958,0.0025648915568508898,0.002634847591947624
2016-10-24,0.008824810767584616,-0.009144439010591235,0.005503235012233388,0.00944842475571082,0.00021127123480772607
2016-10-25,0.0013730697861290206,-0.002713401276552215,0.008780691076413102,0.0020508333327365273,-0.0009503014847211432
2016-10-26,-0.0042474589113850065,-0.0011581921413055724,-0.0032337332389175207,-0.0032811104124267163,-0.0005738066632657078
2016-10-27,-0.006432384269606826,0.005055844663262745,-0.0027891968257677097,-0.008142571096551258,-0.0038116072398976667
2016-10-28,-0.005708528425919255,-0.002879188802119778,-0.006889183335164858,0.006665345375144084,0.01835934208250424
2016-10-31,0.007586621649441015,-0.01622962738261172,0.004683135889964335,0.013225473990563147,0.0007073003550597291
2016-11-01,-0.0025138808718634846,0.0014524584257819863,-0.003269136595132312,-0.0034426538277271624,0.000887450185290157
2016-11-02,-0.0009318862619938353,-0.00025246884850710014,-0.0008395393298776519,-0.0013242642244851652,0.0013936888243408652
2016-11-03,-0.004048713848451435,-0.005017750517726367,0.003665192120704961,-0.00035254331785026854,0.004162728019896807
2016-11-04,-0.002399504645129642,0.0066552973508557205,0.0013021430174068836,-0.005607834065570794,-0.005297429470214928
2016-11-07,0.006250630312804099,-0.0024790481538537884,-0.00036570544430736956,0.008204198881434421,-0.008165556603445263
2016-11-08,-0.0015377860244074628,0.001441033514484353,-0.00020105087137444431,-0.00025236937601069275,0.0044569730773334985
2016-11-09,-0.002779530766678476,0.01950479821607584,-0.00239901441345441,0.0034995299355973395,0.0056809819439914006
2016-11-10,-0.013447015445840387,-0.01244313908200915,-0.00920029424683283,0.011743708910043442,-0.0058380533867908365
2016-11-11,0.0028072501349837315,0.0008981472679588111,0.008316726956416545,0.00858990623253475,0.00103249198199401
2016-11-14,-0.0063982664062882996,-0.012899976431566073,-0.0025042859195791856,0.006533658362306951,0.004258109951670162
2016-11-15,0.013085160655935426,-0.0024041527863512425,0.00857241919850616,0.003931922236227607,-0.006405386083200914
2016-11-16,0.004668795838399714,-0.0009419353487273984,0.0018198392166248892,0.0033198011898606626,0.0042692333373526795
2016-11-17,-0.004706145262341215,0.0029109394173198605,-0.0035704220841090333,-0.005375589298635467,-0.009757859632795038
2016-11-18,0.0026040553085988002,-0.007097274452656816,0.0040446783225515735,0.005838653371574808,-0.00019037554949182097
2016-11-21,0.009769859541201326,-0.00865776085370678,-0.0027744888500028445,0.004968364480254528,-0.0002874862885028891
2016-11-22,-0.0019053365134637495,-0.010071898539782421,0.006192675244901819,0.0070142682526820165,0.0024302833299645462
2016-11-23,-0.004774569080509654,-0.004848569378602965,0.002623198131832211,0.0031293709698014174,-0.0016394694680171888
2016-11-25,-0.001966821378681304,0.002186283534096184,0.002703500856795671,-0.003101262417823724,0.0025548672587026888
2016-11-28,0.001336531799097286,-0.006944962866348273,0.0018229628598872291,0.002700674922579336,0.010467192391707254
2016-11-29,-0.00017743421779225441,-0.004940313927334191,-0.004639607154859393,0.004435050801277014,0.0013258030540142002
2016-11-30,-0.004286123644970244,-0.0035304650910468263,-0.0012633027146036133,0.008176113613584288,0.0020536078230709645
2016-12-01,-0.011895248565583343,-0.0037586080768994314,-0.007869745112062627,0.008392964047292811,0.021052032059019125
2016-12-02,0.0032930439810502513,-0.00017493642342910308,-0.0019827734232609343,-0.003387935970074502,-0.0074886384963457515
2016-12-05,0.003025196407344855,0.0073105098270064995,0.0022091434825602385,-0.0029350460101196293,-0.013210491925110202
2016-12-06,0.0015988610491580795,-0.005351836902336718,0.0045041535678685286,0.006327326600731072,-0.0045782060315695304
2016-12-07,0.002568869199344008,-0.005741658157276593,0.005930830341846289,0.010298412335551215,0.002606142470820574
2016-12-08,-0.00036787187032468567,0.003789293584808241,-0.0040611590790843154,0.0042144911680726815,-6.902402600113267e-05
2016-12-09,-0.0029354059337978345,0.0038356381403406936,-0.00127264121239418,-0.005108129757617129,0.0010861575367763637
2016-12-12,-0.007896516700071556,-0.004816831780088061,-0.005725603515124968,-0.006119431805947609,0.01107462589646506
2016-12-13,-0.0004980754876606538,0.0018753400439448526,0.003290651704951566,-0.0012998495429909357,-0.008906451334382979
2016-12-14,0.003115478990141229,0.0024474223005315886,0.003566929269471029,0.003730966573218638,-0.0061615833456638396
2016-12-15,0.008370995260452943,-0.0033062140315058986,0.0010263452728787974,0.0046986027836707425,-0.005629416397174911
2016-12-16,-0.011146700936480177,0.00036980848093778147,0.0024184821904882107,-0.0029999111759915413,-0.0036577248723635367
2016-12-19,0.004975240567942856,-0.0055458212757061994,0.004173786271826762,0.005315019797591082,0.0035963302509378274
2016-12-20,0.004250361323483693,-0.002084701363905775,0.003656534549296127,0.006803160156270526,-0.0047662115198971915
2016-12-21,0.001898208861578432,-0.0014471609652034919,0.002890013902831343,0.001258145769619524,0.0016281632995670493
2016-12-22,-0.0007850211801909146,-0.003836864742599861,0.002106500750703947,0.0010153838732101883,0.00194937849743626
2016-12-23,-0.000653513275097575,0.0016120834800977873,0.0033318364494466486,-0.0009093880293166707,-0.00696172266391015
2016-12-27,0.005538600189828196,-0.003926153841662265,0.006336309776874227,0.00724379379153495,-0.008222780263099848
2016-12-28,-0.00752123951807837,0.0052754573211674085,-0.003688901432566923,-0.006004642681401567,0.006828919365342629
2016-12-29,-0.0027678265638318984,-0.0026093923052899564,0.0004904257694691248,-0.0030944556177573647,0.0014581352713991273
2016-12-30,-0.005306576867984739,0.004699947235681778,-0.002855889171767871,-0.004724397438640699,0.0056649900594944
2017-01-03,-0.0067818464678723505,0.01488621960462484,-0.001391888141575785,-0.00576910781098303,-0.006395230930175309
2017-01-04,-0.005693493091216964,0.008361131216751016,-0.0010290696880807205,-0.0013302666862441545,-0.010973728312660063
2017-01-05,-0.009712282047434996,0.007388809554816911,-0.001228400964419868,-0.005939987888622574,-0.00020168152214137917
2017-01-06,0.00224370172585544,-0.0024505818868574983,-0.0061253960447250075,0.006500039573727634,-0.0074640587584485
2017-01-09,0.00118679098744005,-0.00486572643362547,0.005563433630160865,0.0034864864222917827,-0.011991672150629816
2017-01-10,0.003082868049363735,-0.0036561009041307818,-0.0006094438758940815,0.006736849554958813,-0.003566708384054801
2017-01-11,0.012211797679474699,-0.005705539974370317,-0.002903817888276844,0.00921087340918358,0.005021556021327588
2017-01-12,-0.0027255885209407854,-8.007416267433957e-05,-0.001672263231152743,-0.001981882395168651,-0.002616946631350584
2017-01-13,0.00039008830759397484,-0.0030828022609150213,0.0007346052463617731,0.0055191511699712835,-0.009020354885910768
2017-01-17,-0.01459995697613804,0.012857867135025871,0.002144232356057052,-0.016088559089752118,0.01918742549019968
2017-01-18,0.0036632239211688367,-0.001516369916367419,0.0017727795083822668,0.004715973557000857,-0.0062516892360569044
2017-01-19,0.002812094550556167,-0.007059403281894072,0.0015303914629875457,0.00623783815469193,-0.004950946917068908
2017-01-20,0.004635329192883607,-0.005338567648510983,-0.001209759601876074,0.008347634170896612,0.001959358792562144
2017-01-23,-0.004684652719698148,0.0009676786731329982,0.0030649450338455135,0.0018786151195050009,0.0006868354015875174
2017-01-24,0.01125656871028307,-0.018058823380714465,0.004057967482738668,0.015233725132199259,0.0017266492596751983
2017-01-25,0.005303830667666681,-0.007235209487841253,-0.001848269760213037,0.004970204153217869,-0.01030286000738342
2017-01-26,0.0030763507365414613,-0.010111556410913524,0.0006825936786153038,0.014191287226573717,0.0018981910556557574
2017-01-27,-0.002248247781988561,-0.002480491820557473,0.0006825917448858923,0.003337416702163299,-0.0055561849321636506
2017-01-30,-0.004388786458221618,0.00604223242071527,0.00038259240563788023,-0.004749991933069853,0.004123314567428989
2017-01-31,-0.022208173595169696,0.006840918563041169,8.461852984910573e-05,-0.015630062407645907,-0.004619397884458009
2017-02-01,0.00119085790758848,-0.012349131172391836,0.0027229988777686775,0.01090177566160075,-0.012368038114173075
2017-02-02,-0.007379720957821921,0.002030784074209412,0.0071245313593790455,-0.004669745137064767,0.0015772312628726769
2017-02-03,0.004026539788670142,-0.0020340835625523848,-0.008596114200877891,0.007879416142427077,-0.00191104541404887
2017-02-06,-0.0031500847755457544,-0.0030941246462305493,0.0040295426509121,0.00024775397312830827,-0.006003592283047728
2017-02-07,-0.002974319573819142,0.0011119599986086901,0.0032195336784689352,-0.003881434497199348,0.0003253231702617606
2017-02-08,-0.007159253751478985,0.0035093655461152376,0.0003033075667399805,-0.0030644785157229806,-0.003440699820050678
2017-02-09,-0.002725622065386903,-0.0004260802934848559,-0.005209890888622539,0.0010639744029912936,0.0016773087846027302
2017-02-10,0.00020806988407755147,0.0019366271851718533,-0.005704872651160481,-0.0028212267009065086,0.0029240755227881573
2017-02-13,0.0018738412190274943,-0.004841545996199986,-0.000237336791482615,0.0023459117314291456,4.8042085502002056e-05
2017-02-14,0.0026771064313015095,0.002064742769266148,8.006098653340343e-05,0.001346977311312861,-0.005055097364768548
2017-02-15,-0.0008119121152281271,0.0007702775876198137,-0.0016207612824576598,-4.345400848101023e-05,-0.0023018556191580376
2017-02-16,-0.00506326420779995,0.0043819652987796675,-6.081532216875617e-06,-0.0026969632559602757,0.005848908262552521
2017-02-17,-0.0061865489107453125,0.004670254406261159,0.004482540988707719,-0.0011901942774149832,-0.0028139849519685295
2017-02-21,0.0010085706890672194,-0.004208771427012302,0.007050158289389474,0.0003488091886158281,-0.0017678049440515518
2017-02-22,-0.002885637343140188,0.001506713928168019,0.0005224689155381658,0.0010817852379767787,-0.0022095984455264167
2017-02-23,-0.016399359294755084,0.014407812894351462,-0.010055773844800088,-0.010729135014363013,0.00839435317023133
2017-02-24,-0.004273376468693258,0.0024696684557983196,0.0007241019025215033,-0.0011312640285473297,0.0018851265688315116
2017-02-27,0.004188751713426188,-0.0037273278120191437,-0.003315785774186184,0.00494539568329289,-0.003168273556457723
2017-02-28,0.000928808561386114,-0.00017209286581420765,-0.0021935284529808062,0.001607410879766888,0.0036962197959634533
2017-03-01,0.005492666322354022,-0.006524957004594125,-0.007930087845691275,0.008166223566877961,-0.004930031772908957
2017-03-02,-0.0067349687071869765,0.0043005060440327045,0.0018057628644039926,-0.0052430180537300485,0.005088842383552748
2017-03-03,0.003611002262182364,-0.007635676638147825,-0.00018698194531759104,0.003959773466851427,-0.001664752197071341
2017-03-06,0.0007549871328178474,-0.0021054356178334703,0.00034109709109251835,0.0015044123302489323,0.000984515152951164
2017-03-07,-0.00024153173492960016,-0.0025003667721496424,0.00037020761294472666,0.001332372663713941,0.0028747652741242472
2017-03-08,-0.003198879377101751,-0.00038483136882991277,-0.0006258946083614004,-0.0012379145823102978,-0.000950375697658888
2017-03-09,-0.0018985917400425759,-0.0009547398475487213,0.0017348175621198587,2.603880182388456e-05,-0.0016936385313891507
2017-03-10,-0.0008523893055189784,-0.0030393870142599163,-0.00043420570809964663,-0.0004779836396729756,-7.845910864132284e-05
2017-03-13,0.0050158310384354095,-0.004439852964452836,-0.0019796722730341335,0.005326437566059319,0.001482524145162076
2017-03-14,0.000383552154563918,0.005032609377875111,0.005251214527493046,0.003186643947361364,-0.0014249835581918368
2017-03-15,-0.002033524657187969,-0.0023377167422270508,-0.00280671778006549,-0.000741121102879324,0.00011762776483065229
2017-03-16,0.0005361414819727665,0.004693687899645905,0.005005532776545335,0.003151437998123609,-0.002805153370420959
2017-03-17,0.0036809811816688057,0.0014305699181133313,-0.002221837004542223,0.007952140797049274,0.008280633644510794
2017-03-20,-0.0014539343407782251,-0.0015571914362045743,0.006243890567807969,-0.0017515617706953409,-0.00030228942322261957
2017-03-21,-0.011241679386876244,0.005711719953069733,-0.003562362351201047,-0.006372490400424784,0.014210764039637521
2017-03-22,0.005598579016167079,-0.009815738489848591,0.00207938685023536,0.009313663662032276,0.00015232967538841673
2017-03-23,0.0006382825697334271,0.0010714829704288342,0.002088219084746096,0.0005073965539208018,0.003921457013147392
2017-03-24,0.004553792838388632,-0.004184866703300894,0.0042793073736876975,0.0020819557757053232,-0.0046412272081779405
2017-03-27,0.0004961068783610127,-0.00022869159655577518,0.0012566571224036087,0.002656245530042256,-0.00208453497945592
2017-03-28,0.003004132917986321,-0.0015617285931149643,0.0006203243924864741,0.00023105036334131537,-0.006692352986828453
2017-03-29,-0.0016951004153098735,-0.0002527188229113277,0.0024667920733709085,0.001199401878743685,-0.0007413381354551942
2017-03-30,0.001885959368186143,-0.0025486649039508434,-0.0018646192371933978,0.001471451806831052,-0.0005057472984910303
2017-03-31,-0.004213554389045469,-0.001602569117145793,0.001391203654575276,-0.0015655155992734611,0.00243092326871936
2017-04-03,0.005264739318851838,-0.0017293950332758785,0.007108638020339124,0.005843165682987123,-0.0007888656521842817
2017-04-04,-0.0047375893258367295,0.00029579600940375753,-0.0020388330646277856,0.0008735591133556971,0.0021049622088030514
2017-04-05,-0.004468973817088872,0.0017409596088424658,-0.006438870711334343,-0.0022594985733050813,0.005348533229102453
2017-04-06,0.003633463721598897,-0.0033284033754429907,-0.0003121521308544319,0.00666969045557134,-0.0003075120686085789
2017-04-07,-0.0005734621563123291,0.0012646733457442984,0.0008009464728641184,0.002112199345588664,-4.955274949889168e-05
2017-04-10,-0.0025307203955762187,-0.0003163055079831082,-0.0018867579910944884,0.0013961454010563952,-1.9983150998042847e-06
2017-04-11,-0.0003076432788774496,0.0028976211163125464,-0.0016573343258084296,0.0011462576790251277,0.004069581610049677
2017-04-12,-0.008094345094805725,0.006590962021704757,-0.0010314031582998847,-0.004443752006779038,0.01169298204064842
2017-04-13,0.001700977091040415,-0.004246881604684347,0.0007509887382725036,0.006608869016972231,0.004543586918967486
2017-04-17,0.00552400136548702,-0.00461831820626867,-0.00046729768237282164,0.0005549132480220991,3.167112549514427e-05
2017-04-18,-0.0010259407043075653,-0.0006449566168012948,0.00424246593107261,0.005675410040918812,0.004999983445245023
2017-04-19,-8.480526301307169e-06,-0.0020822597689617284,-0.0006081704901579056,-0.0002805476967883228,-0.0024281117958038934
2017-04-20,0.00552759395160923,-0.003236988211929301,-0.0039458944349980065,0.005544045184992696,-0.0036068994832193658
2017-04-21,0.003972476420414732,-0.006462860355188018,-0.0016669732599630077,0.00767139329708163,0.005688830643644638
2017-04-24,0.00475677931180591,-0.006726322184592414,-0.002268395225778282,0.0028149827105244454,-0.0009525695412464768
2017-04-25,0.006983905699692955,-0.006818597545487425,-0.0026792715760310965,0.006870038364255221,0.0002945668021495469
2017-04-26,-0.008757651632145154,0.00400719768094759,-0.005579794374602697,-0.0012957697360195001,-0.0001740340491870469
2017-04-27,0.0030087502931745534,-0.004909452014767224,0.0009937131695403377,0.003648998510385638,-0.0020777235200012496
2017-04-28,-0.0011361386482174635,-0.0025815284305906855,-0.0008657675988257744,0.0033690891437943753,0.004048534056688001
2017-05-01,0.0035514171657383066,-0.009140238769148991,0.004749075901541035,0.0040018340502486925,-0.0029739656745659403
2017-05-02,-0.004251544289834165,0.0011208651136127036,0.0002576490207206435,0.002323217331156288,0.005133187630833171
2017-05-03,-0.009072021411580398,0.00223702274571504,-0.00044393530762202064,-0.008909149900114571,-0.0017556443349802454
2017-05-04,-0.0028965691473151734,0.005386766175883678,-0.004119191903080181,-0.003277031745480279,0.0046196211320048645
2017-05-05,0.0031832889139028825,-0.004164636529606179,0.007053151667258527,0.004224809213091028,-0.0027514703269442527
2017-05-08,-0.0013937549681826494,-0.001988680955236839,0.0020277471257008953,0.0028055721164904476,0.003631498621045722
2017-05-09,0.0068073619218707035,-0.005609157631660681,0.0011285887595130462,0.007932708671675257,-0.005834006430370271
2017-05-10,-0.002024297742973381,-0.00872824471403544,0.009217995922505225,0.0008921780933719263,-0.006663792145917298
2017-05-11,0.0007362927598157209,-0.005514320138240911,0.0011229528628036378,0.0017642654772420637,-0.0015986301068885572
2017-05-12,0.0036571737672083052,-0.004549445355839801,0.00018150618988772675,0.005356136307394534,-0.0014379129755659656
2017-05-15,-0.003127195466032992,-0.002991141194358498,-0.0006028954153021477,-0.002827879717937309,-0.002234425045950155
2017-05-16,-0.0019297338433911305,-0.008219623655316057,0.0004368232246715121,0.006342609968901052,0.0037176735116327686
2017-05-17,-0.010041328571062968,0.0176657457354832,-0.004069665310425935,-0.002059276875342554,0.0166839017536602
2017-05-18,0.008039743127567996,-0.007434698698939344,0.002798093691811181,0.009333430249993108,-0.006859107560895807
2017-05-19,-0.004559394431537259,-0.000172887638435054,-0.00020968416948383486,-0.002445849143423738,-0.00047217024890322534
2017-05-22,0.0014035097072505479,-0.008539888342706433,0.003863668792115259,0.00432893476466664,0.0017744722102028647
2017-05-23,-0.0034919195874186263,0.0024836663910646076,-0.000975773861941577,-0.005843161779693551,0.0017135805739786408
2017-05-24,0.007575978762573935,-0.0060185539933033235,-0.0011386697684739014,0.009328641601330429,0.0032438684324966804
2017-05-25,0.006637366598300204,-0.004988602394052551,-0.003097887937380455,0.008510374973643998,0.001835531189990314
2017-05-26,0.005514385158554366,-0.007067060328570593,0.0037577754385712653,0.00422619755149726,-0.004253324161621376
2017-05-30,0.0005186847196857118,-0.0028462803420231,0.004862826466847714,0.0032274105249348118,-0.002807185042046908
2017-05-31,0.0006438736774934311,-0.0006073863927677479,0.0007686375151859932,0.0035983178454098786,0.0023043655529873933
2017-06-01,-0.0053282022133560175,0.005190197733240067,-0.002588986236903154,-0.002491534105026747,0.0016844990585631347
2017-06-02,0.010970491447215881,-0.009124189975168302,0.00020150609647010508,0.010981235735082223,-0.0016930973386089787
2017-06-05,0.0032096756157608654,-0.005008816115778008,-0.0008828117997457116,0.004818429161244675,-0.001040992992808794
2017-06-06,-0.001634063195680959,-0.0015080516737061387,0.0018390523239363082,0.0017612489836412925,-0.0019275570950577088
2017-06-07,0.004870013471716785,-0.0038850577034035085,0.0007568079554043593,0.0026466364155817174,-0.007939594171977635
2017-06-08,0.001877669241803243,-0.011738601465978531,0.0074373128703735586,-0.0010306863452528197,-0.016315939814014982
2017-06-09,-0.025832050775496863,0.031152038038571556,-0.006576810184541017,-0.022858095980889066,0.01815824763744562
2017-06-12,-0.01324673350050493,0.010088328978891595,0.003944107421798134,-0.014567841313817487,-0.0017483374123563296
2017-06-13,0.010611479288569299,-0.010449510163173787,-0.0013831225313032693,0.009528956579684717,-0.005459455635599442
2017-06-14,0.0037141608465278936,0.0014948569580328836,-0.0005891676121174861,0.007029852741911948,0.005421565948142638
2017-06-15,-0.0006666160943853711,-0.00032680390727821054,-0.0004833969376152997,0.0021804283981390143,0.007700873083563311
2017-06-16,0.001065995127699937,-0.0020466977535621607,-0.0031681762381917176,0.005841508371390944,0.0064935903404477035
2017-06-19,0.008448707068269303,-0.011864805030629656,0.0044415066404954445,0.0034893860256608204,-0.01016112758498526
2017-06-20,0.006372815164813939,-0.00015123434393665095,-0.0008067180135906933,0.008104162680237214,0.008723934379693179
2017-06-21,0.009340918791352768,-0.007383376180812926,-0.0032286959830074924,0.006172228377180313,-0.003590775886207917
2017-06-22,0.005006944844353894,-0.005557524204674985,0.006543177393273812,0.012340648408134522,0.0002051380492587825
2017-06-23,0.0003816099849886737,-0.001207467616082725,-0.00012893088822005477,0.003202565866080432,0.002070748152201144
2017-06-26,-0.008090508956913243,0.009264384202905837,-0.00051858476886584,-0.004111427395650989,0.002958921368788295
2017-06-27,-0.009231850353567453,0.00982972187201488,-0.007909366228393291,-0.003783621594930886,0.011767035224707035
2017-06-28,0.0016804310748166785,-0.010100440019852434,0.0012663875832285877,-0.0031365412728113617,-0.011574627672569253
2017-06-29,-0.01273735578277129,0.0061471226964189465,-0.0019387075615442447,-0.00699499342421048,0.0028545690862118115
2017-06-30,-0.007201527282666308,0.0060252667756202655,-0.004071107170458646,-0.0031981516735615206,0.00020522587382687768
2017-07-03,-0.018637385504364508,0.011781686715112809,-0.005991766045955081,-0.011453963642678283,0.008394341855908526
2017-07-05,0.008065897334892817,-0.007962908916514147,-0.0020598367076517304,0.010976913950470658,0.0012366340698038438
2017-07-06,0.0022420793388074085,-0.0033220142128182473,-0.0040908854135341755,0.005147979502026739,0.0029732906157025722
2017-07-07,0.007099215660420132,-0.011413222130840981,0.0026496215766421824,0.0066888281768450525,-0.007932908170227404
2017-07-10,0.00968661451415955,-0.013726144068195863,0.0030608831300693597,0.006720503564221135,-0.010611001896388368
2017-07-11,0.00553151609816929,-0.0055233430474729015,0.0012651045285298305,0.0017444291325124754,-0.0028877898208505993
2017-07-12,0.009402198883002984,-0.00844631097529321,-0.0005388825573403311,0.00632464036744557,-0.005580870025416585
2017-07-13,-0.002829509051067992,0.0035378098796863848,1.9520125949605484e-05,-0.004148154759566754,-0.001338725672773488
2017-07-14,0.004291223295727583,-0.002845093239014756,0.003077342662591743,0.003247802984296691,-0.00015410988111435112
2017-07-17,0.0020073444364421835,0.0005234576583431657,-0.0025261505944729245,0.0028960408885129393,0.0020576215707388446
2017-07-18,0.006303863134858823,-0.008013669832391558,0.00047284331063022914,0.005508859408101098,-0.006540307354284034
2017-07-19,0.0005117086606763995,-0.001373875157030325,-0.0004082862063456722,0.0038364257330269535,0.0014797635984035327
2017-07-20,0.005734154565471036,-0.007367954081899476,0.007244199551570225,0.00807976022440312,0.0010512124791761945
2017-07-21,0.003939198312161585,-0.0008795677058108785,0.00024402795210027716,0.005301126668322661,0.003477988538255617
2017-07-24,0.005697848281066562,-0.011261031465408602,0.003863705495719659,0.004261523322418574,-0.004217569605984888
2017-07-25,-0.009714411573086721,0.004031533475663338,0.0024539374494699983,-0.0069517128344814315,-0.0008422973778337065
2017-07-26,0.0012613250604638186,-0.006722201662680397,0.007044697109097391,0.003966513802753853,-0.0027601081985200297
2017-07-27,-0.010211270605852328,0.01323164692863869,-0.003490085966541637,-0.000518102261117828,0.012483555821918561
2017-07-28,-0.003170672978637378,0.005497569217215887,-0.004180859329070515,-0.003209424537017021,-0.004429629643683723
2017-07-31,-0.014531375572269255,0.01448798588004414,-0.002254641826159983,-0.009922211961176727,0.0038349967662919715
2017-08-01,-0.0010679620754487796,-0.002375064763679796,-0.0005044505855270357,-0.002080012050791637,-0.002423497094158817
2017-08-02,0.004007870977557624,-0.009486940977831655,0.0005303467420553955,0.004564303407123307,-0.002422202195802559
2017-08-03,0.007311537299265221,-0.0019255629060663923,0.005932584607401692,0.004313575171379847,0.0009864270336901685
2017-08-04,0.004025489037810211,-0.0055596307976322114,0.0014217029241195781,0.002211800331762546,-0.0027778815013051084
2017-08-07,0.003154403192105925,-0.004759650780064378,0.002652589580548803,0.004659535681188595,-0.006890622159544397
2017-08-08,-0.002892486940124134,-0.0042188365004261034,0.003781988845165563,0.0012791484707893926,-0.0054065986426307675
2017-08-09,0.0010630263961117384,-0.000155416561271442,0.0037505967768730213,0.0021328595926729515,-0.00034623438893324645
2017-08-10,-0.009618945707285352,0.01103137145250671,-0.004285037632477834,1.4688709374837197e-05,0.016301305983818813
2017-08-11,0.0012256543606863671,-0.0005802664999558353,-0.003568462756877268,0.0015095188441364826,-0.0022416848685714533
2017-08-14,0.006234041493286276,-0.010719057054191593,0.009280774206723182,0.000851810365966963,-0.014506001567030496
2017-08-15,0.004310976055279561,-0.005616188117963302,0.001897737362206026,0.006706333438201865,0.0015190632294348409
2017-08-16,0.0018436167914700208,-0.0007603422987877027,-0.006825418641683957,0.004199676302147698,0.00255797025072371
2017-08-17,-0.00023807353108762364,0.002721827387621757,-0.005140621656724784,0.005748392192197482,0.008979899687674861
2017-08-18,0.004875129473097722,-0.006416074748091859,0.0004227683925267364,0.005526525890320196,0.004134685872366116
2017-08-21,-0.0024958867109922326,0.0019450107638616639,-0.005434722722998298,0.004206477655397256,0.008307317652974315
2017-08-22,0.005557498448483808,-0.006535513616753324,-0.0012355764308255041,-0.001000114916389466,-0.00823749488742112
2017-08-23,0.004164377328108065,-0.0043952271248662725,0.007615587753171381,0.0019622866169912755,-0.007066033568001318
2017-08-24,-0.0019395997433316516,0.0018702456539837536,0.000640660512224119,-0.0015942027531797168,0.0013776526763445427
2017-08-25,-0.006229126585440461,0.005466718504562327,-0.004516735801793969,-0.0029153584361144335,0.007609649894153338
2017-08-28,0.0013255692949740718,-0.001958279240311552,-0.00313944374877805,0.0032565661773633387,0.0013027303784982386
2017-08-29,0.00432710070198394,-0.003502373360362358,-0.0022606455544619975,0.004743931805438289,0.0021965702022003772
2017-08-30,0.002525646714221944,-0.006022373543251728,0.0018437303144502501,0.0006954663935150899,-0.009223334946954785
2017-08-31,0.003923696425167378,-0.004939525096660203,-0.0003234651641328117,0.004968400871712185,-0.004664711183373401
2017-09-01,0.0005328916198628417,0.0014228183679363782,0.0014674896817363568,-0.0002592491608071274,-0.00206380660748712
2017-09-05,0.0004506006719888706,-0.00021458915875266493,-0.00425570921510037,0.006201394899138247,0.00989945732717316
2017-09-06,-0.006411101237660161,0.002846798229035087,-0.0034160487121053067,-0.002531489800319192,0.0007836560623740653
2017-09-07,0.009278571063548503,-0.00972311355542755,-0.007698459951935848,0.015615363152969255,0.009662008268810935
2017-09-08,-0.004014105131566649,-0.0013590168306288355,-0.007217510500402941,-0.00044642749379394584,0.0032508364612097163
2017-09-11,0.005323506220129646,-0.009238037702986132,0.0029669323903070317,0.005044268642941031,-0.003691642351692037
2017-09-12,-0.01102323836562138,0.007633060282635951,0.0023626343263017393,-0.008507305146127523,-0.00787948988940801
2017-09-13,-0.0005960920225435602,0.0017845077341892314,0.0014955932181016083,-0.002499301353906198,-0.004146613041433123
2017-09-14,-0.005115321730212263,0.0030953933822847448,0.0023494471526712968,-0.0028688712412364937,0.002509340417055101
2017-09-15,0.0012786529407337946,-0.0029207355604750616,0.009637305160822637,0.0010671452232384124,0.0009538146870006201
2017-09-18,-0.000513072508888246,-0.004311161341971115,0.005880205850016384,-0.0010255685542089788,-0.0006584708798027157
2017-09-19,-0.003828500690359397,-0.0004349117724670433,-0.0002751719542975962,-0.003240324057234922,-0.0008742595050015541
2017-09-20,-0.007802758045833338,0.0038487619744252545,-0.002335784234631195,-0.0029228614222377414,0.0020704021537720804
2017-09-21,-0.008404935799864616,0.0024849452898329724,-0.0033730508565870906,-0.0034341577752724337,0.003513830737191438
2017-09-22,-0.012198164882643966,0.00641537958334768,0.0009638882503796018,-0.0032679858126593506,0.003755880454213362
2017-09-25,-0.021396319246899047,0.018413997395345647,0.0030049458501448766,-0.009602360324867528,0.013844378339785137
2017-09-26,0.0026634527357259716,-0.0037207564899970104,0.002755702462420447,0.0005396168743305202,-0.003016463654395228
2017-09-27,0.0017687825431113796,-0.01113940509325696,-0.0027723725537531366,0.00414425278285682,-0.011181062101356961
2017-09-28,0.006238552629677485,-0.009186629593510067,-0.001214797025428928,0.009500577220453128,0.001487660198781068
2017-09-29,0.003191293189617173,-0.005199574341963411,-0.00039681560984384905,0.001757357307026411,-0.0048672615858738515
2017-10-02,-0.0021121858025974676,0.0005328042896197084,-0.0022409242375825054,0.005118849582001108,0.0005078848585538877
2017-10-03,0.0009032453928537213,-0.001151948581297291,0.0032958905685613613,-0.002893238245486799,-0.0022247379712386065
2017-10-04,0.004958671692047905,-0.0013490069612007486,0.0021637382380712087,0.0029410284511236107,0.000755065880021155
2017-10-05,0.001420313653733346,-0.004502187786562139,-0.002358022306467095,0.0014869808920581883,-0.0031085887082922146
2017-10-06,0.005532495436239541,-0.003838818561294425,0.0031073468879140066,0.0056994143240648425,-0.0008606245286105825
2017-10-09,0.0037862750309931355,-0.0010790809410942145,0.0004237819793220344,0.006769180336867621,0.004616089428054956
2017-10-10,0.003201434353094529,-0.004797142112962061,0.008427428518236394,0.0010485831602293676,-0.003272242109819948
2017-10-11,0.005360564680248098,-0.005190802241761178,-0.0023623209333983176,0.0072546455030740135,-0.0014762945779196789
2017-10-12,0.007672591339515582,-0.005237504390543862,-0.0033098937043750773,0.007949100393616248,0.008103503925824844
2017-10-13,0.003225719390826145,-0.002441276612364598,-0.0019653384738629103,0.005280252105044927,-0.0018775415423102205
2017-10-16,-0.005419719469246342,0.002789063170401048,0.00429084637842699,0.0005913526229781787,0.0028128372859270783
2017-10-17,0.007735151701544354,-0.00637605770852354,-0.004144671198063012,0.007878947158438102,-0.0034381183286738624
2017-10-18,0.005034359975290054,-0.00504336984860047,-0.0006524735009729664,0.004332886424809795,-0.003689885778266717
2017-10-19,0.0001512972485783236,0.0013650163126173488,-0.0027569785298931842,0.0020213328505262517,-0.0009520892594444726
2017-10-20,-0.0058161437379450846,-0.004002661188238889,-0.0036503669723326184,0.005529294628314012,-0.0016199726304563468
2017-10-23,-0.0065415748103596055,0.001962757937393902,0.003317093983685181,0.001395428935412849,0.009136924343959822
2017-10-24,-0.0017785562088335747,-0.0010169180750408927,0.0030183687209973165,-0.0009592036411345934,-0.00012135877446729651
2017-10-25,0.0020861125358159864,0.0019985354071529204,-0.008385699681341627,0.007912753297843201,0.002208064184371987
2017-10-26,-0.006491614369785041,0.001352773130927457,-0.0012177176825884629,-0.0043779974415083,0.0003455810322528182
2017-10-27,-0.0016249178884270381,-0.022326138404992597,0.009515129689740567,0.020089661806417962,-0.01969295532943057
2017-10-30,0.004139027536862254,-0.01148750957905958,0.0025849191752673343,0.005384441071665248,-0.009557603728508253
2017-10-31,0.007229691610040399,-0.0081199157940561,0.0018408993048933272,0.005079745154644466,0.0016322087392983296
2017-11-01,-0.005648842191253486,0.007739838862368177,-0.003627439399400135,-0.00019412033862243726,-0.003894107163565734
2017-11-02,-0.010636161547028388,-0.0010343013152135836,-0.005089614723209973,0.006710986854311012,0.001902461487207518
2017-11-03,-0.0020836595249335826,-0.006944071155926603,0.009995714896636606,0.0018592652012769202,-0.013696452219008956
2017-11-06,0.0003229988016425814,-0.004089535731673019,-0.0010843952919283172,0.008031197825541802,-0.0049945101540000755
2017-11-07,0.0002051368440796706,0.004323084039232471,0.0024833075981912315,0.0007579988488911815,0.0009252009693879329
2017-11-08,-0.004872929751002169,0.0032174959938011116,-0.0034712112356720965,-0.0005756031568219105,-0.002329850449039047
2017-11-09,-0.0004734016225302301,0.005164276813576134,-0.002012221625481035,-0.003927787924931646,0.0010568820214456095
2017-11-10,-0.0009435970552699746,-0.0015853208640584442,0.0034520516206136154,0.002044779524582618,0.003313557791747609
2017-11-13,-0.0004061624212571577,-0.0008800759715121109,0.0019221136878116054,-0.0013110541839071754,-0.0005916408699170525
2017-11-14,0.00042131860745757855,-5.09407009089205e-06,-0.0037655866886224286,0.004465930500078775,0.007579079661241556
2017-11-15,-0.00334567837785941,0.003816706862014247,0.0027968000292206453,-0.005511583448319365,-0.005159212552450188
2017-11-16,0.002531239408869709,-0.005591083301541041,0.0011191510422377763,0.004678486108383936,-0.0020633036423956157
2017-11-17,-0.004158373304911677,0.0005382327339402671,-0.0014950602912856392,-0.003366756284996861,-0.0015375151990117165
2017-11-20,0.003134439826938877,-0.0014899631932983764,-0.0032783415547026264,0.006105201369635518,0.0038063384269431655
2017-11-21,0.0003297378569136391,-0.007389203968026647,-0.004472455489826413,0.0024417549959095007,-0.003956684761449997
2017-11-22,-0.005492896764398462,0.0067621741195930144,0.0056397835988131455,-0.004327732497469613,-0.0032746624468244735
2017-11-24,0.0002680543615795816,-0.007950095835574402,-0.0005603872840359968,0.005320280483631944,-0.0033726024777257666
2017-11-27,-0.003939230742286991,-0.0013861200835250682,-0.002331747306394692,0.0004118810533888075,0.003082099838211877
2017-11-28,-0.0007450109413255955,0.009416811806184502,-0.002610867525564607,0.0007954165218338159,0.0038589836105393633
2017-11-29,-0.01837256173997422,0.030977076511585537,0.0014744472624284855,-0.0038546386215027087,0.018034462338619744
2017-11-30,0.005412761917335987,-0.007633219556415527,-0.007379499819464935,0.005498872517611231,-0.006292489241438862
2017-12-01,-0.007050942133173223,0.008745948991956184,0.0031035201782572868,-0.0015534443897052461,0.0053420122919986875
2017-12-04,-0.027363471435080257,0.035214093443239565,0.01150027904396892,0.005860059675027366,0.019493254115288187
2017-12-05,0.005145117772186725,-0.008104594470494853,-0.0062578535066710374,0.001040891746342789,0.005085599015131943
2017-12-06,0.0041158213782192645,-0.015791194027845776,-0.007073793649165422,-0.001718854390955486,-0.004982087462061838
2017-12-07,0.010075876500072248,-0.006566402662720841,-0.0042351669103656816,0.0064207234846752875,-0.004551860348821675
2017-12-08,0.0012336960086711457,0.00037456490123385076,-0.0011656473187570335,0.006811584313170143,0.0006125620443258764
2017-12-11,-0.0011100628033495728,-0.002922089587905459,0.008542674885431697,-0.0064046692953896155,-0.007587819812953448
2017-12-12,-0.011675505876687264,0.005965995303792942,0.005061005574883907,-0.004133874937445306,-0.003247832917709909
2017-12-13,-0.0006054431552142679,-0.0018303441361899144,-0.008195106275528977,-0.00018616883983712737,0.004988464439518254
2017-12-14,-0.0018314269107308034,-0.0019662668819404225,0.004153888964299349,-0.002922820209298651,0.0008651960001565652
2017-12-15,0.003319975431698501,-0.008697400297549916,-0.0025818799305631496,0.005551695808260757,-0.0071389220980440085
2017-12-18,0.010090742992451482,-0.004430934377183091,0.005460164316782427,0.01083430713170876,-0.009220270820135665
2017-12-19,-0.0009721465054444891,0.002596132654793508,-0.00036816355341063103,0.002674326106576654,0.005906483417360757
2017-12-20,0.00320012839824215,-0.0014694251865685574,0.0036790998520786133,0.006577522573746891,0.0019361513372297997
2017-12-21,-0.0035891798338839142,0.008228193351381433,0.001931236147311975,0.0005949334030571148,0.000631268579548081
2017-12-22,0.002035544857343841,-6.026071380632863e-05,0.00024992511418909613,0.003293601387219441,0.0018791415009995688
2017-12-26,-0.002088000191862196,0.0030617466831917234,-0.0037077591818799618,0.004085988241307627,0.004234875999940415
2017-12-27,0.005101341598539122,-0.0018334923796576208,-0.003785414510685599,0.0033956722893452047,0.002038759417146899
2017-12-28,1.624331928163649e-05,-0.0017309079365650732,0.0014300765377692627,0.00013509957089101379,0.00023008454346477988
2017-12-29,-0.002394248523580768,0.004273447917744999,-0.002663982334347578,-0.0007195475078726858,0.005028528214445702
2018-01-02,0.006176009248758841,-0.011510174886078467,0.0020815923396621146,0.004931366036144025,-0.022265203761227426
2018-01-03,0.008223809754617204,-0.009712224723825357,-0.008473689428599171,0.0023992626177347267,-0.0048048853214863645
2018-01-04,-0.0033280356345172044,0.00049424958473892,-0.0022549170863788,-0.0005479140919774266,0.005490843313398461
2018-01-05,0.0042144252537369255,-0.009112591380909175,-0.005315753727007137,0.004974952310705994,-0.0023887661440319006
2018-01-08,0.00025586801653092054,-0.010341666992410532,0.005535560297596607,0.0005081849421754415,-0.004265487293592788
2018-01-09,-0.004490550286823914,-0.0029727978828480127,-0.009108260408398065,-0.0001932621519289406,0.005191320395639093
2018-01-10,-0.0036002973759629645,0.0016778116999437154,0.0006550842499489784,-0.00011301150150458752,-0.0001410408760794471
2018-01-11,0.00467511318019625,0.0006439441774983637,0.0008232137623210628,0.00443470814505008,-0.008208332331969104
2018-01-12,0.003334636902013812,-0.0070503015077804775,-0.002870756909978453,0.010135554418069109,0.002903931101428565
2018-01-16,-0.0006911795029802554,-0.0016703014916086038,-0.0005707224316426778,0.0027812664163321833,0.0009242130407709848
2018-01-17,0.006158748138176663,-0.008271936715496933,0.0038365048986670983,0.0071037977565643895,-0.0023548755801452576
2018-01-18,0.004164854194253934,-0.006596958806992462,-0.0020205306601634595,0.0030806761329692785,-0.0012708325473019854
2018-01-19,-0.003177149308493235,0.004148772725872784,2.5577657804774778e-05,-0.0032725347874621004,-0.0038268450717326655
2018-01-22,0.007467032052024657,-0.004658447264547068,-0.0014140319166635338,0.005776811680772482,-0.005024399166121618
2018-01-23,0.0007450200979563014,-0.008356472143564496,0.004689531526859178,0.001753388086634093,-0.00845765250949564
2018-01-24,0.000545579008272614,0.005842269203586957,-0.0007230980502905011,0.0037167993384193366,0.00807290054322775
2018-01-25,0.005844645087719274,-0.011100532068508962,-0.007512394564361886,0.014235201838256004,0.012328705145561168
2018-01-26,0.002913085790562285,-0.006067251354138294,0.005628843600560849,0.00032443283654723896,-0.008762162016337482
2018-01-29,0.004938284718567242,-0.00968637637496898,0.0023981747936991527,0.008577770477231957,-0.0013464865885413155
2018-01-30,-0.008348346309130361,0.006997594267102282,0.003644036317171367,-0.0035668386497961935,0.0030249426100998674
2018-01-31,-0.000862591839535712,-0.007915586300394165,0.003509007693953236,0.00379589132652359,-0.005803382242328679
2018-02-01,0.0035604007800720764,-0.0020223738579205584,-0.009780227023941393,0.008399128653638137,0.008894572352492502
2018-02-02,-0.00759816211556893,-0.0044792719325770225,-0.0011352954991107195,0.005010352954642807,0.00024239978157276215
2018-02-05,-0.009648257570157463,0.002343431271470242,-9.737064318490751e-05,-0.001598744523563643,0.006712546532766268
2018-02-06,0.01891030540477985,-0.01788186742172966,-0.007577594982540365,0.016319490600910813,-0.020585576595155915
2018-02-07,-0.0005017383778993466,-0.0031029169238350153,0.010024815368302391,0.0006658574811994689,0.0007991645974667005
2018-02-08,-0.008693345939732908,0.015688989965771186,-0.00019396980162002947,-0.008925983093727892,0.02149060618885094
2018-02-09,0.010316662990870291,-0.014322754251875066,-0.003082928232432903,0.017821422605972075,-0.014964752590087217
2018-02-12,-0.0023206728176329555,-0.004467072263084822,0.0010596014610404873,-0.0008203216453315856,-0.0037701225612933303
2018-02-13,0.0017294946364549276,-0.003573881886953083,0.008534674395085644,0.004215429522729491,-0.0022879459760336285
2018-02-14,0.011941676497087475,-0.014864066454541663,-0.0048267401757364475,0.019703203008462074,-0.018178825632687173
2018-02-15,-0.007122987914183218,-0.007906390698284445,0.010665574286155704,0.0010626702880190304,0.0008036341153068744
2018-02-16,0.0006826393554979367,-0.001842559539920794,-0.0003538537277748354,0.004455619223887689,0.008772030054028455
2018-02-20,0.0105824223265813,-0.013656692165373196,-0.0015231732160319736,0.009724856185899432,-0.014292066850218367
2018-02-21,-0.0010614805234539183,0.0018602664456689212,-0.00940672225953064,-8.85777836844362e-05,-0.0014080579037239385
2018-02-22,-0.0016111037006249062,-0.0011357392098873143,-0.0016728578525241804,-0.0031565582793851507,0.0013394803884142804
2018-02-23,0.001516998256921056,-0.003820230870873461,-0.00036120625788433475,0.003392374638832336,-0.007550894507499198
2018-02-26,0.006729148803119051,0.0007763588609352792,2.265991015656249e-05,0.008821468805413653,-0.008926288170606018
2018-02-27,0.006465948096608776,-0.008438491114642201,0.0020992474090950133,0.01003748576580718,0.0035798315971006973
2018-02-28,0.0015671030921381515,-0.005791798352731411,4.111995202151289e-05,0.00612087235853654,0.0020719370481305996
2018-03-01,-0.01114051583501123,0.01406809096196449,0.0021859107322146076,-0.01070147285870647,0.005347582393214244
2018-03-02,-0.004488880994247994,-0.006171618931403746,0.006118333571903363,0.0018623274254366768,-0.0066953532899865385
2018-03-05,0.002649134263905416,-0.004638844989560364,-0.0070942306603015886,0.0049696975534925265,0.006402516210015918
2018-03-06,0.0004364269864213955,-0.002620543736132254,0.0005063724232579827,0.0011625125103201697,-0.004906128004413052
2018-03-07,0.0047230471377408805,-0.010464572433866842,-0.005953573481231406,0.010424336753376433,0.0017089532142900968
2018-03-08,-0.005788407390271055,0.003898618832836491,0.0032479613535085147,-0.0038043632818122184,0.004043429949617166
2018-03-09,0.013211864715802882,-0.009521549347851509,-0.006343631291628904,0.014303399480142228,-0.007954275079479371
2018-03-12,-0.006012573814544831,-0.008050773412352143,0.009544965539070801,-0.00254678594783388,-0.008737942853951417
2018-03-13,-0.007221643786035659,-0.0007113484241115615,-0.0020841009913510865,-0.004308844580520595,0.010814306067056814
2018-03-14,0.005145379341706616,-0.004793138754736661,-0.0015804936692875686,0.005822625881034172,-0.0018460916073131418
2018-03-15,-0.002670669910997826,0.003352708894041589,-0.004137393156863002,-0.0006120283145628319,0.0049766586631659546
2018-03-16,0.002697564476689082,-0.0005461354695666997,-0.004837243771039398,0.005563295407876817,0.009178439268972004
2018-03-19,0.004151185586109905,-0.003128114992978744,-0.0015804908396599357,0.008439671667304124,0.011319774011822489
2018-03-20,0.015183676135965954,-0.01918368101553476,-0.010422825555645238,0.019021270770625983,-0.00024097936201645078
2018-03-21,-0.008906492305713571,0.0020833772203087946,0.006429274138527952,-0.006637745975183319,-0.006894887451595692
2018-03-22,-0.016180423688753942,0.010414695759193921,0.008633432530928756,-0.010677603385290037,0.012695704727479662
2018-03-23,-0.004744021304609897,0.0054324708943133924,0.002710788960765556,-0.002625161513756573,0.006816038714375064
2018-03-26,0.019788964997351187,-0.017514503853942636,-0.0020159041093009457,0.024523028571678453,-0.010590583873406542
2018-03-27,-0.025195738550579178,0.02271403591499271,0.0018487498172586672,-0.016307838470716082,0.03860478753456084
2018-03-28,-0.011023049803222277,0.009981002843862885,-0.00499651671774203,-0.011845230041753132,0.020879688304338218
2018-03-29,0.015387325360171733,-0.014138457352644174,-0.0006436533192639877,0.013858689109658956,-0.01641694259035885
2018-04-02,-0.011868726770180377,0.0026225835040576753,-0.011547491731239999,-0.005485454611742394,0.01651786523149027
2018-04-03,-0.005959610379406701,0.003942531647318124,0.004269484732189598,-0.00430612980894551,-0.0037577312407932086
2018-04-04,0.0026481357411270567,-7.567806925742535e-05,0.0006866778750974478,0.0015722784589518243,-0.008008580313416837
2018-04-05,-0.006067986450569628,0.007121538907371127,0.0009749288483907621,-0.002190860705264499,-0.0013010234081776593
2018-04-06,-0.009215452439962288,0.010177417296279537,0.0021513054947452717,-0.005837562655797934,0.011999911936152005
2018-04-09,0.004374855850473706,-0.007650267484202066,0.00012791022627674448,0.004444396930646215,-0.0016187900807774027
2018-04-10,0.005649825550411033,-0.011351452919059875,0.0012877955210151143,0.0036071193478620263,-0.019538471260077038
2018-04-11,-4.064440611837878e-05,0.0025202915212721496,-0.0018826086447351602,-0.001273192692606829,-0.0006661142735589986
2018-04-12,0.021763433055507625,-0.015734669538877418,-0.004581683754838537,0.022577615723397552,-0.008870759013967125
2018-04-13,-0.015426152370917537,0.012475038909537658,0.003026538499763753,-0.011334083036619804,0.007338127548014125
2018-04-16,0.007185635992742218,-0.007934482096187481,-0.006449127769453969,0.010255643764946077,0.007554313388073733
2018-04-17,0.02199231011877656,-0.02369037351366472,-0.010093193524924287,0.02010688353731346,-0.01486783113434204
2018-04-18,0.0023042902375129816,-0.007778703401524594,-0.004773273607391932,0.006871217040057867,-0.004627269434000466
2018-04-19,-0.0009865781846016535,-0.0013209558729227171,0.0008600634571784109,0.006741227905214354,0.0031270478191054996
2018-04-20,0.0030946760714744646,-0.00215627254572711,-0.00572844817122513,0.005108861728377198,0.006348572729479744
2018-04-23,-0.005107996939394057,0.005314750420775152,-0.001524429499973355,-1.0825393968518296e-05,0.00972663922453905
2018-04-24,-0.00555390348863812,0.008913993406387391,0.013773807164898776,-0.004054559460585664,0.014798563092627937
2018-04-25,-0.0005557267929901795,0.00498882273004165,-0.002297180303111876,-0.0002861334255264607,0.0010757488797445342
2018-04-26,0.009089691591439946,-0.020503528080824143,-0.010204935814455588,0.013915225041682158,-0.018642898219549925
2018-04-27,0.0064977529718885235,-0.006022084357457862,0.000330966234243221,0.007778510671192835,-0.004777147073200422
2018-04-30,0.0010056962977592924,0.0018078533787678434,-0.003215496562136182,-0.0011653519639563698,0.004497659453727827
2018-05-01,0.008355630680300279,-0.017789936046484947,0.006514393541464047,0.00971757948274427,-0.023147286077321833
2018-05-02,0.0014572630210474002,-0.0014103430426606282,-0.00430366681430977,0.005581179998528357,-0.004155017466138073
2018-05-03,0.011338143537381058,-0.014668907090170196,-0.004078849118086338,0.009938782558020897,-0.0014488343693130389
2018-05-04,-0.006674843772043632,0.005586364486424144,0.00588689386713637,-0.006360915548523499,-0.005860747084045274
2018-05-07,-0.002378271292539501,-0.0017771882789515917,0.005351580420153238,0.002784403856411066,-0.017108722252727596
2018-05-08,0.006709311754106811,-0.009902273459382502,-0.010151814014737588,0.012153905357164197,-0.0049915254098057
2018-05-09,-0.001080331330266587,-0.005846569754868212,-0.003838468418285154,0.0076323591794442095,-0.010020498553460964
2018-05-10,-0.007785911772419621,0.0029244264882788903,0.001028906446319854,-0.005977766134912323,-0.003387579566537676
2018-05-11,-0.0035924555384677917,0.0027797335615151256,-0.004960009313891273,0.003293492787612759,0.010557925187622582
2018-05-14,-0.005903056312769771,0.00042496516931843885,0.0019123058467286963,-0.0009947272017297628,-0.0003659794589098008
2018-05-15,-0.004069530112138977,0.004460760214039527,-4.491260289967228e-06,0.0012669833638612338,0.007467814824895844
2018-05-16,0.0009750076108572692,0.0008268974242345833,-3.2218930029834485e-05,0.0006256581529828264,-0.0031156902932558696
2018-05-17,-0.005373878365372184,0.006251844692640526,-0.003985366103165947,-0.0038297473206936926,0.006018491114794627
2018-05-18,0.004671077293215804,-0.0027473662768086847,-0.011301353617992518,0.005291909184004668,0.003615723280605284
2018-05-21,0.002029300980583441,-0.0012839410384322628,0.0019665248435276816,0.002431443771318869,0.0024209595719313836
2018-05-22,0.0039096296264416975,-0.002944351296931328,-1.3802186754651932e-05,0.003309587040071933,0.0007119081162990674
2018-05-23,-0.0022961138453997786,-0.0032123276687722442,-0.0008535351503742234,0.000110086650331318,-0.007714394326654876
2018-05-24,-0.0003462615352181114,-0.0021918452508473615,-0.002841015051430599,0.0016995554270141636,-0.000363615514208432
2018-05-25,-0.00513584973191351,0.0025193713061207462,0.006600872146827711,-0.0034749902619282042,-0.0023448450088968684
2018-05-29,-0.004327043314046232,-0.0011945350066495369,0.005288111578950648,-0.0025616704272551005,-0.0030905603775048867
2018-05-30,0.004484708346104101,-0.001203244189708878,-0.0025701326545652867,0.0030573331795526668,0.00030533221052643153
2018-05-31,-0.001394969469550686,-0.0024205757026997503,-0.0016342863032729566,0.005286647155857695,-0.006013396601831544
2018-06-01,0.007961163987578772,-0.009882043507576085,0.0005382418218953574,0.010467391647416405,-0.011541608720208063
2018-06-04,0.007896829028104695,-0.006093986157129955,-0.0008096489547243001,0.0031254434229045737,-0.002457839353762925
2018-06-05,0.007538377334617704,-0.007951507689405328,-0.0031288489451734213,0.008015054822546377,-0.005162789313656521
2018-06-06,-0.0034649290470122884,0.008329072512550408,0.005342723276572795,-0.0011270935711865868,-0.006714204449262589
2018-06-07,-0.014427371554765419,0.015353068457876613,-7.408123950604318e-05,-0.016544194732478402,0.01685390053851261
2018-06-08,-0.0053827450181734415,0.005049780893841674,-0.0066045567615893,-0.002979923245286246,0.007269105931252869
2018-06-11,-0.005386117851021996,0.0036963966824726407,-3.8148966333368794e-05,-0.00024082241273869535,-0.0026840046252280354
2018-06-12,0.0005304323953667853,-0.0024398624170311333,0.0010069732997666338,0.0016314727294749532,-0.004348774060228766
2018-06-13,-0.002311602875829988,-0.0005640308346018669,0.0005643172077678632,0.0008081296000099825,-0.0010259805414262319
2018-06-14,-0.002019689005824243,-0.005021427869115993,0.0003295331871127913,0.008509988819269438,-0.015032716711823955
2018-06-15,-0.012519675968771725,0.008221564873994804,0.0029306404036934432,-0.009229025272724066,0.006549627206662216
2018-06-18,0.012177850374921473,-0.009661046464333854,-0.00926159010194662,0.015072180210367598,-0.004631732012919998
2018-06-19,-0.008438646613476932,0.002584532898276248,0.003396004314001737,-0.007967969797639024,0.006313653566938211
2018-06-20,-0.00010197841490540167,-0.0040930565137038515,0.00025173409326990193,0.002569730432199238,-0.010735579758233901
2018-06-21,-0.005505852032425509,0.0017911345601345262,-0.002154085723516907,-0.0023881542022606665,0.012007509903256046
2018-06-22,-0.009167703525655957,0.011929637044022338,0.003151873161165996,-0.01097528247195632,0.013582408524241186
2018-06-25,-0.01575806641644157,0.012521452379829594,0.00658022962135579,-0.008014783910629963,0.019802925357676426
2018-06-26,0.007034021050823337,-0.005129714446073302,-0.004194104234216624,0.010031910713487292,-0.0037725919889881384
2018-06-27,-0.009552038412804055,0.006717121446411152,0.003768348059079672,-0.0029931583977153998,0.011309161608031335
2018-06-28,0.0016359598167694188,-0.005275316494880388,0.0020543121361119186,0.006786439608517863,-0.01095097763950825
2018-06-29,0.004551149280658311,-0.002703435352306872,-0.001955780655294056,0.0017298783264724639,-0.0017052387965059768
2018-07-02,0.006067607874402742,-0.0067582107319257055,-0.0007330022798123902,0.005504629047991399,-0.006671358519123964
2018-07-03,-0.0029150111330782883,0.004397324714732029,-0.0035352637016425013,-0.005264122915532355,0.016546452550732654
2018-07-05,0.0033774501551390116,-0.0021172287506340745,-0.0003570910316916323,-0.0007831969250576692,-0.009114762692580582
2018-07-06,0.003069249573842638,-0.002569056690522372,0.0008862749439542232,0.002922196344197261,-0.0072289612810144946
2018-07-09,0.002546141866586563,-0.0044014862567682625,-0.00549955279227664,0.0028139683944339534,-0.006682889965375569
2018-07-10,-0.002354727630373544,0.0013942184797284306,0.003149591589385134,-0.0018076020058525348,0.0012024731035479947
2018-07-11,0.0026989508556923,-0.004623298103640546,-0.0018371471270327419,0.00967997739952843,0.003277545445564272
2018-07-12,0.009360235137536171,-0.015283631522686546,-0.007655378468663951,0.010129997644953714,-0.002177283029715567
2018-07-13,-0.0028462448593543368,-0.00042195590933081617,-0.004899655022662867,0.007010169504936343,0.004129578229912865
2018-07-16,-0.008231416656725776,0.0011207481589375818,0.006511578189174073,-0.0030688641539005166,-0.002257387097475366
2018-07-17,-0.00017274228230209406,0.004035907732916529,0.0014724674725226216,0.0020392876563448802,-0.0016654918651939979
2018-07-18,0.005757319053088463,-0.00496433499505401,-0.005109705673718619,0.005535996797817421,0.001860002537092326
2018-07-19,0.0016471193215555195,0.0030788745612573827,0.0026383859542341115,0.00130439536588798,0.004338025304303109
2018-07-20,-0.0019489355364581597,-0.0032051375408704516,-0.007504368564235808,0.002141257603302707,0.006252328092799816
2018-07-23,0.00032248627075198645,-0.005467820682243463,-0.003595396157520049,0.0027679564478296456,-0.006838935332405417
2018-07-24,-0.0006597204497791036,0.0037421307386721887,0.0030554815546999176,0.0020406595186883963,0.004590464185663384
2018-07-25,0.006102678259132171,-0.0006563501484227532,-0.005073121555361784,0.005818484363789664,-0.007532808885415115
2018-07-26,-0.012227297670255363,0.005337669183358082,0.007433127030313905,-0.008779310588940728,-0.00046369262736385653
2018-07-27,-0.009062802254841951,0.011132058844815787,-0.0005390385717104988,-0.005420940979065652,0.0077486365990306295
2018-07-30,-0.01786443554367525,0.022010593602300538,0.01583153938356974,-0.015454044435644503,0.0061386016659378375
2018-07-31,-0.0016175764288541559,0.001158312900628176,-0.0033621567739596527,0.0001580419062929472,0.004422726769802675
2018-08-01,0.007068165401907928,-0.010363820892848815,0.0026916733076411516,0.00862654144593024,-0.005374784297476752
2018-08-02,0.006557464068596377,-0.007640650424827377,0.005066723512801173,0.004100511439426134,-0.011681169070384275
2018-08-03,-0.003926962200586304,0.003724934799312061,0.004987742346683963,-0.0030960316528128445,-0.00021560908785268115
2018-08-06,0.003861565200434688,-0.0028994698057706846,-0.0036218990839638966,0.0037891616724757696,-0.0018457552280709173
2018-08-07,0.001729407137014258,-0.0007265726382479952,0.004654443772615644,0.0011807278020861001,-0.008553906727626393
2018-08-08,0.0032453030518068,-0.00800587072156456,-0.0010688907311519479,0.0050775892838944466,0.0009488735383737237
2018-08-09,0.004489779589102866,-0.001801893676988907,0.00011655527179128995,0.004015091286471186,0.0007680095309109377
2018-08-10,-0.0016795764386652364,-0.001155907545019835,-0.0019241943417507797,0.0023976134874728354,0.0068892034053510956
2018-08-13,0.0028119102057790712,-0.0024499419368628293,0.0009050683421568731,0.0024220072969294982,0.0009268808169855688
2018-08-14,0.004214673881514315,-0.008556862564658105,-0.004962369530896437,0.006009096690572091,0.0004604893316413885
2018-08-15,-0.006610746996292025,0.00865020579354402,0.00476785034544853,-0.0034097401943411964,0.013107867778276706
2018-08-16,-0.009339698448253282,0.003494695408144821,0.005772831848803166,-0.0019105239050829746,0.012266138147683165
2018-08-17,0.004874230786734469,-0.0024323581393880696,-0.006448473171549168,0.011810472487253573,0.01611366440982542
2018-08-20,0.0014228313316969367,-0.004437521671221752,-0.005508483318680873,0.00841699783197724,0.003721792058657505
2018-08-21,-0.004359952651992184,-0.0025845160383260158,0.0033462063025219424,-0.007580344371088146,-0.012713935012468756
2018-08-22,0.006374305199498297,-0.010009701950977855,-0.0027916114789766342,0.0067179219486598035,-0.005838326656630611
2018-08-23,0.005352258333040333,-0.007787693057653144,-0.003793130297622747,0.007851761848521108,0.0008165882278440165
2018-08-24,0.006956226699204282,-0.00663299600933232,-0.0007076268226763622,0.0054871790030734035,-0.009682124789610374
2018-08-27,0.0001937086558774807,-0.004934125762120463,-0.004551501103636171,-0.00190456372498199,-0.004667923328447348
2018-08-28,-0.0026970526477593146,-0.006225320257737123,-0.0029217575097250925,0.002258852871318603,-0.0009119351913716178
2018-08-29,0.006044170427329097,-0.007074154707009659,-0.002561689982427442,0.007876524655415445,-0.002673215361122417
2018-08-30,0.004765186003892183,0.0028476150038256134,0.0005387700188036549,0.006324737046730604,0.004950443849536502
2018-08-31,0.0012865083957005511,-0.005906525523362055,0.0012228535318962001,0.003204484863525949,0.0007345420186757596
2018-09-04,0.003727770882233018,-0.009332289971839665,-0.00610762241384139,0.007548442294714532,0.005274030163090515
2018-09-05,-0.010685255493221258,0.01660078076443321,0.00821608140416713,-0.002656286380063659,0.015065542967342017
2018-09-06,0.0038214103484149574,-0.007452359906112811,-0.007868291804216849,0.012840934370756034,0.011997868129887523
2018-09-07,-0.00347458185869889,0.003044645059821797,-0.004062849994690029,0.008691516559905405,0.0022562470237674024
2018-09-10,-0.00848397135297007,0.00488787402758636,0.0034731104345081384,-0.004896348602662185,-0.00941919087194218
2018-09-11,0.017375689207931817,-0.013889073595671958,-0.008939908416423621,0.01645184285297848,0.003539455938219179
2018-09-12,-0.0011693800549213674,0.005901549174175106,-0.0020535212843283837,0.004955353611464804,0.004315476504819304
2018-09-13,-0.0014806361938537183,-0.007958391177876148,0.0014778349032499218,0.005566629086748615,-0.00900935849381913
2018-09-14,-0.002700350517017035,0.0012267906156856853,0.0027232691535637073,-0.0030231875448808133,-0.00852196668152664
2018-09-17,-0.008776411619710083,0.014148131815908406,0.006933348219056773,-0.0060490921695647145,0.010722942035716238
2018-09-18,0.006036368093212394,-0.014895660588037235,-0.007302544949369065,0.013977952748537237,-0.004799536393105108
2018-09-19,-0.012903233530812944,0.010552200852399052,0.0011292146677092697,-0.015141102173824262,-0.002048839698132014
2018-09-20,0.0015426749704629244,0.003550057052706798,0.00029839999625959346,0.0006498999082390784,-0.000809066643714388
2018-09-21,-0.007171355246178566,0.002193093806727533,0.0007815231050530705,-0.0009619381766315231,0.01022971688242064
2018-09-24,0.0074541789799141885,-0.014598612560759757,-0.004276878743159891,0.011495062332403409,-0.006187040608039976
2018-09-25,0.002997889699746321,-0.005947870298092905,-0.0035027806625295968,0.0039832558065334076,-0.0013550205662889265
2018-09-26,0.001270114196481542,0.0011512312779019145,-0.003564960991095616,0.0022868515509167795,-0.00066479594572979
2018-09-27,0.006540772502389387,-0.005630370713230599,-0.0008389036234759568,0.006225978536156516,-0.005216751208681094
2018-09-28,-0.0011962378656536388,-0.011050710478506861,0.0024641499567353165,0.0050353397057369235,0.004504725574430706
2018-10-01,-0.0039939182426908006,0.0007295099746616619,0.004353995042923321,-0.0021415411147147545,-0.0073966500540344
2018-10-02,-0.003839656772606545,0.0019691033622518525,0.007905495711259954,-0.00410048890344831,0.004229024366602102
2018-10-03,0.003173942443774418,-0.0010150583409909199,-0.0029751198059904073,0.0004688711900369814,-0.007510382317361871
2018-10-04,-0.0071356246756199716,0.007887931251669398,0.008575117345882495,-0.0038847703219906365,0.013279441514724637
2018-10-05,-0.00022201315892913208,0.0018845219754491547,-0.0057311251979264635,0.004398778812923093,0.015436656925525757
2018-10-08,-0.008687592300592802,0.014104179103380186,0.00487786517582779,-0.005250156031310133,0.01665115534361639
2018-10-09,-0.004237482149896772,0.001189255178127881,0.009247855847121563,-0.0024668651106884267,-0.00205684019390887
2018-10-10,-0.014027957468580664,0.022547888600632598,0.0030593302390054117,-0.0011729670588169691,0.029765583623476394
2018-10-11,0.006921540156158486,-0.009282219666114,-0.008289032788622447,0.008160487741273155,-0.01083418122369394
2018-10-12,0.024568061962298066,-0.025738051920642956,-0.004934388688531004,0.018443471632455848,-0.020928604584295626
2018-10-15,-0.008794065280807405,0.019203573707448428,0.0073068103664797705,0.0002996719193549494,0.015168195177075634
2018-10-16,0.004604474687656967,-0.012070121843827272,-0.0042684948721713745,0.0025421510932917,-0.018432125097373023
2018-10-17,-0.004058368618722415,0.009388606067763124,0.0074362541542219995,0.0016368190332263265,0.009594144898767188
2018-10-18,-0.005201479232970896,0.006960007826479504,0.0015474658055592665,0.010913735814753337,0.02161221319372364
2018-10-19,-0.004034121190340443,0.006588153270878867,0.0002813975261493698,0.011885170823293833,0.01695561611879893
2018-10-22,0.009173313689837613,-0.018389182219559663,-0.0013222427678173509,0.012385407963301825,-0.008410298079483729
2018-10-23,-0.0125406700341584,0.008644264367906142,0.008556070891199792,0.0033592298541334446,0.001418403746718082
2018-10-24,-0.019749636816279233,0.006452588721557864,0.0067182994799146745,0.022590908400259346,0.04070520222783068
2018-10-25,0.009656514904562659,-0.011106721614302931,-0.005653368219106385,-0.010645804880544413,-0.03838017305977403
2018-10-26,-0.012941302186341293,0.01397737054537239,0.014963252258524509,-0.0008017740746965023,0.007599111189469793
2018-10-29,-0.017971896996453116,0.0013399996076122623,0.009628881448337873,0.020943907441260533,0.026354359833970765
2018-10-30,-0.004623973154400942,0.006775440896323346,0.012796859635811796,-0.004783392105894291,-0.0005121188819515558
2018-10-31,0.018094870791243747,-0.01919232939900361,-0.010327929803486144,-0.0058705143943536785,-0.01737932271473014
2018-11-01,0.006456754896234233,0.0022623810791490197,0.002317627348310131,-0.010661294394205895,-0.01937009248480856
2018-11-02,-0.0052860728015789605,0.0019991302391969236,-0.004811998765537133,0.007183633815738973,0.018606770134007564
2018-11-05,-0.004230772603026789,-0.000975498431233587,-0.00028290577403734113,0.007672024252102784,0.014382051226356487
2018-11-06,-0.0023156658885712094,0.004523483546894238,-0.00284727967535539,-0.0019713285846829514,-0.0010350631412780493
2018-11-07,0.005784039576324736,-0.017794176777439726,-0.0107041281047922,-0.004535643052301686,-0.022799757235922615
2018-11-08,-0.0019086892399591943,-0.009605002190928552,0.0038549056184810884,0.006071769054969924,0.009612484032631336
2018-11-09,0.0042243084944998,0.007228518724858533,0.008062302226504947,0.014389179008989951,0.019131200130935683
2018-11-12,0.0034373558512311962,-0.0051159550925110875,-0.0007886520985152592,0.020971567578638356,0.031169720909522858
2018-11-13,-0.006921910735730259,0.005410045634956896,0.004638166736263916,-0.006931461848545607,-0.007250563811850704
2018-11-14,-0.006359953534223714,0.00544720350109041,-0.0013156673410773343,0.00028388276664136503,-0.000693211103252672
2018-11-15,-0.0004043954069402247,0.0016509711771190427,0.008008716446841608,-0.01084344197484632,-0.0176187396733326
2018-11-16,0.007969555317302243,-0.007751053708001716,-0.0009839642787158364,0.012961290405948196,0.01082285351880911
2018-11-19,0.014503167537991506,-0.0009801394544062952,0.012494009156399515,0.029002215817496683,0.04158259320133748
2018-11-20,-0.013414551982633385,0.006763548193700949,-0.0038979116672808786,-0.008939099898925638,-0.016597606165951344
2018-11-21,-0.004420942620831561,-0.005130657646807605,-0.008042834673412479,-0.008972928471064233,-0.006260423579812121
2018-11-23,0.009915081678512204,-0.005236316869048514,-0.0003505030953445546,0.0119850499635397,0.009216603266669628
2018-11-26,-0.013149934304742521,-0.005364099441785621,-0.001535663434892729,-0.014215178252414706,-0.023947411982849567
2018-11-27,0.006686951770692523,-0.01175339425065339,-0.005349664671563354,0.010009022083788354,0.004853769590003259
2018-11-28,-0.008820775749408455,-0.014407544620396295,-0.014766243433163472,-0.009121077655322957,-0.01770333652254967
2018-11-29,0.004303431355679462,0.002421629370759658,-0.003558231839803176,0.005720166060948474,0.0045127556377068615
2018-11-30,-0.010475955944820939,0.0006985593138031237,0.0013358132640557702,-0.006774490064041017,-0.006474944316296997
2018-12-03,-0.01094953675400453,-0.014010652199879106,0.00011427734762942295,-0.01683300898522693,-0.02335934413189088
2018-12-04,0.0199654291001934,0.004069761016324766,0.001207957712011258,0.02717375701059166,0.025946294960064335
2018-12-06,0.00018067974430951636,-0.009348749125092436,-0.005532940095347722,0.0031091039878971332,-0.011246307078466404
2018-12-07,0.01316467764145728,0.012958397444984053,0.008377835434925124,0.015587866137974332,0.02366128246186385
2018-12-10,-0.0064618956279939455,-0.008287947452719348,0.0038601030703426624,0.0022145451524258498,-0.01906859839390973
2018-12-11,0.004860716751771769,-0.008477597270251505,-0.0018851043856737237,0.007507539618719027,-0.0027751899492206053
2018-12-12,-0.006848618980849518,-0.005142852055052043,-0.004905257977904873,-0.003175066358371027,-0.012860034274315677
2018-12-13,-0.00035043040558419957,-0.002455240943018097,0.000990337172886233,0.007049860803453827,0.0019241749321471059
2018-12-14,0.002508315661727746,0.011554307343353571,0.010089358815875311,7.207578669097409e-05,0.010410070693652157
2018-12-17,0.006284685272526742,0.009945017459252057,0.006812729604012191,0.00029227602380757153,0.00957963322245806
2018-12-18,-0.010993007271522033,-0.005820168694147457,-0.003390065629087844,-0.008415158583982715,-0.01569542534830505
2018-12-19,0.020464604290781858,-0.013242170228918979,-0.003525739082805939,0.019810986030507665,0.017252532231765958
2018-12-20,0.0018634139158083506,0.000591499819414934,0.009462244215267927,0.007237513807925543,0.007052491397734608
2018-12-21,0.00890827832153511,-0.000912706037517693,0.01289530698807605,0.017331626103098664,0.022155452342148798
2018-12-24,-0.005562930342785821,-0.0050419445400473155,-0.011816226957215702,-0.006240426015804046,-0.0050522794800285445
2018-12-26,-0.018807070054639705,-0.003380799357593875,-0.0008996214605803757,-0.007150456116693148,-0.024178151274163246
2018-12-27,0.008158056818608376,-0.008312623260639026,-0.009353751683961686,0.00915322436923175,0.006482339146355499
2018-12-28,-0.003597373662833571,-0.0002757847243200455,0.01092553772650934,0.003667127383789917,-0.0030533873372938737
2018-12-31,0.006001662507556109,-0.00892905987736936,-0.003096039017989458,0.005724148066165779,0.002558306144897029
2019-01-02,-0.010216774074908657,0.008601010728897015,-0.00045841282485034347,-0.01802431266326232,-0.0022566120403777197
2019-01-03,0.014150273155608177,-0.0006033357900383438,0.002899185311563357,0.013592641726170994,0.031469314578930006
2019-01-04,-0.013571808804478263,-0.00011391939384889499,-0.004926244624434958,-0.015132242137239568,-0.023081739820907214
2019-01-07,-0.01351910593583231,-0.004997774445922699,0.0004208608646238277,-0.0013860406260194531,-0.019894105580377623
2019-01-08,0.004125430662061522,-0.008665657521838385,-0.011652394403497827,0.0010279556205528917,-7.690784906933153e-06
2019-01-09,-0.006134301020118624,-0.0045949175318014245,-0.003755808946426302,-0.0034792126384546184,-0.017928820636680994
2019-01-10,-0.0007648444949717235,0.0009676225795354023,-0.0006814909286264334,0.0017686957516461748,-0.0022438458256574673
2019-01-11,0.0027610606920330507,0.0007677079730672523,0.006302021596428638,0.0017740750967171167,0.0021214196699758945
2019-01-14,-0.001678372146627704,0.008458883069418529,0.00040994858199909674,-0.0019759387028200036,0.006966012628162687
2019-01-15,0.0018661460780658133,-0.019719173433129625,-0.0005254852287172179,0.004885098716974567,-0.014304636126296249
2019-01-16,-0.00676086614645456,0.0022835831110980982,-0.0031096977602307714,-0.006648392130054043,-0.0005578883752047857
2019-01-17,-0.0012346971492618961,-0.0017187002278492448,-0.0015965115235669252,0.0009558660873863842,-0.0038132963616894526
2019-01-18,-0.0057177586464281695,0.0011880114091039687,-0.008287359781142822,-0.006470504903892307,0.001510081421061113
2019-01-22,0.015373502078317256,-0.009642221950477106,-0.0028936857387803806,0.014960716698363786,0.017048895470119355
2019-01-23,0.006959060840292911,-0.0055188221841432905,0.00302867498906444,0.011988704664198161,0.01157642816737093
2019-01-24,-0.00893287863755815,-0.0005889329992518118,0.0002755765391600751,-0.0040889205701558975,-0.014661197712790869
2019-01-25,-0.019278402602050437,0.0002120958543496941,-0.007245787120892529,-0.010914109377074013,-0.011476357772891412
2019-01-28,0.004645973961090438,-0.005855623988535357,-0.0030569427181284057,0.009483353934935868,0.015094924630413876
2019-01-29,0.006617346877879775,7.299695303351417e-05,-0.0012495445367339325,0.0059664227848613294,0.012487528467156558
2019-01-30,-0.008499425709149949,-0.007997989969726484,0.0015388529207404234,-0.004040279667234373,-0.023600405543695555
2019-01-31,-0.00683490692241567,-0.0027566088705352505,-0.0008462700808708357,-0.00014786412155602495,-0.005059911485276777
2019-02-01,-0.0007848748869144641,0.006289302385510787,0.000740854491401407,0.0038547545619505054,-0.0014758290238081847
2019-02-04,-0.008752250922299,-0.0016394123677029799,-0.000840956035073382,-0.0039096261768665165,-0.008882003033348627
2019-02-05,-0.006273943308480879,0.004020371845408213,0.001940543399530946,-0.007573412483944272,-0.008494006838110305
2019-02-06,0.0001868746102986845,0.0013904621548441634,0.004757351542626329,0.003590567794979769,-0.0013375126892857777
2019-02-07,0.009302499572877371,-0.0014723029928362247,-0.0012828234255666138,0.010529729268358858,0.013489714554217198
2019-02-08,0.003425208251181892,-0.0028874012083583553,-6.110346343016042e-06,0.007954268886126149,-0.003220771451481197
2019-02-11,0.0027572025183279767,-0.004419197658126567,0.0006943166810887768,0.004278063561850694,-0.0040599544699767166
2019-02-12,-0.003215800410100833,-0.003890672975551372,-0.0019283034290755348,-0.004113049082600986,-0.0033160484624687146
2019-02-13,-0.0017125820667068254,0.0036847014570776087,-0.0005284268583869603,-0.0015174487665940122,0.0033742076932711997
2019-02-14,-0.0016786419469823715,-0.0019290368908092142,-0.0005995664794132814,0.0013516397411282523,-0.003104144856898583
2019-02-15,0.003729645728321987,0.0033795659384285755,-0.0003420737030002761,0.005078223518505598,0.011562287757890788
2019-02-19,-0.0018915448644399439,0.00012921255481921994,0.0017990867918403664,0.00042946797561808567,0.0027531787112167446
2019-02-20,-0.00047782343568572496,9.639022492770061e-05,0.0011832469055023888,0.0008315057304896351,0.0022330534801414063
2019-02-21,0.007991503563866811,-0.0072310264214673885,0.00018637289484122778,0.011522620447527927,0.010266422586960765
2019-02-22,-0.0025538410599524382,0.001730757484734973,-4.7365168453147866e-06,-0.00148368611987391,-0.00607787543802453
2019-02-25,-0.0006534209300801978,-0.0027655188900005314,0.0013008694209265417,0.00041417379196155265,-0.007667957663898655
2019-02-26,0.0004145537698051455,-0.004928318022318634,-0.003426691023911444,0.0034904508870787785,-0.001070195523498407
2019-02-27,-0.0041109068628639904,-0.0033361497185798545,0.0062596166141905794,0.010635009597839515,-0.0034802240731780284
2019-02-28,0.004242449176993455,-0.002378810110177436,0.005516993111636004,0.009165162198230542,0.0032847055412977295
2019-03-01,-0.003856423544110087,-0.003999006126183225,-0.00872164342934004,-0.004161145513800716,0.002003994339560689
2019-03-04,-0.003221482039776332,0.005402315770191915,0.008840991360483965,0.000715231868969139,-0.0012771295185408133
2019-03-05,5.297088102466333e-05,-0.0015494304511804264,-0.0019881987933129362,-0.0015793962215837933,0.0031176685271450113
2019-03-06,-0.0002582696895244837,0.0011481770611332957,0.0002972998025125347,0.00109793355245974,0.007638801790375578
2019-03-07,0.006444458689168991,-0.004827514839717147,0.0009977582936900433,0.00773158392414987,0.005243926998410744
2019-03-08,0.0026411278519832718,-0.0006700956509542277,0.0003934221275410236,0.0001503631477894464,-0.004585027806112791
2019-03-11,-0.008535787894440023,0.005472571652475625,0.0026780765306063173,-0.00834436858881642,-0.014007529108996612
2019-03-12,-0.005017514448868269,-0.0041191422835726715,-0.0037513394379689083,-0.0004486588493649475,0.0002487922799597575
2019-03-13,-0.0020829664606866333,0.0029336894477795476,0.0005550339496336841,-0.0037358936181947928,-0.009020600904237577
2019-03-14,-0.0036485373855853973,-0.002818397827428931,-0.003953148575702789,-0.002942144679687006,0.0017133644861685154
2019-03-15,0.006702665061350785,-0.007325322891425465,0.008254105757183747,0.006223864957792216,-0.003130759011434889
2019-03-18,-0.005124706901817773,-0.003657807782621191,0.0007979223835410895,-0.003473985990097455,0.0031072749957270418
2019-03-19,-0.0020560179043709703,-0.0031876610466034664,0.00023416056695914822,0.00241986915179041,-0.005822793693970673
2019-03-20,0.000633603936961033,-0.002025850008396411,-0.003943785136491615,0.005691369760877476,-0.002652575280346935
2019-03-21,-0.0037334734803835673,-0.003787045317625172,2.6376535187173922e-05,0.0001605117193641016,-0.011894382067696878
2019-03-22,0.016870361702999236,-0.008308169590141204,0.002067861426952639,0.016336008816810167,0.01988387119761755
2019-03-25,0.0007394477683332779,-0.009008435626410264,-0.008156987897793448,0.003900454679322413,0.0045877110455045216
2019-03-26,0.0015032796750772282,0.0038690513596716207,0.006528208697556085,0.000259804354239267,0.0005331672392836946
2019-03-27,0.002372869931084251,0.0019959762287599016,0.0049020554905909695,0.0008439236510449852,0.004429188612228685
2019-03-28,-0.005217604801644916,0.00044945514677457695,-0.008321202106940987,-0.003129069949167638,0.001696339892524085
2019-03-29,-0.002497626465565208,-0.0019255491657345029,-0.005474596473845381,-0.00040285502075588977,-0.003877742198229431
2019-04-01,-0.01627483433346574,0.008669000702893202,-0.0019887001831399437,-0.0108663106959624,-0.008671567027908902
2019-04-02,-0.008784197672687564,0.0015243917609332844,-0.0024632408558645817,-0.003531537833124202,-0.00872332775133166
2019-04-03,-0.009046088357169278,0.0010321842576341464,0.0022853488321748034,-0.0066347781170031424,-0.00927574667720316
2019-04-04,0.0012177618781004556,0.004289809793495612,-0.002713950708346355,0.002446523220670553,0.008037729015443654
2019-04-05,-0.0049162434962871145,0.0012214950509866645,0.0004385726109423977,-0.0019368273215786668,-0.0018447360684283706
2019-04-08,-0.002613152396919767,-0.0014891383649529059,0.00043545162620335686,-0.000876451645525213,-0.0003671343707476486
2019-04-09,0.008764806682728072,-0.0034375597053630117,-0.00010478812827182955,0.008173002609082703,0.005612618743451585
2019-04-10,0.003682157965131859,-0.0066166996379379605,0.0012275280248830408,0.0033877532353478327,-0.0030105010728354456
2019-04-11,0.00010743633961751969,-0.0001589800722388338,0.001745882783392139,0.0025373921639589405,0.006161675930441847
2019-04-12,0.006937705297916086,-0.007362999993030442,0.0005063214856486534,0.013145840987133995,0.004187733417462843
2019-04-15,-0.002255518564487465,0.0004360417022838129,-0.000928330756401783,0.00017864937704480414,0.0027585763945743923
2019-04-16,-0.006592368917342046,0.0036624599086830583,0.0168798173916501,-0.0024404704466478985,-0.0033936038620820965
2019-04-17,-0.008769861972460387,-0.0003097874024315661,0.012563690751958474,0.0065885062219216434,0.0051304440000676625
2019-04-18,0.0005239511960804218,-0.005921368026886106,-0.00638582324972185,0.004378319354148219,0.002784101524341171
2019-04-22,-0.007175844933155666,-0.0012415988453994525,-0.004940043415299989,-0.00456864098295524,-0.005976107971834274
2019-04-23,-0.008929444531436865,-0.0034432537553237864,-0.004862413126646172,-0.003919355074845635,-0.008901974778124645
2019-04-24,0.006028695946703533,-0.008735151912073117,-0.0009998884975875519,0.01018924393337887,0.007218575159459234
2019-04-25,0.0071644553415396136,-0.014240155898177852,-0.014630200907147502,0.007538462159641481,-0.004875979600051859
2019-04-26,0.002452991464831224,-0.020399677650558737,-0.01470892518097355,0.012064809362894637,0.007741699328837795
2019-04-29,-0.006617115118287323,0.0031691839499884368,0.0017155774487611023,-0.005445924074371783,-0.0031194400637531137
2019-04-30,0.011426977636316619,-0.0037573131303595434,-0.0015682633580591304,0.010658368487936012,0.013422827005058008
2019-05-01,-0.004489851309144923,-0.007952253875349202,0.011232036278641002,-0.0006628972938896036,-0.002385861723198145
2019-05-02,0.0010521116683573854,0.003487861511469188,0.0017645646747418758,-0.0018366341587211193,-0.008365604376405742
2019-05-03,-0.00712380527861346,0.0030441114362388094,0.005588475796574351,-0.002321675091456879,-0.010220080307515625
2019-05-06,-0.0038770045071929533,0.0016116155084605786,-0.006416721413181781,-0.0028833173636596265,0.0032162862783486324
2019-05-07,0.003369704314102136,-0.00015070072525305567,-0.0012951506355415345,0.003284044196307706,0.010638238294981662
2019-05-08,-0.000601008534684553,-0.00390323973389062,-0.005800292103511609,0.0011780063952333887,0.0035675201801739203
2019-05-09,-0.0030472579902561057,-0.0052521435751794205,-0.0063526905273708825,0.007281364218770036,0.009451377463736461
2019-05-10,-0.00031248399814987407,-0.008009980297855096,-0.001260946863889111,0.007196368488474449,0.010403925461389477
2019-05-13,-0.004282032651688739,-0.01630976341487894,-0.0013568905113763158,0.005208864843642722,0.026303436938892363
2019-05-14,0.0019335525275922232,-0.0032590974881553294,0.0026632418039978945,0.004275250347577122,-0.010653244889813692
2019-05-15,0.002071556965054488,-0.0028266496202266553,-0.0035457327638323804,0.004912851532365653,0.0005743002307394673
2019-05-16,0.00032146753362107417,-0.006190590579446162,-0.009394014188975577,0.004355490048034802,0.008914414725746618
2019-05-17,-0.00427879103800243,-0.007455003488050696,-0.005372832150772722,0.004454417935501602,0.019469404470598837
2019-05-20,-0.0171459084704301,-0.004706991972087569,-0.017144253966597023,-0.003373301049953101,0.018737892790092147
2019-05-21,0.0022160048758674555,0.009130642616794738,0.004132285888142224,-0.007028135917358242,-0.012439530000268727
2019-05-22,-0.006463101033991574,-0.0152435964326684,-0.015123594032947406,0.01203331128388008,0.01432758352257299
2019-05-23,-0.010152852227128762,-0.004104296510581855,0.0010266812800067276,-0.005205812710142985,0.009606652577084634
2019-05-24,0.0008086989454099067,-0.002779083844391148,-0.007065921954564947,0.004901795173408288,0.004969100163292141
2019-05-28,0.013352028202731969,-0.005698677946165095,-0.007362429153060983,0.013927034447051314,-0.0036751789336296366
2019-05-29,-0.00544477553054841,0.005735355558344814,0.001378805335145756,-0.006205266765647941,-0.001726497053849977
2019-05-30,0.009728525382436914,-0.004611532453496976,-0.006324162729218751,0.01090771514832942,-0.0014422540578192438
2019-05-31,-0.00186999856314639,-0.007770180691361686,-0.0054363544233776775,0.00832442882383548,0.00817333040693844
2019-06-03,-0.016418020292593857,-0.015365792189791843,0.015288178315504724,0.0019328528650555997,0.026426387316077236
2019-06-04,0.011466966223274422,0.01977375073318174,0.005583057340545327,-0.008625805318550325,-0.023933444590144355
2019-06-05,0.0067655496764718465,-0.011378685600935422,-0.007091724409422468,0.015050186072092273,0.003203959165613838
2019-06-06,0.0017760436140921649,0.0021708304478697416,0.007225072545989248,0.0032072138218868984,-0.004268215719569519
2019-06-07,0.011211297772464032,-0.005282981431383964,-0.008311840848708115,0.006623109565911585,-0.005612532615396456
2019-06-10,0.005754480078484175,0.011484512473291512,0.009731242430460751,0.00019852735594238276,-0.011764218875470411
2019-06-11,0.00029504010494919766,-0.0006808307495070908,0.008959644311230424,-0.00017534921290480207,0.00024799332131942285
2019-06-12,-0.0033068624999120708,-0.015852339089279348,-0.009257981336922617,0.008105037161263217,0.017342282551924583
2019-06-13,0.0014996085216720423,0.0070636519268110955,0.00486820705990748,-3.989773649040133e-05,-0.0062448976645869386
2019-06-14,-0.006698466247008541,-0.00776037347730064,-0.00688906919308425,0.006921316155020573,0.0123821327784161
2019-06-17,-0.004371555664671056,0.005261741676830625,0.0010886858492283272,-0.005364315569483207,-0.009313288049851064
2019-06-18,0.0050802528863326014,0.004849778881901392,0.007038021667212301,-0.002365425154998044,-0.015535557368281577
2019-06-19,0.0010526601450784748,-0.006418410819611644,-0.007835921462368273,0.0027230935455992574,-0.003873877906332471
2019-06-20,0.01533642865721932,-0.0019913930043752824,-0.004937455866518061,0.0068752617614479365,0.0019263400373869342
2019-06-21,-0.008927267859354299,0.005553587494357621,0.0018786027477932744,-0.009966015252855216,-0.0017031415976093624
2019-06-24,0.0042470417235445325,-0.01190114792264288,0.004043420262955663,0.009872336611695894,0.0007765599755320467
2019-06-25,-0.0030721798168152747,-0.0054853197273081085,0.0005243232878802094,0.0038370518810877732,0.011992497775744314
2019-06-26,-0.004054128579145115,0.010929670761091023,0.006592654973315178,-0.007101970701915664,-0.0193632985445212
2019-06-27,-0.0029855745274406397,0.004976720640822984,-0.0027307339501866762,-0.006838710721241215,-0.00891740469481858
2019-06-28,-0.0019293917709952537,0.005760878211021026,-0.0031471727438503834,-0.003820478294644153,-0.0024595355821423965
2019-07-01,-0.0006822656371019854,-0.004553333555030569,0.0018898040128473084,-0.0022452047153901826,-0.00883319775506369
2019-07-02,0.007012438110908792,-0.007519253005279742,-0.0026905983445514245,0.006876958546847181,0.006538873892333384
2019-07-03,0.0033319635376346792,0.0024423024283918796,-0.0036669503349361504,0.0046387402166543044,0.0037194753394214153
2019-07-05,0.0018440797302966628,-0.00022324508235249153,0.001945186102872838,0.0016296671856026925,-0.0012619372014347364
2019-07-08,0.0035899142182323294,-0.0027703589811438993,-0.0035545688953302268,0.009137616545253002,0.010238016154314272
2019-07-09,0.0013759233167742091,-0.0017079301498566927,-0.002101155295290811,-0.0012221830563437885,-0.003949721575800478
2019-07-10,0.0012297995638104776,0.0006571038917004548,0.004052466821870467,0.00014396157873125797,-0.0034959474656081407
2019-07-11,0.005495229298938986,0.002908531618377063,-0.005551966656494481,0.007084226549886601,0.0012514228462229653
2019-07-12,-0.004984100162624304,0.004904900423524823,0.0032769921782666335,-0.0009994151107451895,-0.013899215238512445
2019-07-15,-0.003224483590231837,-0.0015926997612275553,0.003469404030715047,-0.002732196468495641,-0.004844504243515102
2019-07-16,0.0023166973871149733,-0.00270594266736055,-0.0032222990118232955,0.003198586171372744,0.003911630701240053
2019-07-17,-0.004871272222812259,-0.005637472144710903,0.004185708198153694,-0.0020825996262047895,0.0003138249983283131
2019-07-18,0.009045862695430583,-0.009829335833584274,-0.003700632296584191,0.009477421596548094,0.0026209152920009422
2019-07-19,-0.004298183202033847,0.005616688567055816,0.0018858529336527128,-0.002839043643229488,-0.006286334044789073
2019-07-22,0.005316236804562056,-0.005204435162055047,0.0007722119262093439,0.006295707438111578,-0.011802082165599557
2019-07-23,-0.005618311532606593,0.0005148315247512003,0.007384196929779602,-0.0030320208255289745,-0.003148320442772159
2019-07-24,-0.007848670671009791,0.004390687842395876,0.006131084764011022,-0.0028936717608785195,-0.01425659887499192
2019-07-25,0.004848804056624422,-0.004398079901944164,-0.007407792067985691,0.010877423141108697,0.009650182041359078
2019-07-26,-0.008407305948335109,0.0038871627485486345,-0.00031897410967325363,0.0005102597788615359,-0.0005697048679107301
2019-07-29,-0.002030668978996171,-0.0046750910870371025,0.004621388852582257,0.0006706900592014032,0.0030422848484511155
2019-07-30,-0.0051591351579827836,0.0029092623053090763,-0.00019001781868957122,-0.0019200873051567378,-0.00013492937862026816
2019-07-31,-0.007729214443429045,0.00911383751035002,-0.004831330324029649,-0.005092167456450962,0.0006469533876588794
2019-08-01,0.009809554875768692,-0.016169712986210998,-0.006879847767468017,0.008631830509766769,0.010040081525221834
2019-08-02,-0.0027840845068873854,0.004581399122483187,0.0020022761144750318,0.0006252029642095595,0.012668173453148848
2019-08-05,-0.003604401468631814,-0.00020413847665250867,0.0037162336827058426,-0.000859438520684281,0.015255330862961717
2019-08-06,0.009195170338284262,-0.006883348138752413,-0.006805743752259629,0.007615792428410928,0.0042184853139777805
2019-08-07,0.004651361171155371,-0.008965244880695477,-0.0003834713552715893,0.009210742990810001,-0.002799341796652582
2019-08-08,0.004483398033636864,0.003425302416231183,-0.0016431067780971961,-0.0003868332798646866,-0.005355408521482476
2019-08-09,-0.004946788640475761,-0.00993915698414215,-0.003989286588904362,0.00453871199621608,0.008837595138076072
2019-08-12,-0.0068178010919762565,-0.0058085620884569845,-0.0008742050434264927,0.0009394267803575721,0.003519064198520612
2019-08-13,0.004428630688403426,0.002128517826353057,0.0029270241454197495,-0.001592338842414484,-0.011834896688669718
2019-08-14,0.0020655002645429167,-0.010309668372530511,0.00074592080556991,0.011580002667158844,0.00997987656281223
2019-08-15,0.010492139444853586,-0.007293701137146089,-0.010096400141121571,0.01855187209014022,0.010166253714936891
2019-08-16,-0.001240914157929542,0.007053444809227868,0.007336425056586625,-0.003898272365438861,-0.011567698971508479
2019-08-19,-0.003013322243106256,0.0077490994642193285,0.01167059973808128,-0.0035642236740703777,-0.009558219422962857
2019-08-20,0.004160555639764214,-0.0022336764706396934,-0.0031416093280176114,0.004095274243987462,-0.0031741836943104717
2019-08-21,0.004276141529633337,-0.0020895010498174754,-0.000861397802259932,0.0019420677134455288,-0.004783048420453471
2019-08-22,-0.0007046634847394807,0.000958179766705012,0.004853777779863307,0.003414528001060165,0.0008836496548678444
2019-08-23,-0.005426934390540435,-0.007309540545837791,-0.00904937178446738,0.0015640381249455923,0.015729198517147647
2019-08-26,0.0035691810515995435,-0.006538514246214265,0.00291131452900943,0.006814833897622753,0.0006943188807149135
2019-08-27,0.012221746376963744,-0.016110549747060332,-0.0033902521391390387,0.014573403088300066,0.013087082590701214
2019-08-28,-0.003175964990842656,0.003467595616200977,-4.8743637146853903e-05,-0.0012826811216904042,-3.882103465828544e-05
2019-08-29,0.0040512605165432414,0.0042359409823988815,-0.005758205475803947,-5.5495534315134695e-05,-0.011873670729089649
2019-08-30,-0.0033724976790502604,0.0026917142175638164,-0.0002446148088356345,-0.002812492160943963,-0.0020891552675556787
2019-09-03,0.00033192296726428615,-0.006689682305092424,0.00682816181035461,0.0005624045847386918,0.01265307531266481
2019-09-04,0.0028318460989234916,-0.002827916534163911,0.005277235060753357,0.006721834187156674,-0.0076545367266454365
2019-09-05,-0.008717512992568571,0.01168369135249227,0.0011282393092243194,-0.006620612987182326,-0.021874040753361298
2019-09-06,0.0033700121927880172,-0.006299636050907132,-0.00018442551705155473,0.0054063974452447944,0.008162129903128547
2019-09-09,-0.01033166268546354,0.01618302908953275,0.015971481586737415,-0.011621098089622733,-0.012268326597613712
2019-09-10,-0.021402428407113202,0.016852829161237794,0.020705082045748772,-0.020611030589740585,-0.007107116077438422
2019-09-11,-0.009579396306532168,0.006026334499898393,0.010708017220509871,-0.008672526175399698,-0.010503221479151647
2019-09-12,0.010631525445973181,-0.009556677588943305,-0.0012680221245937196,0.014555901416639472,0.00661631764151322
2019-09-13,0.0032247580729569164,0.004203865968512517,-0.009120290441322685,0.00014049706566416926,0.003513419531343465
2019-09-16,-0.00811414061169589,0.007316785866012145,0.00012466427383460085,-0.007480430270212139,-0.002099804030337415
2019-09-17,0.007522080853672243,-0.006208630320917858,0.001515665688825052,0.009011863099114822,0.003933846334725127
2019-09-18,0.003038921985787132,-0.007176465148700411,0.0015386780379722607,0.003526025029563143,0.00443846303728913
2019-09-19,-0.0028738128630275512,-0.002391957343433668,0.0009506338141511418,-0.004172463010420598,0.001747797515897401
2019-09-20,-0.005798443582540471,-0.0034017474062884244,-0.0017462857521101738,-0.0024132227256411596,0.008135196643263348
2019-09-23,0.003260659279119972,0.0004150937493357994,0.005657880030728305,0.00314485453465922,-0.0028602557572446614
2019-09-24,0.01114220201657847,-0.012937836805578168,0.0006452616155382829,0.013066895020019202,0.013919360519908108
2019-09-25,-0.0010822758178348308,0.009394023183486103,0.003333799710783753,-0.0025174359534619467,-0.012094504024270336
2019-09-26,0.0024091579239346192,-0.000342641197892088,0.0031364820110957163,0.004579127659873265,-0.000860765322673731
2019-09-27,-0.00224672796918947,0.0011065051840919993,0.007269502439427606,0.00245737253042107,0.005179466637131177
2019-09-30,-0.0006440486777338165,-0.00826240069311764,0.004430923416603039,0.0036188703120448923,-0.0016059519348783236
2019-10-01,0.00545142725631999,-0.004330883861044365,0.002041277600023355,0.003491385090341726,-0.0003936309263538884
2019-10-02,0.0001943251273499036,-0.0003594733413623055,0.0011446205543877014,0.002306331861581176,0.0001062275735187676
2019-10-03,0.0015971134407958745,-0.001371296678392855,-0.0038023723392535264,0.005868382009801471,-0.003481952933742658
2019-10-04,0.0024445205904586667,-0.0036366258291351365,-7.771882247071572e-05,0.0029010927608518373,-0.0020273267426811938
2019-10-07,-0.0048935638125338216,0.007822226817262969,0.0007567405641328258,-0.0032852433497745216,-0.002602174889043292
2019-10-08,0.0020563339424562004,-0.005737669302058646,0.003365514152694085,0.007303850921898725,0.013414363042728954
2019-10-09,0.003178891591785072,-0.002351705627330806,-0.0014649148577842424,0.00025778234471957734,-0.006719933598047552
2019-10-10,-0.0018978455030437633,0.004589442484861162,0.0007434303278793701,-0.001523744476786451,-0.005805337690672839
2019-10-11,-0.009220308305839867,0.00439828975867466,0.0011304352774016077,-0.0076899064347522575,-0.011675937030012056
2019-10-14,-0.0038252732158761595,0.00014153530202417794,0.00043297809731228766,0.0007215051834919208,-0.0038049933012644565
2019-10-15,-0.013464627200984998,0.012748488806747362,-0.0012720643762433488,-0.0116685227908499,-0.014192985981204552
2019-10-16,0.001545579767856904,-0.004650560036071866,0.004445458515565889,0.0032849289357621274,0.0033933316596930657
2019-10-17,0.0018979631834342852,0.0026715755535288484,-0.0008782863196533553,0.0020299872662131093,0.0012345215498117952
2019-10-18,0.011110573678434193,-0.004132630404861976,0.003901211270242334,0.01405702543855829,0.011670439895970382
2019-10-21,-0.010425420742896041,0.0018753376841747224,0.00045479569669267493,-0.008173533607574826,-0.011535276742201213
2019-10-22,-0.005022871175622949,0.007350148228736366,0.012927730616804883,0.004571673890603173,0.009812547731075443
2019-10-23,0.002219100107912747,-0.0024115025185177633,-0.004186533823251155,0.007683197512476141,0.0073035128672504
2019-10-24,-0.0022366335677965555,0.004609874308691245,-2.4441695953792905e-06,0.00268445503758872,-0.017437657061559374
2019-10-25,-0.00927717489612423,-0.006282104191270533,0.013388462462186237,-0.0034135725414554475,-0.024140316830168602
2019-10-28,-0.005136958276944105,-0.0004811810499097801,-0.0054384500189065595,0.0017228129775165094,-0.008855811308112941
2019-10-29,0.0032343925461840056,0.0040749509279782575,-0.00786699081967083,-0.0018745205466873882,0.005428470851223541
2019-10-30,0.0069828548822137475,-0.0035380332680248223,-0.006814681153115425,0.005583519472719399,0.004781880148845112
2019-10-31,0.003171735857810385,-0.004565590692311997,0.0045081002088155075,0.0029488294667782897,-0.0003774245744429332
2019-11-01,-0.007786276936506541,0.002152432201869785,-0.006554527754810357,-0.006129175025157627,-0.012849768329946849
2019-11-04,-0.019045122930999477,0.0014467440050933173,0.009344364347877835,-0.007660437661585541,-0.020664187693136406
2019-11-05,-0.010641025636283507,0.00552891901741661,0.0035718292016007455,-0.0030759575196484014,-0.0026420988991563937
2019-11-06,0.007293214985643215,0.0015491045751112853,0.0012463992523812396,0.008091571148202317,0.0038952711270126557
2019-11-07,-0.00334424263961543,0.00026961671887726097,0.0022418292379617535,0.0038985795203900758,-0.009704594764375876
2019-11-08,-0.0064955206974618585,-0.004707266378706569,-0.0034929853538174364,0.002079695565457883,-0.0045166212967501645
2019-11-11,0.004548672289603137,-0.00029734000912879223,0.0024589140269022673,0.004904394703130703,-0.0016353570806939316
2019-11-12,0.0015616808927069019,-0.0024652280149470665,-0.0031839197475611357,0.0008882885540259008,-0.005197906286159087
2019-11-13,0.0008434555214300067,-0.004527482581008529,-0.0021686014640908123,0.002559292427075321,0.0065412160922701966
2019-11-14,0.009502506280556587,-0.004304570212694067,-0.005414543056398627,0.008890790131445532,0.002520567880127272
2019-11-15,-0.0057375916341718194,0.0006596488536123289,-0.008169337870126964,-0.004843838806334849,-0.009627507241857418
2019-11-18,0.004526463740817112,-0.003668312315200619,0.001397680978737833,0.005404955123950817,0.0007751064870734573
2019-11-19,-0.0074580340143656255,-0.0011697534617872703,-0.004158613303040906,-0.004789611607501381,-0.009924255326038894
2019-11-20,-0.005273852673494163,0.0015642357609037152,0.0009232949327022226,-0.0028999147888688057,0.004160313069370352
2019-11-21,-0.001679635775953751,0.005203467911155726,0.006699842532605389,-0.0002565737876134449,0.00097480929501822
2019-11-22,-0.007939654523904348,-0.0011706706810563536,-0.007188965637158262,-0.007185612787755206,0.006174986646527907
2019-11-25,0.002411238294044748,-0.007567173696401608,-0.004557830163918608,0.009707073627856812,-0.012512956030499699
2019-11-26,-0.0034824876839264153,-0.002481703544282241,-0.006266141602867495,-0.0015540236541826092,0.009786099769064294
2019-11-27,0.0010249199453730715,-0.0016997942199497565,-0.0004947206251863356,-0.0013644863340454057,-0.0014433402655934287
2019-11-29,-0.0011428495677396522,0.0011292109592208536,-0.0012210224171587628,7.661278385894888e-05,0.0010940880387347016
2019-12-02,0.0012426196436772473,0.0041812198529867775,0.004497759571829644,0.0014319465616479251,0.0053884063327617904
2019-12-03,-0.0014152732397423743,-0.005088764271149317,0.0004748542398286641,0.0006635029268032945,0.004381258950665156
2019-12-04,0.0072920067416854355,-0.006908612381233895,0.0018696790205275657,0.006351083571738576,0.0031290442164353957
2019-12-05,-0.001064496175848646,-0.003927726607238347,-0.00042439793645539627,0.001811511416763196,-0.0013970277973951273
2019-12-06,0.006728280215369597,-0.00045151302633403105,0.004195810786849823,0.003380995215559489,-0.0019262446837541468
2019-12-09,0.003002094558583202,-3.770387004487484e-05,0.0026830692347642624,0.003145107663446534,0.002340892235157526
2019-12-10,0.002084593112050937,-0.0005176552146816207,0.0025587760704575066,0.005177421149259917,-0.0009890390157187789
2019-12-11,0.0004238638637849572,-0.008068821460572936,0.002074985304866419,0.0037930373348277835,-0.006345407906180113
2019-12-12,0.006509785418702285,-0.0021123569719578884,0.008768886535683315,0.004550026025058024,-0.008018026451220957
2019-12-13,0.0002839038956407398,-0.004000316195089899,-0.01181323322161124,0.0034022779088721603,0.001899466544960801
2019-12-16,0.003044085789061587,0.003928039380918675,0.0007020059683136171,0.004742754472369889,-0.009735335256409745
2019-12-17,0.001178630359829018,-0.002449302924042985,0.002551111792469636,0.0031502901397409003,0.0026995034061246155
2019-12-18,-0.005380007061279496,-9.010796818737746e-05,0.0004905669832007255,0.002147822485537529,-0.008850025358099752
2019-12-19,-0.001581161328102188,-0.0016933432510202982,-0.0022268824610643468,0.00019481959249173595,-0.004679167531903017
2019-12-20,-0.0018887665768871466,-0.002779496347030937,0.0010263156197390204,0.000384074907001695,-0.0005905258040609356
2019-12-23,0.002502718646071733,0.002701872434730288,0.003850198806783481,0.0038135964376217243,-0.007516655543423029
2019-12-24,0.0024399481129136658,-0.003838583080120643,0.0009127730420356234,0.0019637977386675314,0.00021773483129403141
2019-12-26,0.002720826548682857,-0.0012355110898295482,-0.00011234727495164527,0.0009469382904649954,0.0024228610397771908
2019-12-27,-0.0026262827910797813,-0.0002662527243739646,-0.0007596649288581339,-0.0003824024950309781,0.0012885635700017814
2019-12-30,-0.0015738997580719716,-0.0014479001571727863,-0.0010153489563938124,-0.0003184112734165908,0.006683929067245518
2019-12-31,0.000977620655569234,-0.0005279028496576309,0.0016179217365296546,0.0008761746543604889,-0.004157103084488359
2020-01-02,-0.004108711338036674,-0.005225698882854965,-0.001956152187139581,-0.0015380247844976706,-0.011709407380332786
2020-01-03,0.0035906155415035366,-0.0018839723364401763,-5.284695496202661e-06,0.003315689205063121,0.00378434228268532
2020-01-06,-0.0027459266222430827,-0.0026878688784749273,-0.003459014969191145,0.003177195395290572,-0.0017830760444807999
2020-01-07,0.0003124289042931523,-0.007855301666686312,0.0032006984391977416,0.006052882776973351,-0.012559363412486464
2020-01-08,0.0021343681147375773,-0.008499010035766762,-0.006459952904717769,0.0063451791437588445,-0.002056201788410557
2020-01-09,0.0009655627112656745,-0.006176750244713606,-0.0043794957514748005,0.00373308966201208,0.0024144508743081583
2020-01-10,0.00219529807738467,-0.0030063840552995063,-0.004009487687938162,0.004196342339675058,-0.00032117398495260657
2020-01-13,0.004971829347412322,-0.018844408021541477,0.008735735162697824,0.012328797738758286,-0.009933986325288982
2020-01-14,0.002088611169700106,-0.0006902658315304571,-0.00030095604146253806,0.0015772552303986178,0.0007687523426910406
2020-01-15,-0.005661257583180526,-0.0013244319862611396,-0.010370977366773023,-0.0038530886162027305,0.009278789429899919
2020-01-16,-0.001092645207715513,0.00022397315167074078,-0.0010373805245374934,-0.0024723382776515234,-0.005143332404563354
2020-01-17,0.003469222869190188,-0.012221975040317216,-0.005302704126480397,0.006452463924179104,-0.00033943693450071404
2020-01-21,0.005408563649271655,-0.010963584068295694,0.005560971923610216,0.008568550563570249,-0.0005717679771122962
2020-01-22,0.00038792471141496805,-0.006273968117962495,0.008570734265673154,0.0012083902267179423,-0.004648767651271028
2020-01-23,-0.00032143077361353016,-0.0048768139583309205,-0.004002300217562313,0.002040073886277015,-0.0008632295782684928
2020-01-24,-0.0057342158886338635,-0.011434911830021943,0.006622769948596533,0.003509811116569665,0.0028552866350547105
2020-01-27,0.003788087362081083,-0.002155544281901952,-0.0018154116130849572,0.0054480903019372175,0.0190243563422898
2020-01-28,0.004331855917600883,-0.009113357964597498,-0.00020746643205822243,0.006279084757611671,-0.008985059965049658
2020-01-29,0.0055555025731010114,-0.01000054686045838,-0.009124762701767486,0.008891442569479178,0.004289912270609476
2020-01-30,0.006386747884234923,-0.01430129934126171,0.014289633900879567,0.009044245202918095,0.0074670605811276046
2020-01-31,-0.002293583810732105,0.004235826667873227,0.0053963395435377495,0.00798250624705234,0.007782293791579034
2020-02-03,0.0168595586784566,-0.015825077599192685,-0.0017606965179346413,0.017891404294778323,-0.00896502643831054
2020-02-04,0.01443928195738918,-0.012981020655610204,-0.00012624184630816507,0.0074497017631442244,-0.02216797469668837
2020-02-05,-0.0031308833680268825,0.010649171977636722,-0.0005953423285235699,-0.005876127334496959,-0.0011525720204485952
2020-02-06,0.006202461478936183,-0.006483388729479891,0.00489977868728147,0.009208358312628088,-0.0005325920089939294
2020-02-07,0.00030029942736377845,-0.0035166821688567885,0.002937160455627514,0.007401733785236915,0.005589568536405965
2020-02-10,0.009085686008519868,-0.011177323767211835,0.0006649989432702414,0.0091118140599527,-0.009826332827593747
2020-02-11,-0.001667883545908079,0.0011580559720818868,0.004157686027957999,-0.0020856052994205586,-0.008162495108962657
2020-02-12,0.0011467121024563232,-0.004080282870449965,-0.005355169256696421,-0.001054311126435871,-0.01623156422781164
2020-02-13,-0.0008339579679053884,-0.004246925973077256,0.0010874407638055885,0.004892248250695047,0.0075971273375049445
2020-02-14,0.004312606346520974,-0.011513266244077364,-0.00106237317978445,0.006223317676167918,0.0018244895375473173
2020-02-18,0.002645492831101966,-0.01332970306814189,-0.0009512167821596793,0.008627740109529899,-0.005532290599164918
2020-02-19,0.012756998269904462,-0.010643782503304992,0.0022130504294487745,0.010481775274253147,-0.017254439393577594
2020-02-20,-0.006404406474791891,0.005768443562988044,-0.0005840123195955237,-0.003057278163769367,0.009261742336195658
2020-02-21,-0.002965175690215323,0.0072991942748032385,0.006130135893421561,0.0005990237981467594,0.019139649240530028
2020-02-24,-0.009258651949554934,0.006193983538046004,-0.0032307977097167373,-0.002262000956969705,0.02414487912585095
2020-02-25,-0.008219960185738048,-0.0009991150950741726,0.0028964694476583917,0.00104089158493334,0.0169878593821716
2020-02-26,0.009476081549258514,-0.006873513763412765,-0.0001451384216480567,0.011088241293103726,-0.001272392775800091
2020-02-27,-0.010681581842487665,0.010009253029527931,-0.004570128595747042,-0.010496412772477808,0.01553648063490655
2020-02-28,0.011756716928285529,-0.016308733116345172,-0.0011855532602380175,0.016925747977835647,-0.033933885581658926
2020-03-02,0.00852189463537232,-0.0084193456507465,0.002102061232152147,0.009747678477573261,-0.00997092006762898
2020-03-03,0.0023024849172926937,-0.0073992903963002316,0.003796519194048789,0.0045806539731085665,0.01901018634137794
2020-03-04,0.005841004923349831,-0.00548676743415949,-0.004131442048695852,0.007717141119431482,-0.004784646199758685
2020-03-05,0.002271680467513939,-0.0019061926109307029,-0.0011048049609928834,0.007156366302156238,0.015209774364615493
2020-03-06,-0.010358635144022639,0.009470496487646233,-0.0018227822003306967,-0.0069554714279421274,0.018288599561443682
2020-03-09,-0.014612224300386174,0.007341415425828064,-0.0011576436645707178,-0.010908117254357648,0.02525743389929694
2020-03-10,0.002687032245164353,0.00202807838455845,-0.005784659001517818,-0.001970223202307421,-0.026585904785079523
2020-03-11,0.0019860942833664214,-0.00012974804051799765,0.0005345975355560625,0.008417483323128715,0.01210201034645831
2020-03-12,-0.012458170628087184,0.0030080504336327807,-0.006800461838282229,-0.003888586461252383,0.023025785583767805
2020-03-13,0.005091764050849795,-0.001408581414751163,-0.004945541206215244,0.0015929811203440336,-0.01425480129136554
2020-03-16,-0.010796702476051273,0.002334121399964917,-0.004841049483564841,-0.004357076825442334,0.02293411266324996
2020-03-17,0.005824007134928224,0.0021625462348256602,0.005268666577761837,0.007575871798555817,-0.019369065148587786
2020-03-18,-0.02350942518595964,-0.0005221659454886021,-0.0037050424016152224,-0.0015600044716497785,0.02414959049191906
2020-03-19,0.009160739918201766,-0.0062411371250986674,-0.010823492232344252,0.004878175987631534,-0.045699228132162734
2020-03-20,-0.005031486209091211,0.003342334274178592,0.00457169243539092,0.004115634584668491,0.0020347219060010413
2020-03-23,0.013149978948659002,-0.026061677052299306,0.007084984709960456,0.02848869355741608,-0.028204666627543548
2020-03-24,0.011038189960429913,-0.005664711143269552,0.003984607938262184,0.011472826807569433,-0.025143287396336887
2020-03-25,0.013759550934127097,-0.006649637949623494,0.00852298204910943,0.007111537992282145,0.002953870432223834
2020-03-26,0.0013225890778136087,0.0014611151427310204,-0.0032191371781536207,0.004855720835536183,-0.012536268440470871
2020-03-27,0.0010824582043307482,-0.007895261188008498,0.009942891594278011,-0.0030017115313341614,0.030698500996089652
2020-03-30,0.005975845050937147,-0.006942290708258619,-0.006319516977314001,0.011709087192348942,-0.0038874896803457702
2020-03-31,0.015331968555082282,-0.015239519915508778,0.00892424142556413,0.019772955425275678,-0.0023732161833854154
2020-04-01,-0.016306308247139464,0.0029109617666350056,0.0030946317325832792,-0.014970348777044024,0.028428909813441403
2020-04-02,-0.013438347199243122,0.0025893176855076305,0.008828690827858372,0.002152276245232159,0.006061347156780729
2020-04-03,0.0022327563194183726,-0.018324818178206633,0.009765962568768771,0.011759507345621242,0.013268106302659406
2020-04-06,0.0016565666213739505,-0.002090981354273748,0.0022393587054704983,0.007302461265166281,-0.023359217267525496
2020-04-07,-0.006092222043143299,0.003801576804035857,0.006519090780611678,-0.0017531304159290025,-0.011136367201497925
2020-04-08,-0.004058336222906401,0.009731676841340187,-0.0073957822260425216,-0.0024490426299277473,-0.011724982144814294
2020-04-09,-0.004896746574618806,-0.0005003681812591892,-0.00029087796566045106,-0.0019275888634486078,0.007026854785813968
2020-04-13,0.017956500402260243,-0.03363304954180224,0.01137545238149569,0.03334055806135339,-0.012396516861084408
2020-04-14,0.02458423641650961,-0.028863734432021934,-0.004804908241841727,0.024156024407453302,0.002590688207123718
2020-04-15,0.0315349412422614,-0.0305710809463901,-0.0028848363921261493,0.028668370655539822,0.014146919048809412
2020-04-16,0.02451326353902879,-0.03062726054459161,-0.003776823789147248,0.03125904749214078,0.0029562628492151863
2020-04-17,-0.020620966869930465,0.02594980052856615,-0.0012873997810624593,-0.020473614332952104,-0.0065774661157464165
2020-04-20,0.01638891305131961,-0.015452339805244238,-0.0034937098610918205,0.016849516738293914,0.009834673546567141
2020-04-21,-0.009748175482692661,0.0053353215718869446,-0.002348913439548711,-0.007089279260592017,0.01916048499895104
2020-04-22,0.015784974147957154,-0.011747551017463623,-0.0011250126860693245,0.016104566768254162,-0.020046024490053757
2020-04-23,-0.007876112159084913,0.009333489226779106,-0.006421935411234595,-0.004022746956591579,0.002337611204997268
2020-04-24,0.006088925559811683,-0.003857938099004877,-0.003896022919539924,0.006524394346419439,-0.005075545598627256
2020-04-27,-0.005126576254589239,0.0052427834319384616,0.00455712137844309,-0.006373806055004604,-0.015936513091316
2020-04-28,-0.017482166152204156,0.019708505061339157,0.009672611173901743,-0.018717631514757957,0.004983625678114269
2020-04-29,-0.012041750922509201,0.013458699217386395,-0.009835860749551697,-0.006172165159437283,-0.04529510347179603
2020-04-30,0.021522878950639163,-0.025851581600007133,-0.022740520422026345,0.026876627092443442,0.0024517151828913984
2020-05-01,0.00313862440680418,-0.0059813514383306315,-0.007745975875159669,-0.00010789544079086583,0.030646936048172185
2020-05-04,0.017058475555539736,-0.019455730617825913,0.0029824718739614193,0.02392110026924945,-0.01631922301840392
2020-05-05,0.008366831259267876,-0.015606680606655966,-0.011492884449135097,0.01712039998460107,0.0010691778880341802
2020-05-06,0.009745236098549097,-0.017601824418113116,-0.00702389267792437,0.016672545984197918,-0.009693152074742672
2020-05-07,-0.0092165531302431,0.004499357958091937,-0.00940320298226955,-0.0014738306271000288,-0.014607828732408552
2020-05-08,-0.01042625585197893,0.010616826403406615,0.01610380920535768,-0.013367104300780178,-0.01049841216769469
2020-05-11,0.018732882685307022,-0.030779744681314097,-0.012786772164102917,0.026283501649603774,0.0072659367603242295
2020-05-12,0.007863942936713417,-0.00829066412571498,0.003922071493728134,0.008172228107165272,0.015636143980279564
2020-05-13,0.020300387968746267,-0.020610351348076546,-0.0011718219713298776,0.013225359452950938,0.01936779760829836
2020-05-14,-0.014441449316991616,0.006835015905458378,0.006530960520433518,-0.004400456139171111,-0.011997458851802478
2020-05-15,0.016857776641487986,-0.016254823466881653,-0.013942668161161631,0.01763718366556057,0.007812779673405826
2020-05-18,-0.028954739805199137,0.026381107714236227,0.010277530264977793,-0.02437736414356287,-0.024308007418031508
2020-05-19,0.013263987401478931,-0.011396806411356496,-0.008590424562181424,0.01525051335018597,-0.005814979313164896
2020-05-20,-0.020157914827310806,0.005753814695360692,0.004350370979039363,-0.004340036519169184,-0.024247097901414404
2020-05-21,0.000282918703194625,4.366977059661048e-06,-0.0031593045069742906,0.0008148126202052819,0.004570771941680193
2020-05-22,0.0024310436529384784,-0.004569247913464521,-0.0027462646947698562,0.0027617036650805895,-0.005527983065498041
2020-05-26,-0.029045363886414793,0.03160616404290116,0.01115421438313251,-0.02853597182965535,-0.010089914056647404
2020-05-27,-0.014519533567042563,0.016734311298407873,0.00821555216041845,-0.0198149122450281,-0.004411085606851738
2020-05-28,0.010673139215860444,-0.004115507047097754,-0.012062777416101119,0.00501334255617036,0.018986189540190247
2020-05-29,0.01328115795350996,-0.019530670694903426,0.008815649027606924,0.01845692044703482,0.0008940206676845445
2020-06-01,0.006777282312632299,-0.002921606045053625,-0.00013721818821744915,0.004244097349845928,-0.011159746739133265
2020-06-02,-0.0075779103609153456,-0.0016467463695395684,0.002190677703151402,-0.0013184300077147704,-0.006650343667082412
2020-06-03,-0.02331315515487419,0.021246857633003845,0.013412022232490927,-0.015411377815078571,-0.013420182388819365
2020-06-04,-0.011235253609997746,0.0034868477142508216,0.010536960199448884,-0.01065853002618005,-0.0039469057055794
2020-06-05,-0.011417956340539312,0.007798196289251793,0.0016728146018284047,-0.004699810657573321,-0.01912337205844336
2020-06-08,-0.011630783005514048,0.005554186450338915,0.013697853742814592,-0.007796123490204195,-0.013556529876807869
2020-06-09,0.02567481429850675,-0.024852666786958633,-0.009384816391443838,0.02373963463599791,0.00722142892968689
2020-06-10,0.03661031630510428,-0.034924249055443835,-0.012876093055321041,0.03456574677839454,0.0032103483208275056
2020-06-11,-0.0026842301396894433,0.0077172096030252435,-0.0018755130964742822,-0.005957441318709712,0.019088293280245548
2020-06-12,-0.009434484547891597,0.006984944524032727,-0.004948529021636424,-0.0008944212098918082,-0.01578737558202068
2020-06-15,-0.001826020903626201,-0.004562312097001404,0.011545742569210737,0.005313361766080717,-0.012256669757306665
2020-06-16,0.006467042396338298,-0.005419011741304162,-0.008896558800642367,0.005120510944494627,0.007647554487878065
2020-06-17,0.01609811159224457,-0.020368746556717214,-0.007913309235351445,0.017929316164774292,0.0010095984737618314
2020-06-18,0.0011381475467415756,-0.0038904198804925955,-2.0189347684858652e-05,0.005359369845620204,-0.0015490507369713149
2020-06-19,0.0057516846094481855,-0.004383977726133687,-0.008386658249511666,0.004943727136282781,0.009907299542161956
2020-06-22,0.017939234189000664,-0.016590674940098124,-0.0028319629456208294,0.01852930969012773,-0.007080377645600983
2020-06-23,-0.003230092740642773,-0.0031011152114209886,-0.007078024074465632,0.0008108497493825909,-0.0005869716593372991
2020-06-24,0.003929976703030948,-0.01084425263720832,0.002058653449493065,0.006965068660421247,0.014690453721632513
2020-06-25,-0.0009286044139089518,-0.0025564511618168546,-0.004882190094548667,0.0027948752962021917,-0.0048780953642242
2020-06-26,0.0020193625127443403,-0.005843482191240604,0.0033885531427139057,0.006613234015149207,0.015448412555560863
2020-06-29,-0.007197256837833791,0.006666820655828569,0.00624286847192836,-0.009593784730127553,-0.005328911430328778
2020-06-30,0.016234869985282296,-0.016624871004867238,-0.002654368373388333,0.018628068099867723,-0.004899896502590609
2020-07-01,0.00795429189329186,-0.017931367163307572,-0.012336689747027585,0.009932570812312554,-0.0022217751524213933
2020-07-02,0.004585101332170489,-0.008055770746240323,-0.0004965906015574444,0.008133790611937333,-0.006692880385618833
2020-07-06,0.015662647481714094,-0.013786820510291573,-0.006270803646933798,0.014717399559103625,-0.011595448387258794
2020-07-07,0.009322485827679323,-0.009819381978185033,0.0008841367467337432,0.007815731170213853,0.015005306187624124
2020-07-08,0.009470432656374468,-0.012178190339740113,-0.0056874090514413365,0.013749089954681654,-0.007610691626037961
2020-07-09,0.01193948515071835,-0.02102954355532547,-0.0063876709058183125,0.027526244936900642,0.008500668634808313
2020-07-10,-0.01215996953306571,0.015484326827327113,0.018821501321957416,-0.013246597480579863,-0.01690988506969096
2020-07-13,-0.014950325377625473,0.015804420268598865,0.0075806021491029215,-0.021536315265717417,0.016436687325969104
2020-07-14,0.0014420729159937348,0.003776200317930637,-0.003907267378302742,-0.00020043346548334964,-0.00015755339404707747
2020-07-15,-0.01616271930922084,0.008843867532118587,0.004248210350042953,-0.013514055577280255,-0.00918972529364644
2020-07-16,-0.005844043102478276,0.003657284314225881,0.005441051926982835,-0.0036107293839896214,0.00640802441376416
2020-07-17,0.008166207506412601,-0.007992573956179309,-0.0033677392477663793,0.009236021261891906,0.006952879382639046
2020-07-20,0.025818604752730515,-0.03356490833213288,-0.01967620412900281,0.032232911699417645,-0.010070490901815698
2020-07-21,-0.023237114390108747,0.029088904068447448,0.020215624431823193,-0.02631945031097415,-0.0031903710634347882
2020-07-22,0.00389528373841672,-0.0036826168888466335,-0.004980759351790651,0.004367278474673979,0.006868325460723076
2020-07-23,-0.014298732133518826,0.01375617527427414,0.008964604485117666,-0.0164255792309592,0.015266793102424573
2020-07-24,-0.002181236276438559,0.007221771988554949,-0.0011147574955121696,0.0032632735307847258,0.005254298478217683
2020-07-27,0.021529498730467892,-0.016753884529556274,-0.00938629700670947,0.020676294019840204,-0.0053125271560668375
2020-07-28,-0.009487985076720646,0.002039273953874713,0.0034020699568006914,-0.012122582710372157,0.011906230071718508
2020-07-29,0.007321112778311458,-0.004177610443981883,-0.005063001987637964,0.011295846337241398,-0.009695200961769972
2020-07-30,0.020448845073584226,-0.021015800165575083,-0.007320088911869203,0.021611975815644523,0.010096684691631296
2020-07-31,0.013102122127295873,-0.012676498242457515,-0.008309938497468325,0.012480008972075416,-0.0021992022339638734
2020-08-03,0.014877643417029553,-0.01681616440319187,-0.008048734663871389,0.014596339542958222,-0.005532686407870416
2020-08-04,-0.006117031294227946,0.006436069362243089,0.010801902644216698,-0.003527918516340958,0.0022465158704220137
2020-08-05,-0.008836695217349585,0.004422501752130104,-0.006151822242154582,-0.002509648456841659,-0.017503969864845245
2020-08-06,0.006414263674698506,-0.0073798521051705555,-0.01093572256535477,0.009104273323942267,-0.006698744476427838
2020-08-07,-0.017305309961874796,0.019055056798747663,0.008843586539288894,-0.01571841603712786,0.004854804705596915
2020-08-10,-0.016301659605065542,0.01678864940173044,0.0161721313005227,-0.010698477234119682,-0.004201836644131558
2020-08-11,-0.020527827687874103,0.014542931525890257,0.006039817964113866,-0.01133710054862558,-0.002003800615873933
2020-08-12,0.029095820216385092,-0.02750998029769807,-0.002860900275527172,0.02728998894201619,-0.005464952971743155
2020-08-13,0.007291438174853515,-0.010435998172457835,-0.01092407083225053,0.009569864593588055,0.000528865863657874
2020-08-14,-0.0027555147517126424,0.004186483278079415,0.004236256339373131,-0.0027017912006511414,-0.0037569249241863117
2020-08-17,0.02252940609207852,-0.024751977940900366,-0.006792949568781428,0.02152666205456171,0.0015226334458537773
2020-08-18,0.008637674071575452,-0.012073055340582273,-0.006748964957834218,0.008321371064418482,-0.003252475059518487
2020-08-19,-0.00104656617378446,-0.00131821106038333,-0.004182391970215172,2.4052369543062484e-05,4.244225897787925e-06
2020-08-20,0.014036829201514778,-0.019134397594466036,-0.013374964922658276,0.014501725139765977,-0.004849851844528243
2020-08-21,0.009215409296710036,-0.010808462239195245,0.00021973646203484972,0.01175923602296457,-0.0036451542697366382
2020-08-24,-0.012635836649963983,0.012434074269351081,0.010475988557679826,-0.00856692277753455,-0.01051541769782385
2020-08-25,0.007089236453888703,-0.014108638167179013,-0.01724731845026731,0.009167322792246213,-0.005599948187672048
2020-08-26,0.021620787768052794,-0.02417144158819566,-0.017082843553695257,0.0226328475436207,-0.00918969971643406
2020-08-27,-0.007018319221378405,0.00980870673965267,0.005704280706492917,-0.0066843773692422575,-0.00027769458068170995
2020-08-28,-0.008812057118586425,0.0025109362803112985,0.006248387821404947,-0.002917533837347273,-0.0022010671688259247
2020-08-31,0.021504878563934137,-0.0250581773385695,0.0004357713701656635,0.018524101612325376,-0.005038890489749297
2020-09-01,0.011708180787382423,-0.013751355925688904,-0.004609695888166123,0.016629398485386256,-0.007455007444140249
2020-09-02,-0.010404875567066506,0.007363711138756088,0.0042259468748108864,-0.009241695037154303,0.012696823629541068
2020-09-03,-0.03373336169299085,0.03138590758798215,0.01180158370868599,-0.032905183431087344,0.01595329938492782
2020-09-04,-0.010902789283849827,0.01186905199370921,0.016323437055822378,-0.009260750700891223,0.0020691850284531403
2020-09-08,-0.0188531195098254,0.02116027471173119,0.001221226575211582,-0.013489372827596626,0.03271982342016737
2020-09-09,0.0264083660342278,-0.02970211823092135,-0.011151925941147443,0.027927086374157053,-0.014316248061177289
2020-09-10,0.0034324896553339906,0.002520037957627992,0.002281341306538922,0.003693427199394885,0.0033412335986243765
2020-09-11,-0.004999919616882627,0.005871251438936133,0.0061547401132692504,-0.004486545523004299,0.010956265808420428
2020-09-14,0.009810645125729179,-0.010103900843419401,-0.0004825500521056583,0.01295905150489058,-0.010544580417559579
2020-09-15,0.01604942109200543,-0.016419231049131428,-0.001425607339776069,0.017630207120941876,-0.005270686429768143
2020-09-16,-0.02204085457887076,0.026310200030835812,0.0076501471074212485,-0.02145390296113956,0.005443240948161956
2020-09-17,-0.005155365393562718,0.005939935938935105,0.0034915594043399088,-0.006144806504596988,0.007258748388842089
2020-09-18,-0.0068651477162246875,0.002610058757836077,-0.001620246007778145,-0.004893028423501594,0.005418791542819512
2020-09-21,0.014637290157835063,-0.02414112780302516,-0.0029254538504989505,0.018990793065287087,-0.006779672578852821
2020-09-22,0.011747164707709753,-0.014013909457710335,-0.007540285914177545,0.012933148147143572,0.002325158236370318
2020-09-23,-0.008000078498123907,0.005943513710741293,3.948912271376989e-05,-0.002452678286246939,0.02926431539885481
2020-09-24,0.0007206446043931205,-0.006221629071090135,0.006672462604895716,0.0018501830094714011,-0.010851728835708006
2020-09-25,0.017950401429190688,-0.0156599384704887,-0.0031808681466714943,0.014039655365832116,-0.013847534049719792
2020-09-28,0.005057619300445843,-0.0035155285328260164,-0.002664033521872231,0.002022324097026717,-0.010496389358494566
2020-09-29,0.012624826175045447,-0.010640513121558004,-0.010962193768997508,0.012937083457342945,0.0036351177287907072
2020-09-30,0.0004047477498259344,-0.005770191147150829,-0.006051154944975001,-0.00040118687528221085,0.001431223921347452
2020-10-01,0.016889297336952894,-0.013307490007239553,-0.005580910813488518,0.01542297662817834,-0.009900355972992006
2020-10-02,-0.023609897069577758,0.024801374933475673,0.004904290870864851,-0.016728721718131556,0.014823819253842819
2020-10-05,0.01075529306049184,-0.015554502857498978,-0.0029760334031061313,0.011940819562119108,-0.012677449970851034
2020-10-06,-0.00100566868136499,0.0033145281557414013,0.005209049155808656,0.00010691712923703058,0.005077857991894964
2020-10-07,0.0032857454573394854,-0.007705620627038109,-0.00017372279870765672,0.0028666222713971956,-0.007056192078828384
2020-10-08,-0.015136175798108106,0.011614504841794436,0.011741626629636216,-0.015391187794560343,-0.004729149965911641
2020-10-09,0.015574179534987102,-0.01732049678979361,-0.013989122888529795,0.016537916204296087,-0.0033052499546706348
2020-10-12,0.008454048046093877,-0.009885131241994595,0.0008577843014092399,0.011118344871002238,-0.013115716665274037
2020-10-13,0.008270193514382759,-0.006327214276880775,-0.009336778165079468,0.01077835177762895,0.00572490517525584
2020-10-14,0.008689653825574115,-0.004835685482156668,0.0008017081595299413,0.008596533759716479,0.0020054871355480288
2020-10-15,-0.004263399500033814,0.0058339840376795404,0.004439152210852502,0.00023213290378970228,0.004227819846599817
2020-10-16,-0.0049038846117427076,0.0030612880409950816,-0.001452291717804193,-0.0038981691881495254,0.008588788796783476
2020-10-19,-0.0008222896441397124,0.000807458052328118,0.003899705638289919,0.00023453093423192808,0.0018566852337595745
2020-10-20,0.006140312124451641,-0.001289149241579704,-0.007561785209374373,0.009383634823269005,-0.0038493819358734107
2020-10-21,0.006410439164521133,-0.005096924036970769,-0.008867667731847785,0.005015918745951666,-0.0017706544782021237
2020-10-22,-0.018830706520707917,0.01461373898744395,0.012819094236195483,-0.013561037940738017,-0.0007189150393553364
2020-10-23,0.008577220591570577,-0.004593865805842158,-0.007729547094937337,0.008074363095449894,-0.0022872793097972
2020-10-26,0.0016061595226404407,-0.007105416525184802,0.0002365019235448275,0.003050820508546723,0.010542834258430674
2020-10-27,0.030306499645519444,-0.026847986017729787,-0.019631707094648138,0.02921449169305897,-0.006225264310388615
2020-10-28,-0.013255958513700539,0.010451111892391403,0.005923317500390754,-0.007625973161498649,0.01798780528136132
2020-10-29,0.0067476882904154295,-0.0054417843124046385,0.006955508812342885,0.0058671306002590325,-0.02166209370005194
2020-10-30,-0.032060885006920635,0.026600286722069023,0.012753112753585052,-0.025464047071628696,0.02134233967619126
2020-11-02,-0.010916519212784,0.008066748892948505,0.0036588336915857143,-0.006732062245402938,0.0007923483934574541
2020-11-03,0.016621985780937765,-0.009680139902388694,-0.006823934862878871,0.014608593398814413,-0.00373108950379868
2020-11-04,0.0041378747188905995,-0.03801861221324727,-0.025431226996213144,0.007379892436489515,-0.026880686157082972
2020-11-05,0.019458288813160755,-0.013746788213907372,-0.006423250673282841,0.01855826484679993,-0.023635597277959358
2020-11-06,0.008255424820138794,-0.0026103484544587456,-0.0005674411798041896,0.01119968364965501,0.006986285060571311
2020-11-09,-0.03150995733143214,0.05468896993513943,0.028282349141026786,-0.04098415080893303,0.010517643550011831
2020-11-10,-0.04001704116647889,0.041932288882103236,0.0220237209244393,-0.022749514730053315,0.025278502118017493
2020-11-11,0.02670622502777491,-0.03157538593067617,-0.01002070899307489,0.024957467891943298,-0.014090056279687076
2020-11-12,0.0061525556874125475,-0.006692476367559841,-0.004597381842227766,0.009308959610585955,0.005877496974528548
2020-11-13,-0.011593022119900645,0.013553197329648617,0.008021236206688662,-0.010541703355704984,0.002947320461389175
2020-11-16,-0.005083745704886719,0.013375181519541177,0.020819850117474576,-0.0038178483130954077,-0.00672119436334143
2020-11-17,0.002959747188985857,-0.009454131200413617,0.0008191163608204321,0.003871767689005424,-0.009779948532567381
2020-11-18,0.0092524457336885,-0.008553896511623402,0.0009308750764808887,0.010445912398753185,-0.00861352581339015
2020-11-19,-0.0030747325911073585,-0.002418545486911448,0.007471730284503096,-0.002686717658131983,-0.01118690171876013
2020-11-20,-0.0005094777962794308,0.00014888243446919795,-0.0006567622134835468,0.0035537406828917645,0.009239533575297002
2020-11-23,-0.01549665843109156,0.01643313247885677,0.013550650875512327,-0.009518029603104657,-0.008901098396270575
2020-11-24,-0.010361440883210714,0.01111513522177162,0.014253092237375396,-0.005348610931707756,-0.015336775743116399
2020-11-25,0.011187975004506159,-0.01085753135643525,-0.004483910886065114,0.010370110246410998,0.0023997178517095874
2020-11-27,1.126614068778565e-05,-0.006694436429519903,-0.006141430840288352,0.0001142392002358222,-0.0036211498467379273
2020-11-30,0.020832871686828507,-0.020029171235254467,-0.01300389840527065,0.019455604870343375,0.013953100149891593
2020-12-01,0.002894064067729983,-0.0006042661618704641,0.0018835762473922695,0.0003798071172641578,-0.005329907767092043
2020-12-02,-0.013210738564924995,0.011987881068993945,0.014860915432748596,-0.00581071818747256,-0.005299057887720575
2020-12-03,-0.005984621738407091,0.003967531514280108,0.01002106165264229,-0.003923657317898607,-0.0028039572896111503
2020-12-04,-0.01279747225187548,0.002521800801461265,0.009638254776805475,-0.004656989956866461,-0.007846916089090198
2020-12-07,0.016928973394642964,-0.02246995457338963,-0.00602167901229994,0.017076299029590965,-0.006202162865463398
2020-12-08,-0.008412378963325903,0.0037599128966159237,0.0018449720962961705,-0.005314295627925597,-0.0014529165380599562
2020-12-09,-0.023303552974836352,0.02085950557112549,0.009131486365456028,-0.010284249819899139,0.021072889699337953
2020-12-10,-0.003966354823057043,-0.0016743841240718662,0.0037475460770409787,-0.004142694169214202,-0.01319855989334576
2020-12-11,-0.001861296137191949,0.005135404339205936,0.0011554636267983643,0.0019861561149255966,0.009795012913457003
2020-12-14,0.018212742831039012,-0.018084089928796516,-0.009215297255779697,0.012820979847135629,-0.0031524971565326234
2020-12-15,0.00012696869519810382,0.0031187083683096896,0.007036201974750148,0.0002125661684634038,-0.0044293416020197915
2020-12-16,-0.009780442703494738,-0.006197664583740257,0.0007874779587762194,-0.0073957856079815455,-0.006854964857998507
2020-12-17,0.00710925344645882,-0.00769211514601408,-0.0100239351409112,0.011177675419415195,0.002961532881250402
2020-12-18,0.006548424026744429,-0.009658970624407794,-0.0034579164017254334,0.010719685864247899,0.0030328756291325637
2020-12-21,0.004847762047715018,-0.004229619955077483,-0.0037329471176385867,0.0028663430892367746,0.004821279738052141
2020-12-22,0.00703497224714194,-0.010903434024780749,-0.0023593148007593863,0.007293958254607025,-3.6465817881631626e-05
2020-12-23,-0.009650136954190364,0.015235675979201429,0.008580098442031217,-0.00754958538674355,-0.005460204452834906
2020-12-24,0.004184662886876605,-0.004433272118153918,-0.003794426991148927,0.005966199257254144,0.0031996926216692487
2020-12-28,0.0031823227452565544,-0.0047419351937232936,-0.007080872415416331,0.005565622435677316,-0.001412743261935889
2020-12-29,-0.00793126201698405,0.0045926909283999,-0.00038206521786579724,-0.007077086905269649,-0.0036047949093711102
2020-12-30,0.003105690581989,-0.00012756080344453083,0.003354573269578752,0.006890476844852561,-0.00488288313737765
2020-12-31,0.0011510380987096282,0.0043354599726636075,0.0009554839633136364,0.0022903169131629044,0.005000305864513828
2021-01-04,-0.0013128889950687877,8.097124754453955e-05,-0.003354781651906882,-0.0010628976502125107,0.00012909805525606471
2021-01-05,-0.0005666816463870197,-0.002980313806444085,0.005668499132628825,-0.0026716457076603395,-0.015282513410780327
2021-01-06,0.005043715626673041,0.01791899915280627,0.005108809768776685,0.01881126015304068,0.0075254090838558635
2021-01-07,0.012082602356945861,-0.01834888384189947,0.0008818715488587529,0.005248013960020644,-0.018245242654478765
2021-01-08,0.0064068866733373855,-0.013094859189925024,-0.009096698426882408,0.008892476532895875,-0.004777852174095544
2021-01-11,-0.008616493823956005,0.013902488060952678,0.016977334586875288,-0.005965527352368546,0.007855740344506965
2021-01-12,-0.0015949248855799587,0.0013497537272359557,0.01315018218897529,0.0021520552910891753,-0.007512315419259466
2021-01-13,-0.007927313110121409,-0.00884476754682336,-0.0012389609363603312,-0.0017115715329920653,-0.012131745736501146
2021-01-14,-0.016891388521486642,0.007794956288633742,0.020617004701071,0.0034325082898242843,-0.009498951260497303
2021-01-15,-0.006377689714001506,-0.005284070694436113,-0.015039850671632915,-0.00614950407930924,0.02248312756195699
2021-01-19,-0.002486875406606132,-0.008467542271766097,-0.0020391324315605502,-0.0036076323397246073,-0.020887740240446432
2021-01-20,0.002171793890060886,-0.013832329480205427,-0.01434435427061142,-0.0034051515684036388,-0.010749096369579832
2021-01-21,0.002783354657922105,-0.012961848459338702,-0.00037716370881538943,0.006618407903658437,-0.007257092252125842
2021-01-22,-0.0013935494715401333,-0.008106998128838321,-0.009760225684365352,0.0023704610056904728,0.0036536598838938406
2021-01-25,0.00342972990011755,-0.007927113020074247,-0.005168020575020744,0.006218550037838408,0.003221819413126538
2021-01-26,-0.0030148914826871416,0.0012035573870531808,-0.0020561458773935585,-0.0027748104550830623,0.007558427715592841
2021-01-27,-0.0038788519525673783,0.004589063568711617,0.0036272749257088045,-0.0019103974083125273,0.0063294315822165735
2021-01-28,-0.00010572917626210099,-0.0014085734851891733,0.005379671451852036,0.00834274250014335,-0.001455705230507631
2021-01-29,-3.784770637623412e-05,-0.011783169976126426,-0.002106856119044962,0.008453059932810456,0.006555734802502109
2021-02-01,0.010786052575114025,-0.01911659500444421,-0.007218103978796915,0.01088234447729654,-0.01599141188657994
2021-02-02,0.018154766070918392,-0.003789113960864378,-0.0005930212230906527,0.009431416348723033,-0.016500717380552695
2021-02-03,-0.007262488528204134,0.008887900319847743,0.008425145442560684,-0.009871903358798772,-0.0011796651774567623
2021-02-04,-0.004641259530586807,0.012973594013799859,0.011082130703842744,0.0017242015303856112,-8.515783420366511e-05
2021-02-05,-0.003742044410443226,-0.0008391039813238558,0.002504889741630834,0.00119944091686057,0.00578885793626604
2021-02-08,0.008475236648289712,-0.0027016417053522413,0.009679486338563078,0.01062677943025304,-0.01701010294097
2021-02-09,-0.0010534279427043504,-0.00045882861423006275,0.00045859269978079566,-0.0011725058024826115,0.009243765888507262
2021-02-10,-0.0028014221365469565,0.0016529042823048502,0.0024019347423252734,-0.007225928868184992,-0.0038310206231177315
2021-02-11,0.009343864809187707,-0.012112037834287177,-0.004194049055083979,0.012539763707698982,-0.008523446267948251
2021-02-12,0.008507451933292626,-0.004038949372564135,0.0019844714669311945,0.008164083484796315,-0.006876899976550793
2021-02-16,-0.003489109451420216,0.0035707606706988477,0.006842098829868727,0.0034168063796651597,-0.010752738106740432
2021-02-17,-0.01033684300860192,0.01766052323675611,0.005947137010687602,-0.006332303549166677,0.004187125330161156
2021-02-18,-0.0052774114183733924,0.006444696274139121,0.0020032414030168562,-0.0020893473131833847,0.009355996543511283
2021-02-19,0.013002417246512271,-0.001837459118322519,0.0146299548226748,0.01617062985135939,-0.01271093617715388
2021-02-22,-0.03004292675664647,0.03366479911317663,0.013613577813101322,-0.011442966689288273,0.012600243972170796
2021-02-23,-0.004875453481905958,0.008935350046096417,0.002544556404168824,0.002574482716291308,-0.009077586210327594
2021-02-24,0.0038444098624370506,-0.004829415906647645,0.004359356232600781,0.02061345699386935,-0.020042268934258388
2021-02-25,-0.0072020644484662305,0.020626776753792625,0.006480796737461641,-0.010101625739006557,0.030052639607015624
2021-02-26,0.007243797965889088,-0.022656834388720945,-0.00670790434311991,0.005023339157679262,-0.006075485746259409
2021-03-01,0.015905160954376996,-0.015382230523934254,-0.0004079555109729842,0.01915167499152134,-0.01939264916265775
2021-03-02,-0.00397517607967424,0.010683150503321744,0.003019305757679532,-0.0010587056095773158,0.012378565767878458
2021-03-03,-0.010083002553252184,0.019278199692919724,0.01281899939085457,0.0039542759082626215,0.00968192938668587
2021-03-04,-0.010531024191813983,0.008209641515296458,0.005228311363835399,-0.00011984162323958568,0.010560156336182777
2021-03-05,-0.008043453116690198,0.00023192141902906964,0.007007576734029164,0.002416782143254498,0.0011014405514450515
2021-03-08,-0.016701664383131667,0.02945721372764274,0.010735014205880779,0.011191582877823902,0.022590557262908328
2021-03-09,0.016978537113099903,-0.03013597345039769,-0.016114160343181524,0.00241234041780458,-0.025900044644929475
2021-03-10,-0.004531531538748401,0.017245378302959823,0.009908992427532444,0.0039670740843972315,0.008711119094082866
2021-03-11,0.010941143116668096,-0.029885109785906434,-0.02399306333806831,0.0022331030940986943,-0.019766295461368526
2021-03-12,0.003803956364284409,0.01764908920701782,0.01190152420997732,0.003881913147448503,0.010575184925140087
2021-03-15,-0.007398370452947391,-0.009394189326741006,0.0019949409837289643,-0.0018245109490711217,0.0015116803116942933
2021-03-16,-0.008769666236941157,0.0008099781621967589,0.0009407578189890129,-0.007965201126779467,-0.0008032103057720545
2021-03-17,0.0021003012969676373,-0.008647316993104424,0.002188772339992947,0.008707994545145627,-0.0036793751770797093
2021-03-18,-0.01080895218849507,0.020841914414614006,-0.001604746597146085,-0.000999835356752618,0.03016239101812817
2021-03-19,-0.005633891406051882,-0.004853460374328893,-0.002062892973684444,-0.0027570268705407893,0.0012671544975796016
2021-03-22,-0.0017747397099864368,-0.006843811324566224,-0.006997287099127256,-0.005473239261916538,-0.002941066110702306
2021-03-23,-0.0138678466653863,0.005967920633385388,-0.008130734390417841,-0.0143204192940356,0.008673203658862618
2021-03-24,-0.0011019019032891299,0.012365740882862263,0.0042642759564992146,0.010735543822904717,0.016771399902290297
2021-03-25,0.007105931073724205,0.00951562741658582,0.008724784639474573,0.01040812606808574,0.0028295270828001774
2021-03-26,-3.2769842343932654e-05,-0.006531901876747157,-0.0013151692491266131,0.0083913090205215,-0.0023516042522957054
2021-03-29,-0.016265566831325504,0.005997803147727631,-0.0018462393421883048,-0.011153804449147545,0.013466801234030826
2021-03-30,0.009386848922387206,-0.0027648397249970137,-0.0017156419313060093,0.006481550697025756,-0.008473849915862914
2021-03-31,-0.0014530714283606428,-0.017469707184679998,-0.009750570059867677,-0.008433039168361953,-0.015792064892935907
2021-04-01,0.00024431713426837677,-0.012637063783189129,-0.0005024537255028261,0.005160132761038881,-0.019635978519236447
2021-04-05,-0.00593407918630524,-0.015924260756180354,-0.007272304039837071,-0.0018613665336824937,-0.008963698275720564
2021-04-06,-0.003228366038494118,-0.0016610148034501854,-0.0011433050146899431,-0.0005213046885900754,0.0014046045615801039
2021-04-07,-0.004998081223269783,-0.002677426898440602,0.0022137121486461592,-0.0018344343999869422,-0.004357059184860123
2021-04-08,0.0021964041622356415,-0.012126719263659443,-0.007839659106223954,0.004079020460297248,-0.00948778419093209
2021-04-09,-0.002901273325736568,-0.005122739987935646,-0.005551476030872444,0.0011238165920187913,0.002224716666392329
2021-04-12,-0.009602187233968735,-0.0041521400351860705,-0.0014609205194679857,-0.005763491991433689,0.0028653256551991312
2021-04-13,-0.00364819225137685,-0.015877635430097993,-0.009738756220252746,0.0002481890758960386,-0.00937988483818952
2021-04-14,0.009804255845600662,0.01664441270809874,0.011148588404032609,0.010889616147203312,0.005562591888724685
2021-04-15,-0.010086735045707796,-0.008920845952324147,-0.009483138215898338,-0.005079148957213929,-0.00610964221744109
2021-04-16,0.003113884380655776,0.006317008865364669,0.0057917982674989136,0.0015524456442513055,0.008293419138838643
2021-04-19,0.0012885120113013257,0.013650924012539062,0.0008557781794056472,0.006898815272108644,0.012598036454583676
2021-04-20,-0.011313670876084668,0.0058908980741974384,-0.0035954207060584133,-0.0028800523368055064,0.02008219424343806
2021-04-21,0.009925026392119018,-0.0030507464335337202,-0.00240750803014262,0.003021041615033997,-0.008292140361653124
2021-04-22,-0.004593673143614091,0.003063116058904398,-0.006539570916357521,-0.0010183140210853828,0.007044323641354773
2021-04-23,-0.00152073541318919,-0.015169078317919698,-0.007714390190937571,0.0017538966565944138,-0.01063525265333488
2021-04-26,0.0002782748000022643,-0.010932927280730706,-0.0008123230402412103,0.001090370166674059,-0.017776326906762934
2021-04-27,0.0005497164155069739,-0.00039293464546173544,0.004052156419559848,0.005104485221739382,0.0043824943917069835
2021-04-28,9.331909349505427e-05,0.0041661199793178155,0.0021235127208964304,0.004191450330706541,0.00024909323671912145
2021-04-29,0.0040269480401482665,-0.013751426050598821,0.005111454957000077,0.009741279034553874,-0.006115249289206573
2021-04-30,-0.005269597156986258,0.005804887628473209,-0.004915594972351752,-0.007252315481508483,0.012595124682297261
2021-05-03,0.005338942859484122,0.009824840251002553,0.007530507399881227,0.01438808926226818,0.018153255556519317
2021-05-04,0.008186305208397306,0.00497036199702248,0.0038558383538141792,0.015871126698778423,0.014565059046683159
2021-05-05,0.007831854916276578,0.0023238855492457126,0.00924113858248465,0.006341651061519071,-0.0008277380833400152
2021-05-06,0.0027024178778518194,-0.0035965640407941233,-0.00042437598050442706,0.00470830086858155,-2.279531898207593e-05
2021-05-07,0.006910674359780166,-0.00804600785329634,0.002936637290819939,0.005594986035749129,-0.007465584768221964
2021-05-10,-0.002638045772460528,0.01604219589886931,0.009544909940131135,0.013733056540670292,0.03285881965587304
2021-05-11,-0.010952978345310335,-0.0006784589004758274,-0.005570420008009995,-0.012343335312746277,-0.005727917632208869
2021-05-12,-0.003910897267623857,0.01706689430930277,0.009358609899733378,0.007801726632896258,0.015768390511585136
2021-05-13,-0.0023907774757001635,-0.002644162878410697,0.001476316814289752,0.006035798164309172,0.006663357994227931
2021-05-14,0.007579053125551359,-0.010155220395589675,-0.0005816543734453641,-0.0013200098463423716,-0.02118301456677287
2021-05-17,0.004059059664708843,0.002779425609567675,0.006385328321967836,0.009398212403296038,0.002676698989286989
2021-05-18,-0.008351612187496665,0.005142046929119289,-0.002521429976314186,-0.005955911358508769,0.01018986861760398
2021-05-19,-0.004432430248825904,-1.8891430766017087e-05,-0.0008347656988416502,-0.006808065379724635,-0.002833643198319856
2021-05-20,0.0013206591963286548,-0.00444163521741517,-0.004684756712901384,-0.005826629976592587,-0.0070016535786574675
2021-05-21,0.0031010371812007385,0.00041784776374305735,0.005446692171714798,0.0063766749387733955,0.00011915242130399774
2021-05-24,0.008031520894477373,-0.009205580641577612,-0.0021426563502034406,-0.002127881015562298,-0.01945170620257627
2021-05-25,-0.0025858367807056904,-0.004772182605759015,-0.006356351761024163,-0.004224771756624066,-0.0020108609905564448
2021-05-26,-0.000993159118095875,-0.0032317810452369192,0.004326479481718961,0.0014347068961688832,-0.00735060989187125
2021-05-27,0.0055087842723870245,-0.013496745687196086,0.0006279004081786339,0.00488872422961284,-0.006833114707189271
2021-05-28,-0.003848058251473115,0.0020840359778741355,0.0006057266629447685,-0.001887079561207269,-0.006292820095832381
2021-06-01,0.0066451238425599465,-0.007632467161173854,0.012261995124796265,0.015232329747466985,-0.0008478991335789093
2021-06-02,0.0014726891409218958,0.005605440200763721,0.005300924016533143,-0.0005072616336537729,-0.002327893032836644
2021-06-03,0.005002333645282294,0.01039726463211927,0.009260217921018471,0.006615389349787519,0.016728002365177748
2021-06-04,-0.004012158999316021,-0.011399840169877901,-0.002045433661810571,-0.005031579075315091,-0.014313820675892736
2021-06-07,0.006008386445567502,-0.004327373272924959,-0.003349127523968547,0.006339603018858889,-0.003938337706102585
2021-06-08,0.00353059027975418,-0.000815830766942817,-0.0007751091952570451,0.0010905546504650146,-0.004800152548693402
2021-06-09,-0.0033524678874609203,0.008982083032406123,0.0012045334308553948,-0.0013131837411205442,0.004084920366539154
2021-06-10,-0.007717411658470984,0.007943549783768735,-0.008003761385632857,-0.007504899345293099,-0.0023993469205394495
2021-06-11,-0.004264598682343846,-0.005227187032233776,0.003798673509091077,-0.0008306202633739258,0.001204902924485516
2021-06-14,-0.010786616994841493,-0.0024552169229942454,-0.006446081431526471,-0.004787692431725264,-0.007163603770949477
2021-06-15,0.007487785905601164,0.005750587334801447,0.00610373095663861,0.004425390303823735,0.0029680848753466144
2021-06-16,-0.003968926528043505,-0.0021493719421300456,-0.0023562619568485805,-0.0014958363862430466,-0.0046341794623500155
2021-06-17,-0.02083229418768863,-0.002205269791498701,-0.014767270005253087,-0.0133420327816978,-0.0008046154499925461
2021-06-18,-0.009622093825439756,-0.00482749269874197,-0.01186034173687149,-0.002540445644000758,-0.0016613102706244803
2021-06-21,0.015775358107661595,-0.003514306201163553,0.0011246031447529961,0.010345295257070833,0.000461449680113973
2021-06-22,-0.0032320054746281307,-0.008844292757407097,-0.006069728069789471,0.0025000382418846317,-0.008011396092136188
2021-06-23,-0.005436487228558478,-0.01137876400165869,-0.007586443852959702,-0.002621198174963127,-0.007887120519454536
2021-06-24,0.0030109820087190287,-0.002965234462662383,-0.0009425601992370256,0.00014483372047554947,-0.00969581566016017
2021-06-25,-0.0008477417349483213,0.002331965127307938,0.00277364833948054,-0.002291922267536431,0.007262667492217474
2021-06-28,-0.0105032308605679,-0.01449951664705379,-0.00388359263523362,-0.0022137624099943572,-0.015317049176561388
2021-06-29,-0.003743371079685315,-0.0032814415104512346,-0.006206725747012518,-0.0017152343427431346,-0.0035554871855833616
2021-06-30,0.004174487895929632,0.002500588839295405,0.008847652984209125,0.0006492003462042783,0.005850350476882624
2021-07-01,0.005963111921859993,-0.0017946894674678183,-0.004210936158777269,0.006920558366332084,0.0019131891303970855
2021-07-02,-0.0015662443246240946,0.000994643457898123,-0.00365411038110733,0.0020993383773373984,0.0018827343655455258
2021-07-06,-0.010204955119110584,0.0017095378577074204,-0.004008193371316393,-0.00019715624716479252,0.0035031646778706984
2021-07-07,-0.00017582319622917557,-0.0005058248762808666,-0.00045562547728463746,0.004574229549371653,0.010702460450544595
2021-07-08,-0.007244004624890989,0.004392205116931587,-0.0014038530019965766,-0.0022202163457797864,0.004872774582994176
2021-07-09,0.007387430305432911,-0.010555142149194733,0.005084832112307506,0.0020294421572864853,-0.004586253439972498
2021-07-12,-0.004164663958495667,-0.008189116232556344,0.0007556866900408313,-0.005822345215996182,-0.008215244414873838
2021-07-13,-0.002458771740556009,0.008029397832280058,-0.005040874057076049,0.0016302062545755715,0.009725878302761202
2021-07-14,-0.00015548236363391657,-0.0008603311757332758,0.0036932771990367194,0.006714898654125455,0.011651300949325705
2021-07-15,-0.010068140841107775,0.002551592235114502,-0.0075441227211680735,-0.0021098296783609396,0.014413109461845604
2021-07-16,-0.0037491899557128604,0.009319318252289925,-0.0069364603810168676,0.005518474894451719,0.01019616406645753
2021-07-19,-0.0015079803824042115,-0.0033717449926247787,-0.00045863437792726704,0.0018968603937116364,-0.005294140981228865
2021-07-20,0.005316543533626869,-0.01460776511134049,-0.0010580809368479233,0.0034321179356806867,-0.009938079302096114
2021-07-21,0.011979072932546249,-0.00723942900706974,0.011295763824032263,0.008723660456799884,-0.012564196008683404
2021-07-22,0.004602415403826797,0.0018934893474832344,-0.008551169639579928,0.008637773048638425,0.005303541925635785
2021-07-23,0.0012833318809507867,-0.004190057450945207,-0.013968571724219777,0.003434135611955289,0.0012538881402256157
2021-07-26,0.003408849086307329,-0.00016630995784528324,0.004070048283401565,-0.0011585921642959505,-0.005031729047671289
2021-07-27,0.0015888726486837025,0.005726956908907509,0.0026935585178000637,0.006887228344616026,0.012936269609367071
2021-07-28,0.0031301943998325856,-0.00677146301684904,0.004369021796787043,-0.002227068864234778,-0.012310361301426693
2021-07-29,-0.0064541753016200964,-0.014435541382234489,-0.0009124693649553072,-0.006136952243659817,-0.00869752023864637
2021-07-30,-0.00802158513984237,-0.0041032905693355656,-0.0025298051413191686,0.002162103223177666,0.008449909698849048
2021-08-02,-0.00389544337846891,-0.005136570412580728,0.003832755944998431,-0.003275439373304945,-0.0029455667058418
2021-08-03,0.004436669404912892,-0.006402049913970085,0.0019064002563005068,0.009704743947553818,0.0017345211010564411
2021-08-04,-0.0012644673362270564,-0.010208895592673684,-0.0104041049890254,0.005475919293637561,-0.010712068182342471
2021-08-05,-0.000872350420078374,0.0012734375826154217,-0.002766120661037181,-0.002093026641363958,-0.0035190546978142783
2021-08-06,0.008163338364570588,-0.0033312353187633656,0.0034052855944749286,0.00564234990946701,-0.002330289310319307
2021-08-09,-0.005546979058166507,-0.004369231662570926,-0.0015379502668482945,-0.000867849844850261,-0.00039451809544961084
2021-08-10,0.003865925436302044,-0.0011427073645533994,0.005974436521869311,0.005135703107626398,0.003258231060349743
2021-08-11,-0.0008052161697273677,-0.0006747108980058594,0.0070858101171813815,0.0012190117158871387,0.002843089957829175
2021-08-12,-0.0009889436916476098,-0.0023537463560962864,-0.0030000064325906867,0.0003709225369281071,-0.0003850329729814237
2021-08-13,-0.0021538953995817824,0.003372490035432694,-0.0009236855661532667,-0.00038911544022909644,0.005938642513899533
2021-08-16,0.007246243139076654,0.003689031602859055,-0.004886776353598823,0.010447564442379542,0.013242513641446579
2021-08-17,0.004587496121179244,0.002978247895941597,0.0012080505276021083,0.010205577406161102,0.013270462282206354
2021-08-18,-0.0076265711892778395,0.0002573740019637689,-0.007109452084615186,-0.005420106232650972,-0.0013069641769628427
2021-08-19,0.012509841789301528,-0.009210746031749945,-0.0035355154475211767,0.02082582080131351,0.012748506815210971
2021-08-20,0.007155802940214024,-0.008441821665312207,-0.0009278757397947115,0.004834994561298097,0.0005163422087285114
2021-08-23,-0.006411110403680585,-0.004360529097717471,0.003006519937588485,-0.014993769396382589,-0.022195233679848318
2021-08-24,-0.0027528189471897886,-0.004121061766582604,0.0024983523649514386,-0.005490169970436086,-0.00956093782288374
2021-08-25,-0.0010879645093218632,-0.008742269522906828,0.0031343770497030267,0.0011376279676614989,-0.005423622652605242
2021-08-26,0.0007643851224475948,-0.0013618606256717205,-0.002019153885818987,0.0010291444538625457,0.00022612862853643462
2021-08-27,-0.0016651262194059737,-0.0042323230469379965,0.001622370186738528,-0.0047281274294613505,-0.012332442005508074
2021-08-30,0.004907825350020349,-0.001503174737037572,-0.008375953639498833,0.007127605283376171,0.004193419179758898
2021-08-31,-0.005048030810692027,0.00761944958486153,0.0007013951544478586,0.00022740217949178106,0.010068653507294271
2021-09-01,0.00266593674037167,0.004595673666356157,-0.00883445914963988,0.010315339273842357,0.00972557444217062
2021-09-02,-6.880635261159555e-06,-0.006480296842335793,0.010051088075105536,0.003811904364934492,0.006273300729922756
2021-09-03,0.006819167417958515,-0.0022713908912297804,-0.0032414664402744277,0.007916276898235616,0.0023071984593909635
2021-09-07,0.0005639599267392905,-0.005041848611235043,-0.008195836653283202,0.0005538920424694393,-0.01266208635153271
2021-09-08,-0.0036532934201834438,0.004819966025023605,-0.005095523331268795,-0.0022343218685638463,0.003774677553230178
2021-09-09,0.0005482484432767984,-0.008131614164450652,-0.00020886635689104129,0.002220237570077328,-0.004984851387359315
2021-09-10,0.003600428880315054,-0.0031659461678518793,0.004430971251047279,0.006385395418288406,-1.836112367167072e-06
2021-09-13,-0.011336428137530996,-0.0007311670821791375,0.009593384140232416,-0.01222835786406197,-0.009024670956126532
2021-09-14,0.007130155685221705,-0.002850953074638431,-0.00545344691093461,0.01081005096770221,0.00764894558625041
2021-09-15,-0.004965976840645755,-0.010155339669980301,0.003858205756058693,0.0024038026232287776,-0.003394085900188599
2021-09-16,-0.00011845128119306785,0.0024873054461524383,-0.007397797000767899,0.003246447130256801,0.002254288939898745
2021-09-17,-0.005838312540861234,-0.0020100991848383655,-0.0038341535495837985,-0.00041476629551101714,0.0018615098636363733
2021-09-20,0.0068965126135825915,0.006420524274781042,0.0012144420741201836,0.0038779528422562687,0.01099467855951241
2021-09-21,0.005198704715362931,-0.006265594574365835,-0.00409400530418643,0.007621500886751983,0.0032583265277721313
2021-09-22,-0.007996179851930858,-0.012324431045740195,0.009364942769536007,-0.003820099802327298,-0.011527995911954107
2021-09-23,-0.0016611614843198182,-0.0037248950222726635,-0.0021572685996911686,-0.0016832585704206794,-0.013708437984573715
2021-09-24,-0.00135305344298675,-0.004754409452591569,-0.007715548390289176,0.005686540931152341,-0.0067524444446955476
2021-09-27,-0.017072549838656723,-0.004777939946585621,0.008929602813415814,-0.010510253608545038,-0.010898280320578727
2021-09-28,-0.022148681201174504,0.009028822915388514,0.011474700354800551,-0.016816053139028116,0.006060499752407472
2021-09-29,0.00296010329047144,-0.00040714117678799806,0.0005719944336959057,0.0031948187081073482,0.004041206977681353
2021-09-30,0.0017017963505385099,0.0010067306997096834,-2.157825104115267e-05,0.0014295724342933726,0.00037940109366543275
2021-10-01,-0.006623684836117133,-0.005634815486337527,0.0026959489366027243,-0.0005977115152725945,-0.010420224316832111
2021-10-04,-0.01253335194673381,-0.00011037815900042693,0.015117344268505868,-0.0026630630001277487,0.00936401365459541
2021-10-05,0.007587407628829203,-0.011023656553861245,-0.0032834353657903723,0.005571266607179426,-0.008750791826159727
2021-10-06,0.002830986551858127,0.004117066989824851,-0.003508642080484386,0.00211487210454683,0.003165931319762664
2021-10-07,0.0031606995212850562,-0.004996002814305879,-0.005367500475736043,0.005162083909253515,-7.984090590127182e-05
2021-10-08,-0.0011248997438339644,-0.007159029916230592,-0.004335915843787447,0.002801874047004031,-0.007627015991422313
2021-10-11,0.005528865177471301,-0.005592054728989869,-0.005294014036953288,0.01228402413609116,0.0072554524693220854
2021-10-12,0.00501257515753832,-0.0018021119307274434,-0.006061584284968857,0.0081194182382398,-0.0019343705781051574
2021-10-13,0.006611891771990122,0.0009567391454132221,-0.002058894252928386,0.0048824648597834515,-0.001114428856149896
2021-10-14,0.0022649835520389076,-0.0009113361776043501,-0.003427658037939877,0.00017077047414297032,-0.002910754541803697
2021-10-15,-0.008319357350415304,-0.003963060742406729,-0.003029790982743462,-0.007905549922885252,-0.011752378422523876
2021-10-18,0.016514996222076257,-0.01363569929942689,-0.014015027104714622,0.01709636415786946,-0.010784319168197293
2021-10-19,-0.0027640326123103895,-0.0012121807706963438,0.001986679128721188,-0.002038327541445409,-7.474111572392493e-05
2021-10-20,-0.00472464493209473,0.0026803222295880614,0.005752967513712175,-0.0011476179955435956,0.007617095438518162
2021-10-21,0.004572414559449353,0.0008664874903922708,-0.006191539000689926,0.004928376670815997,-0.0016771040950052554
2021-10-22,0.005155737082775799,-0.014720656557307057,-0.007025498461954015,0.01908623311428609,0.002334089231385829
2021-10-25,-0.0005450120778112766,-0.00947077510693769,-0.007912105085625717,0.008371870780254441,-0.01204458116955087
2021-10-26,-0.0011044426645796992,-0.009134615104186939,0.010060818949697473,0.008996051175185833,0.0001404747860602757
2021-10-27,0.019637283380418695,-0.009972045995292823,-0.007797955133274136,0.02551681558221838,0.009939810701014481
2021-10-28,0.003180457717885452,-0.0024390652769208394,0.005469559932201864,0.006606575622581618,-0.00035196736116227187
2021-10-29,0.0037184310099193166,-0.004341078197909861,-0.00946740429555817,0.010034545942766714,-0.006063914888613768
2021-11-01,-0.0025746937711206043,0.0019299895907941814,0.001495265407716438,-0.0028258985288045,-0.006833551180763045
2021-11-02,0.005886206458637052,-0.007303560992944839,0.003065885838988646,0.007818924280863388,0.007296844126668145
2021-11-03,0.0024232127419301017,-0.0006612765958920802,-0.00492560708066298,0.003414577002768116,-0.002431474992150645
2021-11-04,0.010391872184584355,-0.00016702239858336614,-0.00676654904784176,0.014453356873563132,-0.016614452944402714
2021-11-05,-0.01447212534240809,0.005315279687663852,0.008370733736310655,-0.014391379490290419,-0.006893233200322367
2021-11-08,-0.0025937304498716697,0.0016402056889658267,0.0017262312498300192,-0.0015637212327674589,-0.005602318019736463
2021-11-09,-0.00733817520059851,0.006239970331219207,0.010919618725720536,-0.0013552985068636765,0.013742468104237005
2021-11-10,-0.009264386675891209,0.01048966885989851,-0.0024457030194461036,-0.010276276177997534,0.007043556624795151
2021-11-11,0.008913546164691854,-0.00935335098886333,0.0005334870769070697,0.013046128585368001,-0.0017975870918728715
2021-11-12,0.0015609375766214928,0.0013191349798316633,-0.008237067100681636,0.005403110719814684,-0.0019753023529626643
2021-11-15,-0.0014827680553713301,-0.0009076338163772176,0.005351298625565748,0.0005726115089934576,0.0004700492231485151
2021-11-16,0.010830215809775693,-0.012016575247484373,-0.01656027347238183,0.017587988189424343,-0.012604989631470739
2021-11-17,0.005775197538960141,-0.006407596559654959,-0.00789558132362112,0.011340093578088361,0.0038721675624458747
2021-11-18,0.018289679332697276,-0.014494681442753328,-0.002389233759621337,0.021130791398018545,-0.006768222288839571
2021-11-19,0.015105256583512812,-0.009755381388144236,-0.013292747420330027,0.016810043692703412,-0.003141708207351171
2021-11-22,0.0033632076153353955,-0.00467514023279191,0.009893580919987453,-0.0035308685732776714,0.01017037352114181
2021-11-23,-0.009774580194689622,0.004198418954390103,0.008602136653826729,-0.007187213132079732,0.00459743246374846
2021-11-24,0.0037633989428729328,-0.007561732794174702,-0.003871281758373846,0.002287237960755425,-0.009375865952965608
2021-11-26,0.003908024130092674,-0.00022517509315142514,-0.007644270492317768,0.004988197118269599,0.01661779507888905
2021-11-29,0.017888576683115158,-0.02371647127854605,-0.011227484155649194,0.028788615171386728,-0.00795886662235714
2021-11-30,0.004169694043631034,-0.0011160335482551485,0.0013460644668608877,0.007763032967901859,1.7730447654094872e-05
2021-12-01,-0.001573654648921681,-0.0013821224025646825,0.00885200805149991,-0.0013564799365619502,0.023666954017761074
2021-12-02,-0.013843205071329514,0.005571196281569506,0.006375523958708829,-0.013912019060610174,-0.0136049123884241
2021-12-03,-0.01762453183959912,0.016773164556501866,0.010670708678761286,-0.012241506410775645,0.027726985570889366
2021-12-06,-0.02089239850869678,0.01112750363605553,0.0037045179063508685,-0.016532175129160383,0.00411598661160781
2021-12-07,0.022748853102982983,-0.021859759491895187,-0.008234918024734162,0.018959397634166313,-0.017337342242723857
2021-12-08,-0.002207262269139636,0.002737225487692807,-0.009027095997059656,-0.00034974259554600194,-0.005359929410390148
2021-12-09,-0.008637297190408504,0.0075063994671539305,0.0012260590536043977,-0.005798640770027062,0.016021376172220773
2021-12-10,0.01038038433635723,-0.013937578871790245,-0.0039098147352911415,0.013299305394543524,-0.0037531631989637087
2021-12-13,-0.00965473584723739,0.01856672129951039,-4.719304176056122e-06,-0.0075948613508075025,0.02381863419868416
2021-12-14,-0.020443364734531972,0.011310846785219696,0.019650245483943216,-0.013510191433913854,0.007879921957065529
2021-12-15,0.012396792248589038,-0.015896040966305473,-0.008390600586874962,0.015180914365737944,-0.008429980177800922
2021-12-16,-0.02197988198327397,0.007387342658031079,0.011385799749309887,-0.008663670495807985,0.02663677076142648
2021-12-17,-0.004191598354690193,0.009459964553000052,0.002468834880105698,-0.0033310958749248904,-0.004619244191654657
2021-12-20,0.0015673535497225007,-0.005343357942038401,0.008266816097066476,0.009906141307646048,0.013359078348204734
2021-12-21,0.0012411260931610643,-0.0002779486363990516,-0.002908486051890414,-0.011545941240443211,-0.020284614315898786
2021-12-22,0.007788233845496861,-0.011979106402669196,-0.008200228965615772,0.007497420853938421,-0.004430237836040912
2021-12-23,0.00025619500975898775,-0.005198948069777872,-0.004843857742723266,0.0005597191862721351,-0.008274018507443016
2021-12-27,0.011222514770450866,-0.014767459493355624,-0.007250256574374314,0.009827301567647632,-0.005129527078879755
2021-12-28,-0.008477361960428297,0.00785245666507554,0.003687995899188095,-0.002081607504463845,0.008328164444316614
2021-12-29,0.0016893288345873649,-0.000996533928715051,-0.0032768085401560596,0.006369724439619267,0.00636031988152338
2021-12-30,-0.004746291545381791,0.004353963296313142,-0.0002639055175073907,-0.0030687324672129955,0.003658669734280005
2021-12-31,0.00222209670170162,-0.0024123895601003173,0.003242944977799439,0.005530393863425612,0.009117373795070844
2022-01-03,-0.0068857716522345925,-0.004232556183811869,0.009263629901776899,-0.007316253346205434,-0.02672555840698686
2022-01-04,-0.015550521930272112,0.005276705366491278,0.02067054586981624,-0.007207291041338314,0.007720478675835203
2022-01-05,-0.018943045460164648,0.015233090123989827,0.0207487147387563,0.005523540847562174,0.02564740122745178
2022-01-06,-0.010650769746133975,-0.005611299275095681,0.009575132255546985,-0.009201720747714673,-0.004001849740566582
2022-01-07,-0.021904862697665374,0.005781271577418483,0.01793017845817154,-0.006149551310831983,0.019667148523271824
2022-01-10,0.0002559638069977955,-0.003371256764191046,0.0026059768963862737,0.0004975319209042056,-0.0063735817029817645
2022-01-11,0.0007811976784105404,-0.0056825180819184695,0.0019683834482722515,-0.0021640856357756748,-0.014930162448698051
2022-01-12,0.006896173735495077,-0.0029874453033081217,-0.006479156186589746,0.002966921195252346,-0.0067098615636264295
2022-01-13,-0.022028823253139235,0.01521281655355048,0.020551224544358336,-0.00848392653608394,0.027371923875728534
2022-01-14,-0.004306744495322557,-0.0027247858423957616,0.009876309999325386,0.009379979697892785,-0.0090521506017207
2022-01-18,-0.007589332959980252,0.0014995546299049166,0.001144743466294753,-0.0026692831760876112,0.010532101940547895
2022-01-19,-5.060910357660396e-05,-0.0015572767514016091,-0.0013897326578550355,0.003461069468647917,0.01528051205113947
2022-01-20,-0.002129518791929864,-0.0038657536788996166,-0.0019130065675257522,0.006075737864317733,0.009923664031670453
2022-01-21,0.005402894611762821,-0.0016322012569160212,0.0034959168593319684,0.012384664537060802,0.026039423866306633
2022-01-24,0.0039217014214950555,-0.0030694588067462125,-0.007664455759227571,-0.00047345004382442525,-0.012682208986351903
2022-01-25,-0.004665684815009867,-0.008738960787099518,0.013865339119521642,0.01325619516080788,0.01750158434782884
2022-01-26,0.0121104238086424,-0.012903236341274577,-0.0037999057959979205,0.013845383824877084,-0.014329672586963573
2022-01-27,-0.013114737331594115,-0.00978857096057945,-0.0002764325512981912,-0.0069050626653245385,0.01917881505377381
2022-01-28,-0.0037473507415886585,0.004788305935974964,-0.0151569959122364,-0.01135408874838317,-0.01922966247061446
2022-01-31,0.016012169792439013,0.011711304948300033,-0.011119673304788424,0.0008490756769845217,-0.03069309614877344
2022-02-01,-0.003935011723316484,-0.0059968450853882405,0.0024257059603254036,-0.00040922485405727425,-0.012157553686140386
2022-02-02,0.0075244373816585036,-0.014662950393587615,-0.0005081251586479575,0.010098201797883942,0.00156265430933567
2022-02-03,0.006939462401997349,-0.014267194328862781,0.009015686280369264,0.02557488333182044,0.02993822446718706
2022-02-04,-0.0008381566044003818,0.000902780205787968,0.0019906432070345573,0.0009111106831423358,-0.015107794770947983
2022-02-07,0.004681037597032656,-0.010034352768887093,0.014695484660231305,0.010448762144460564,0.007600971275380079
2022-02-08,0.004627727964692936,-9.004265469292078e-05,0.0006766374250520724,0.005357560686456479,-0.002269141293951957
2022-02-09,-0.009332496703065738,-0.00011300334814216828,-0.0063477602938763165,-0.009573677355883551,-0.019015892766387696
2022-02-10,-0.006999548176879616,0.0012629168150246409,0.01294569302527802,0.0018264786210912959,0.015602537307226372
2022-02-11,-0.0021794814065348063,-0.013550812628090065,0.01728353018792618,0.02079585631647704,0.029458995124846104
2022-02-14,0.0009983183821810205,-0.0007746795347795044,-0.0004835125132758029,0.00020569296178372682,-0.002763432525173887
2022-02-15,0.005758243012203021,0.0005373763401665572,-0.0007403718660028216,0.0032629554941690786,-0.017754500917316125
2022-02-16,0.0020135690536141706,-0.004128866398247147,0.002762494325609972,0.005024619315213829,0.00203875786943636
2022-02-17,0.003981527253459974,-0.01085234237541597,0.016676852126995028,0.010524422199320094,0.036687405748912695
2022-02-18,0.0023208935915287757,-0.008663467499601956,0.002521836540941602,0.008032116276249366,0.012212122351334806
2022-02-22,0.00031388913058127445,0.0003197222161756084,0.005548260980780624,0.0007596512007393107,0.004936439338849517
2022-02-23,0.0034462073958239723,-0.010208893138435112,0.006193196471602535,0.009456896493196766,0.01992943972000913
2022-02-24,-0.03294027934561279,0.002016478703108336,-0.022222385824827048,-0.028296259235888733,-0.05120572304473833
2022-02-25,0.007702673325416021,-0.01030280489860129,0.007105601955504921,0.00916501504860389,0.01446919557300812
2022-02-28,0.0032441589672644834,-0.006583494682044508,-0.001336189526300636,0.012795129062731489,-0.014683419161598113
2022-03-01,0.008227293822783692,-0.017513174611524945,-0.0015855675001622462,0.012463172755736768,0.019204200120594987
2022-03-02,0.006972982319073371,-0.003982939747808521,0.002187910850910203,0.006826915009238245,-0.009487344422497716
2022-03-03,-0.0018414755084645356,-0.0017199950853329623,0.01052067481137456,0.004751277941551384,0.024566952915400106
2022-03-04,0.011525971125734637,-0.01603764584959633,0.008735011628533417,0.024116730759727964,0.019794944613271515
2022-03-07,0.003519926596821068,-0.016057724037268413,0.011358158820510722,0.02518191966872735,0.031161444535633603
2022-03-08,0.0024799126049874828,-0.00132900080967763,0.0005681640547192755,-0.003211352405744881,-0.019606752137773516
2022-03-09,-0.011801459329333906,-9.467141911230839e-05,-0.01731594907899072,-0.018789499398915385,-0.036763446570328505
2022-03-10,-0.002574002583587466,-0.010365272532347848,-0.001399295916000709,0.007278849364856118,0.004575528787414547
2022-03-11,0.0019568654909721157,-0.007602553928133178,0.0053243987386437765,0.010195043600219873,0.018171554628149948
2022-03-14,0.0030645411456900733,-0.010063225521280621,-0.002324007931335338,0.01198641744141067,0.025256206943514437
2022-03-15,-0.012195100038176173,0.006476343871860406,-0.007557689847627839,-0.014629658132553706,-0.008396131258515252
2022-03-16,-0.017869166353405838,0.013426854462045341,-0.012867550774469022,-0.030511208115549884,-0.03750761379785608
2022-03-17,0.0006130605982633472,-0.003488456515742625,-0.0055917184545439275,0.0032605236703059527,-0.002171269547377461
2022-03-18,-0.013546799264607418,-0.006188303565078653,-0.011494964468286076,-0.009114968142721672,-0.021974405512175017
2022-03-21,0.016902514708490177,-0.015351719366277163,0.006659364308121708,0.015259468885395533,-0.00047511430487767975
2022-03-22,-0.004652472001472986,2.3395835576105542e-05,-0.006360568560649407,-0.00603585399831732,-0.018694963547069506
2022-03-23,0.013254567486206046,-0.00878617691958563,0.0059985748301166365,0.021515747484325567,0.012790149254075286
2022-03-24,-0.00028597479929620695,-0.004654581861272234,0.005889653075598689,0.0026932343013662385,-0.015585881823521254
2022-03-25,0.005942624670579568,0.0015081177240779085,0.0055894634862429,0.003809208880887413,0.004741468501292351
2022-03-28,-0.011662812471736197,-0.0008571340713710955,-0.01606905291397568,-0.009033316228529827,-0.007563728860652437
2022-03-29,-0.015205238631771478,0.010500632397876294,-0.00864568763619655,-0.01455919868201613,-0.009176606092681373
2022-03-30,0.009030527643690991,-0.010214468631466475,-0.0002623156982661009,0.01459715281317012,0.020444890291020222
2022-03-31,0.0073713487979903385,-0.005950241567229696,0.002113418154737463,0.008845068589236395,0.009991617107239788
2022-04-01,-0.0011694973083222642,-0.0010863315993279014,0.0017731425468420058,0.0008490941986665063,0.01561631392832694
2022-04-04,-0.010952286909648088,0.0018485191735582926,-0.0032509452598305927,-0.007524881177646759,-0.02451141244206473
2022-04-05,0.012696108487388662,-0.00740137249788653,0.0005045947482858141,0.011693667897504104,0.030581406438037705
2022-04-06,0.02576322779568923,-0.023653760102094613,0.008953120870765722,0.03478539987321361,0.04391586939523363
2022-04-07,0.013052540893333296,-0.01971217629984738,-0.008849220809946512,0.01381207247823157,0.006310758886765706
2022-04-08,0.005265970941731385,-0.0029409178178514423,0.002915708293889633,0.013733793365950661,0.0200968306596902
2022-04-11,0.0023727527156596692,0.005789676537892478,0.01081106622990281,0.002564237911938258,0.014633606320252322
2022-04-12,0.006159351270565435,-0.007365214665215171,0.003225396383362603,0.00781356454808171,0.0005018351452462941
2022-04-13,-0.005873663798726245,0.0028344346502225375,-0.00032655818676141993,-0.00480070234002473,-0.012577921166233333
2022-04-14,0.00810275353946876,-0.005229261088655372,0.002902690163112648,0.015640004789312534,0.02335381346176922
2022-04-18,-0.00147797428167453,-0.003783092293030043,0.002629768172153168,-0.0004773888127198771,-0.018209157802642602
2022-04-19,-0.020218499564144485,0.01827959944661442,-0.004243759618873657,-0.01852199701261158,-0.01446452068190247
2022-04-20,0.017845461745738568,-0.00958292789936321,0.005015228917590282,0.020549470148652875,0.023275060313843927
2022-04-21,0.009664057884319632,-0.0074274075938490225,0.0032927752956177937,0.015295694016259805,0.02211748881613686
2022-04-22,0.008475765160822876,-0.00887610404650254,0.004144315410035404,0.009945209472061654,0.004736538062219457
2022-04-25,-0.004433593005645579,0.00635001732418604,-0.005643042855650185,-0.00625493809907973,-0.0028606995980157797
2022-04-26,0.019883640321106337,-0.015504259109006956,0.012234488879312742,0.025591726101455776,0.0255820840970417
2022-04-27,0.0017176206275164446,-0.0005751271571527122,-0.011006281619981417,0.005506246246615596,-0.004377977995006702
2022-04-28,-0.0060334216743156525,0.007208613041722926,-0.010686722000156315,-0.012660808649103827,-0.03392885979185223
2022-04-29,0.0027233081701941095,-0.010474834097387548,-0.005350297048960076,0.013205796745322507,0.01813831455095303
2022-05-02,-0.017417307605682057,0.0066026058782422915,-0.00023641677360006132,-0.016280319065632553,-0.03137608224396983
2022-05-03,0.0050400815961740945,-0.0044008413212010405,0.006351201386074181,0.0028647200096513985,0.002328660058981746
2022-05-04,-0.0071740483476841685,0.0011167325680531068,-0.003633589899080806,-0.009084245910185813,-0.014083862652488167
2022-05-05,0.026805319260473626,-0.012404144312784662,0.014079578501860392,0.030835229525956298,0.03957183327245885
2022-05-06,0.017101122242698594,-0.015453357832467473,0.006950934402740283,0.01891774879861552,0.01649288283314132
2022-05-09,0.016932863536647698,-0.0006278818913203199,0.017035780079312973,0.018765578224173053,0.03653580786455117
2022-05-10,-0.007305320294654016,-0.0028701046509241306,0.0005258355706073982,-0.007229013671213404,-0.01633845957286653
2022-05-11,0.030685512002046434,-0.011529478806586722,0.011157494556826492,0.028378441666911284,0.029040715529784072
2022-05-12,0.0015306297842387043,0.003070929261149797,-0.003947138138824208,0.004078928614979292,0.007713988612013092
2022-05-13,-0.020937070613889032,0.003856361487836517,-0.006529075757009915,-0.021390055017915098,-0.034202942291579566
2022-05-16,0.02023512551994452,-0.011402358130570191,0.006360610910496266,0.020194427419615024,0.023030863373174077
2022-05-17,-0.02066927756483571,0.008428807275816836,0.0036081028947992973,-0.01602957150984826,-0.029160179428951293
2022-05-18,0.021341278254920083,-0.008612997041192193,0.0032339493244896746,0.021030089859268693,0.02502539123049994
2022-05-19,-0.005034417075124515,-0.0027753632272421377,-0.01027167764901374,-0.000890979188991824,-0.0006183684312168897
2022-05-20,0.0008046359897308864,0.003123077622463955,0.0018698610225755287,0.005452211582102929,0.010226860104512774
2022-05-23,-0.002313502835328291,0.006963992538878125,-0.0014765648691819587,-0.004460940038944417,-0.0017723825482020995
2022-05-24,0.037460772229712364,-0.027029960198193724,0.008791782065626547,0.03910985854034154,0.04003884038645937
2022-05-25,-0.013575524182936782,0.0025152472784937957,0.005085630039240365,-0.006902176879175237,-0.01661147529512842
2022-05-26,-0.025828703594938184,0.011016853940917441,-0.00715815803932216,-0.023252361192051887,-0.02763978869059997
2022-05-27,-0.025252510842837333,0.008090451783936338,-0.013417847559009561,-0.02218190617826435,-0.02719542368055379
2022-05-31,-0.01182176752932348,0.014195276636585383,0.002723990439998313,-0.010378779327969778,-0.009871887943743829
2022-06-01,-0.001100844273881284,0.0031042069382705637,0.0028202454007717325,-0.00015755621046560208,-0.006148382749737396
2022-06-02,-0.039081984473235326,0.01862114614328865,-0.006871026718385687,-0.03561519492337896,-0.02984728487572058
2022-06-03,0.020621719249064308,-0.006082139282803035,0.005495529472946611,0.02471580928134113,0.02635184119504816
2022-06-06,-0.0006897747947339179,0.00022766960365219486,0.0028935373825704595,0.0027059889959355444,-0.0030380744886315666
2022-06-07,0.009307305504105592,-0.009023627867105973,-0.0016156533127753558,0.011397667388606359,0.00039029092224416445
2022-06-08,0.001064372110165475,-0.006937709126116397,-0.004060561033052931,0.00732765947929993,-0.0010265419023500946
2022-06-09,0.006265917522607026,-0.009470615069430411,-0.004022562489644395,0.007540148674286835,0.011691807542154618
2022-06-10,0.03292020128004463,-0.021632998107427456,0.010006857073863056,0.03340554794906052,0.03321549546393319
2022-06-13,0.02358942850191805,-0.011348987259109072,-0.0018469480103687833,0.020797974662393214,0.03074969075324006
2022-06-14,-0.010619595713380506,0.0011675120799324286,-0.0020702683132638603,-0.00482043976469976,-0.010906773968510666
2022-06-15,-0.021714945952852508,0.013292561925252785,-0.004485402511734595,-0.020139763588720223,-0.024334490956855755
2022-06-16,0.028358803227709166,-0.016341873755210044,0.005667691317214476,0.022244047249266145,0.0414181374668134
2022-06-17,-0.01201794021335427,0.010316118591723836,-0.001048661448726289,-0.008567555776394002,-0.01082660634132383
2022-06-21,0.01044664884788199,-0.02537195799926746,-0.0021233778569765514,0.022187200118110907,0.0021924616779668733
2022-06-22,0.00671542688257303,-0.005288869348822548,-0.011628406578178575,0.004650342535022469,0.013364103594494862
2022-06-23,-0.0031887874645384028,1.0276232957020029e-05,-0.009476089973402872,0.0021014607332322036,0.0012205758748909216
2022-06-24,-0.02966361689328908,0.01992529386343044,-0.0029532294381293435,-0.02503948548920494,-0.030304488114342627
2022-06-27,0.01905001076323381,-0.01723096862700145,0.004487662068860588,0.01688465778770957,0.010839532202750534
2022-06-28,0.02425430100859864,-0.0205824212495783,0.009335803941482501,0.02235000287966671,0.023212712784398737
2022-06-29,0.0014195566035819515,-0.001690207575082819,-0.012750072549652882,-0.00043715201242921446,0.006236009234023297
2022-06-30,0.01126412236707381,-0.011397543904736754,-0.0029718040220233916,0.007338194535998709,0.016539375869489996
2022-07-01,0.008830696391845144,-0.014942612447002776,-0.004504968104229826,0.010472118426445796,0.010728710700086623
2022-07-05,-0.030625153348060243,0.027519732398833346,-0.003329870349234908,-0.023356677942647827,-0.0273280543933647
2022-07-06,-0.008101792356652416,0.001677268520390257,-0.006264031574685963,-0.003356151903257525,-0.004974734346034178
2022-07-07,-0.026446528652594482,0.01209372912712002,-0.0003266762910272003,-0.01666326952430713,-0.029561067079386414
2022-07-08,0.002708159598743766,-0.008998236737975628,-0.0031523131549439686,0.004648732340304889,-0.0015434350172189254
2022-07-11,0.02339997898603578,-0.011929611597377007,-0.0009145194979447088,0.01530812754680313,0.025888015852134887
2022-07-12,0.003562905984488058,0.0009699874274223495,0.013277973816710122,0.0020182313130642313,0.007968296444575692
2022-07-13,-0.004289185142540699,-0.0025749028865568145,-0.001250839644081513,0.0015251131655356605,-0.006291264292797366
2022-07-14,-0.002663611751601907,-0.006895739027562665,-0.004872717233896882,0.010559944544692307,-0.0018568492226005743
2022-07-15,-0.011512210944873424,0.012117832107149201,-0.0012296061473528151,-0.01277292963342029,-0.011234515268313965
2022-07-18,-0.012285115383449993,0.008279000220367575,0.0069979201341473654,-0.01179908864495571,-0.012015782371242203
2022-07-19,-0.024723553460364096,0.019262802909326433,-0.0024182766473995025,-0.02441368717580656,-0.02640830268044002
2022-07-20,-0.03031294718646594,0.024674383712535546,-0.0020525069475726744,-0.020317583781508497,-0.030572725561149344
2022-07-21,-0.017012865723647543,0.0016649649756769747,-0.01196351455778557,-0.007880977698726574,-0.014759871121821613
2022-07-22,0.015587417300158526,-0.018128527254789684,-0.000604156648600692,0.019017147894549485,0.024907668677812213
2022-07-25,0.01580571802515742,-0.014510837690201952,0.0024931241920881017,0.013981223911659,0.01052705064508427
2022-07-26,0.024593233880271303,-0.02278869938899166,0.003969369206526799,0.021424022890203603,0.030327643252347106
2022-07-27,-0.02748775917714861,0.020534384356022714,0.00030017123391253356,-0.021755126500331047,-0.03603719926637958
2022-07-28,0.007485592980846962,-0.007293437068181866,-0.012725013418473718,0.010960730750683916,0.007746996323348264
2022-07-29,-0.007743537524552056,-0.0066225772756402235,-0.010592981676305296,0.0075123550024692965,-0.017867899345849206
2022-08-01,-0.0057095210765481805,0.004526890790600237,0.00519787442727116,-0.005815519543374582,0.0011603688964527577
2022-08-02,0.0019871414016085992,-0.0041223021474073125,7.239125646487429e-05,0.0025384940293172653,-0.003002864468288436
2022-08-03,-0.026792173979694685,0.01954472864958977,-0.006078364371226452,-0.024360349869132072,-0.018282083467653205
2022-08-04,-0.016795691526765487,0.013110243625917024,-0.008508358616761776,-0.011604455311906353,-0.010134418081661822
2022-08-05,0.00594389128374469,0.001496495847303136,0.00524413705042326,0.0006795509998155608,0.006634028376623756
2022-08-08,0.0070400739971336525,-0.00515666937907617,-0.001872388883419649,0.008811451715729621,0.008823101718385705
2022-08-09,0.02387329556584511,-0.016540370456141686,0.005245887376452468,0.02058862235376652,0.020981279194142936
2022-08-10,-0.028082292150771206,0.015899803031693503,-0.001501940036315267,-0.021992893842982836,-0.022999869935968302
2022-08-11,-0.002712400222900352,0.007176308639351215,0.011484911609965561,-0.006694366766781363,-0.0019960682846420184
2022-08-12,-0.012863881228029096,0.002375614925663634,-0.0009567415209536176,-0.00666997697695107,-0.01513583539671286
2022-08-15,-0.004337844617688684,0.0028424649029726206,-0.008644473980168155,-0.0035457969207664686,-0.0020978947279320813
2022-08-16,0.004212942149926502,0.001746692056973498,-0.0005246759425949843,0.0026083237214708944,0.008422070161995025
2022-08-17,0.0174597373653589,-0.016055108793662082,-0.0018697742600057802,0.017106911860233644,0.011352330435081026
2022-08-18,-0.00043520513336740493,-0.008417765822125967,0.006094621199927471,0.003016375603946672,-0.006806476290753741
2022-08-19,0.026533870039390773,-0.014639132388098886,-0.0006134545570593581,0.018716468405505966,0.024613441836240358
2022-08-22,0.02030047581021622,-0.016877071480313387,-0.0017155164238817702,0.017069059870310238,0.02002634867088418
2022-08-23,-0.001274652033135678,-0.006799386422038157,0.006259942723763723,0.004460415070887924,-0.013744216352774266
2022-08-24,-0.0018237294108865189,-0.0005199413155897959,0.00019672893597575124,-0.0010044353705503774,-0.005380093549374384
2022-08-25,-0.012638932623739545,0.003161799619746695,0.00237090464014973,-0.008818265133772908,-0.01160826179383109
2022-08-26,0.026420227981333862,-0.017458718378505936,0.00595319857131256,0.02074206860666657,0.02111831363926956
2022-08-29,0.005747600312608908,-0.005929510045732618,-0.000488770718955615,0.004908638225328395,0.003118783816751472
2022-08-30,-0.0015121910533201898,0.006279617588284565,-0.0010640525334547762,-0.0011781577061371167,0.006716807492710397
2022-08-31,-0.0013676525609166825,0.0024400884248580203,0.00033133676976656885,-0.0011303238616764792,0.002611129481459827
2022-09-01,0.014914000337654266,-0.011351975965142383,-0.00797115698266029,0.013307504790368258,0.02335220764801734
2022-09-02,0.0030694954169218566,-0.0036818304326175326,0.003790081312618763,0.0043631081174876525,-0.006586451132153323
2022-09-06,0.008726984860679497,-0.01285916791808942,-0.009723529478550364,0.010169377724005165,0.007604268613809464
2022-09-07,0.00407324437534996,0.004934193511635043,-0.005638823390832316,0.00024386967298722396,-0.005082853605942428
2022-09-08,-0.004325029727803547,-0.000290543437815342,-0.0039366950431624845,0.002551624213765256,-0.0026338297881931694
2022-09-09,-0.013839031621983038,0.01369565943935962,0.0017712178766494772,-0.014940676531895198,-0.018916293517663045
2022-09-12,-0.002806910594369251,0.004418237881969122,0.006578924349225102,-0.0027607933524862113,-0.005393078199830424
2022-09-13,0.012033823573766124,-0.02159076328019549,0.002699758771761415,0.01725701644658038,0.021226598313674114
2022-09-14,0.010654774631300774,-0.004357915272053082,0.0008043148687424226,0.010364178886584799,-0.01206815451606431
2022-09-15,0.0017109273691422386,-0.0160930161448637,0.0003680317591167482,0.005552056562433065,0.017709899338536558
2022-09-16,0.004808888828637505,-0.00820901323453447,0.007342664558400467,0.007884765973491548,0.014411605607187085
2022-09-19,-0.0031865197639630548,0.0031567316845890108,-0.0010902240974467333,-0.003190034076456177,-0.009000008405502708
2022-09-20,0.012874870582346595,-0.01382152207852529,-0.00042659773180778356,0.012250061818149157,0.009597434771034523
2022-09-21,0.009474457753637318,-0.009040710387599682,0.0028870419411440237,0.008217105181026085,0.0061878690175526975
2022-09-22,0.01795497717220932,-0.012931130325067803,-0.0014891335830393131,0.013907072527647661,0.01746710540077792
2022-09-23,0.006717854762398907,0.0015517565754186377,-0.007008987946725642,0.0040886144317600435,0.012920793427986604
2022-09-26,0.006773520780287684,-0.008522926335920267,-0.006165264804006132,0.011830042521501764,0.007001135629370153
2022-09-27,-0.005666082664558298,-0.006158625035097274,0.0001576658195183954,0.0007564453286024349,-0.01048933414368901
2022-09-28,-0.0017596670675341201,0.000319053927771807,-0.0041287182035061945,0.00045143789117255834,-0.00902312129583038
2022-09-29,0.01649939891265774,-0.008159108767726596,-0.0012816276219297582,0.012837679437358146,0.02004575466542928
2022-09-30,0.00267181931297443,-0.002590283153849904,-0.0025096913323109787,0.005092613791982083,0.004429879183624535
2022-10-03,-0.0019093504294867975,0.009553946587066868,0.011787240100250899,-0.009808068286898227,-0.005996661939218766
2022-10-04,-0.01665665482605462,0.015395833400016365,-0.00031472472187521125,-0.013889857076762394,-0.020575672760373795
2022-10-05,0.0013279878159286186,-0.0008187022573552724,0.0016729077979716173,0.006802073092417368,-0.003887023772625795
2022-10-06,0.0005814401749610898,-0.004400394997824384,-0.005279540269479327,0.005631844789839087,-0.011774100302168782
2022-10-07,0.022846183476414796,-0.020332638546472145,0.0019981664994197963,0.017995963468171405,0.027723896815219123
2022-10-10,0.012148695818344263,-0.011053037584780248,-0.0018667813756937414,0.006552474740463357,0.01869391822297913
2022-10-11,0.01646196269091291,-0.02384782907258373,0.0011716420933442682,0.020194545611466923,0.023152468735760382
2022-10-12,-0.0016871687199198392,0.003248373911718513,0.000998083752624859,-0.0028836074196154056,-0.0018770193661695725
2022-10-13,-0.005852404472955913,0.004107358427245453,0.0012532307692622938,-0.002240891454974324,-0.005538664955963522
2022-10-14,0.007362364639118671,-0.010660625049969962,0.004399790738591414,0.015510266437195847,0.02351973757440723
2022-10-17,-0.017371040680177464,0.023351216794438318,-0.0020561499867255036,-0.019574624102683208,-0.01905504511672284
2022-10-18,0.0062854131644851366,-0.0005173762537805503,-0.0017282042906072567,0.008582458066881777,0.003252580074621948
2022-10-19,-0.0013260379884232378,-0.000525653111624517,0.0029228153568892183,0.0033501699226749573,-0.013284870426294709
2022-10-20,-0.013206235017021773,-0.00014684229781733145,0.01453144843531326,0.01256850644762562,-0.001209781416698203
2022-10-21,0.006647619228963687,-0.003386905626317386,-0.0027282294978185698,0.010212249744067174,-0.008765140257643451
2022-10-24,0.0104354987205603,-0.01195159034662043,-0.004660729596645798,0.008798608630174043,0.009669435239879232
2022-10-25,-0.013624781570901953,0.0189680716543398,-0.0009228214892709162,-0.00963638661178385,-0.019336999373932514
2022-10-26,0.008254579078345464,-0.02187569194636599,0.0033294596664279166,0.01897130368660111,0.023482226376690882
2022-10-27,0.011552544545283554,-0.015959079917371322,0.0030868618015030816,0.01942603501696473,0.018707092294051965
2022-10-28,-0.013876345180676725,0.0027991677062396206,0.0062553889348200414,-0.0029571040173124556,-0.006961154257412672
2022-10-31,0.010073166441480569,-0.009501858725953488,-0.0011090980941928378,0.01264077133046931,0.009012924905077472
2022-11-01,0.0019974131018661344,-0.005482725224899917,0.0014190755368264651,0.007329084924387465,0.00585498879015247
2022-11-02,0.02451864278250242,-0.027278917321722426,0.01436753065814787,0.023893603119510033,0.02905899532811429
2022-11-03,0.013646952107443358,-0.026445225725154783,0.007357377691696551,0.028148721473139453,0.018081414420096184
2022-11-04,-0.006676856776981372,0.011470496876266865,0.010419471191857054,-0.006673049903257797,-0.011395723602941527
2022-11-07,-0.00661801301003837,0.0031385569276325444,-0.005315504014906835,-0.004317737437830434,-0.002944928741729535
2022-11-08,0.0030991302708996762,-0.006800897614404098,-0.0013006076837311017,0.0037624636889459087,0.00312006187578006
2022-11-09,0.0032366681257532982,-0.007852378576518023,0.0012470579297662425,0.007979865353575711,0.01963054938631581
2022-11-10,-0.02631186875595555,0.03888729498772367,-0.00013726904541819934,-0.03195433572889003,-0.04102074035979056
2022-11-11,-0.024312149205704223,0.03839070829527615,-0.004583230795649649,-0.025586053666747825,-0.03929991036690152
2022-11-14,-0.0035868055400247894,-0.004889061085494287,0.004365124822551192,0.004312654991275292,0.00853222137023634
2022-11-15,-0.007951382256524586,0.015031340762129149,0.004654521502187378,-0.006012708002174194,-0.01836955359256253
2022-11-16,0.02427397234836618,-0.021916739467365123,-0.00522828940757235,0.024158375850744797,0.027793950690424986
2022-11-17,0.00531713607751802,-0.016393271234445485,0.008838689829158398,0.0120761467416484,0.013185341272062334
2022-11-18,0.005385168442969055,-0.011321005725973499,0.006512640348260735,0.01040970475181696,0.013367068290389186
2022-11-21,0.0135675703265515,-0.018654861731053695,0.01074392367389403,0.02331851739658946,0.023259406018359855
2022-11-22,-0.008867812795410665,0.012457482994721214,0.002599656134842374,-0.005098572823471405,-0.012934442079537523
2022-11-23,-0.006504692283562262,0.0158978659953208,-0.0021744369333212676,-0.011805031869000922,-0.015022885465944828
2022-11-25,0.004917362340197951,-0.006801316186434728,-0.005819159116579986,0.00637196870070927,0.010508701824943947
2022-11-28,0.008921727671248665,-0.00904954740968863,0.003735522347239067,0.0071200511103316705,0.01130106674397374
2022-11-29,-0.0003186644536937082,-0.005509490915352044,0.005731606741881008,0.002786885847267162,0.004089189969578644
2022-11-30,-0.029482758335405177,0.032726122948161185,-0.009795298523459697,-0.02682331884773367,-0.034767717561688255
2022-12-01,-0.0007321175411198026,-0.00336633144418327,0.0033277786972851528,0.002502725726152494,0.002716765809352464
2022-12-02,0.004040126793070126,-0.008086684658539707,-0.0016600445165316428,0.005802905948094083,0.007824844572348562
2022-12-05,0.008585332302973842,-0.018085578636632526,0.002302621409040091,0.016984803646730978,0.01593947252364029
2022-12-06,0.013231214583109436,-0.013811941044840778,-0.000532468786854496,0.016613265262527904,0.018461152841329796
2022-12-07,0.008986714154613508,-0.011074416585297966,-0.0022154362195883886,0.010882644775685917,0.013578132785189493
2022-12-08,-0.009332647075034827,0.009734359236308159,0.0017641157119694037,-0.00422321321105382,-0.011556049265888104
2022-12-09,-0.010815700710713945,0.011406890275105034,0.002347476804467257,-0.009294275270009332,-0.007862039340923204
2022-12-12,0.0009704100410450906,0.0004733687463648172,0.004664134908945334,0.0021767971474004073,-0.0013683995076033354
2022-12-13,-0.015007333326379584,0.013709120684924067,0.00650759415859649,-0.013684062522967671,-0.016259483703670564
2022-12-14,0.009471680093959321,-0.011903159719319075,-0.0011762563878503132,0.013848276269581333,0.008568989217812215
2022-12-15,0.008745514290052998,-0.0201888648696976,0.002266205997740734,0.015298627683505234,0.020475514605058087
2022-12-16,0.0012201098285172865,-0.005454727151824993,0.0036665770935473702,0.004513744533320144,0.0011568290279734775
2022-12-19,0.015237202401857374,-0.02131961859610985,0.009553200287710934,0.016415158265226625,0.018997116239624436
2022-12-20,0.0031484092050250503,-0.0038859518257625954,0.0013292559336560961,0.00665117810783767,0.004041614394093309
2022-12-21,-0.004609199757163946,0.005090028706969858,0.0018766508949501458,-0.005732496477369706,-0.00611915080606459
2022-12-22,0.014226806469862784,-0.020323627928130125,0.0035818974128513648,0.019186641074540316,0.025728609474483587
2022-12-23,0.0037594726723774712,-0.0033802482937948007,4.773867850360559e-05,0.0053738108423974,0.0004944818034387116
2022-12-27,0.017167176258455794,-0.021836283464723646,0.005250185650973391,0.02029211328589805,0.022940488725616173
2022-12-28,0.002275036025366323,-0.003665561708121559,-0.004613686652930823,0.001334363331406449,0.005450710614871701
2022-12-29,-0.02375510547833217,0.025957947860455036,-0.00818441474384947,-0.0189014287159893,-0.028281168390320993
2022-12-30,0.0014754289193631446,0.00026679745837411887,0.004296108760139126,0.00034531939299522335,-0.003625805366166696
2023-01-03,-0.0012439655352164004,0.001178938457464415,0.007130792711277188,0.00012098152977007464,0.004512855502591442
2023-01-04,-0.00980133710057968,0.01483011739235126,0.008463403647208746,-0.0060143379931167865,-0.01385006353123423
2023-01-05,0.01492093566585722,-0.018038723130694927,0.012335332835570182,0.019163484316153754,0.013959620012351159
2023-01-06,-0.001650910453744412,0.007987243678799088,0.008019419695253719,0.007511932425832521,-0.011578813554765564
2023-01-09,-0.02596163872133568,0.03506702441107794,-0.0038459494648454082,-0.019724040189144913,-0.03265326209770782
2023-01-10,-0.0020129468911936144,0.004474673739067405,-0.005410415461978822,0.00030581972058336526,-0.007589915086792496
2023-01-11,-0.009853359910290205,0.015368096813537391,-0.010801224297952997,-0.006167249846139745,-0.01842687685725208
2023-01-12,-0.009433617220290583,0.015178040023851388,0.004430909546370248,-0.0007387714581774674,-0.016877271652028913
2023-01-13,-2.6524140204243606e-05,0.00203002105669926,0.0024275267361195045,0.0016927953618196163,0.0014119568191054942
2023-01-17,-0.006573722787546477,0.005703257997089755,6.853945078801049e-06,-0.0031104765920118623,-0.010493079770032011
2023-01-18,-0.009062470996740297,0.007686568252295339,-0.000789252580060136,-0.007104268480562052,-0.010988425833182361
2023-01-19,0.0016120758887694583,-0.007951167754315591,0.002029950156124555,7.289788536520838e-05,0.0043686504320656705
2023-01-20,-0.02804450704870458,0.0275838832138961,0.0003186560011847056,-0.017670856701301113,-0.030407095893034135
2023-01-23,-0.0273236758088434,0.02660494943912373,0.01051186593628452,-0.012469123548541246,-0.03067138776890336
2023-01-24,0.006974348132748996,-0.0079192734459699,0.005445278156676442,0.006556919023541325,0.004805607125217458
2023-01-25,0.006103833402149668,-0.005900430489609821,0.002898402779084758,0.008327889660035032,0.0035917652723842465
2023-01-26,-0.020556737456464944,0.017862068059044396,0.002692819606465422,-0.013293514819904208,-0.030715334473093613
2023-01-27,-0.01997184529247236,0.023243553082706283,-0.005146988874268584,-0.009720932746381755,-0.015263490917792112
2023-01-30,0.00971149111080109,-0.014679732549458275,-3.7279424677783696e-05,0.006019540772089632,0.019126956873507447
2023-01-31,-0.008014795099453794,0.00801610072283282,-0.0015587779340317277,-0.005898144097521266,-0.009118837003586254
2023-02-01,-0.026421407821079615,0.03068848959757485,0.0037322547998552592,-0.009801318416478893,-0.029040009944251165
2023-02-02,-0.04078765070988843,0.04392339618346863,0.005826292715418735,-0.013473581679679067,-0.03827438305472594
2023-02-03,0.014162246597497962,-0.013798147174584247,-0.002433197896001967,0.01077128503470499,0.013540859748708427
2023-02-06,0.00894350102872117,-0.013538653159764803,-0.0006248432836139404,0.007911445654885331,0.00985949900129206
2023-02-07,-0.013517765946440559,0.007668527038154753,-0.0021507231436008528,0.004378505891450075,-0.021454109498206194
2023-02-08,0.004997676705494898,-0.005216423481312588,-0.0012994929275959438,0.004932117238694319,0.008809098977117957
2023-02-09,0.006276809210751818,-0.010884368372596097,-0.0014781965167416687,0.011832431776091534,0.002327881450961517
2023-02-10,0.028863797347275233,-0.029912208263467757,0.0006920670592797267,0.006627983673500483,0.025381846029913127
2023-02-13,-0.0032890984516827423,0.0042095260791015394,0.0031779599103468528,0.0018441001010161186,-0.0047040609474636366
2023-02-14,-0.010871761403847088,0.007140233387150517,0.006176535064003523,0.0003044294919441284,-0.015129099370137126
2023-02-15,-0.012897579313990515,0.008968571148321771,0.004149569760721663,-0.010707737889147868,-0.009844131628690085
2023-02-16,0.01027690112392642,-0.012251302512384396,0.004991636212306505,0.0067575425504467455,0.015446794131450219
2023-02-17,0.012191465936408487,-0.012572707849485231,-0.0014834310751173372,0.002147624647127259,0.026286927278808526
2023-02-21,0.0171927553399418,-0.02552809383792553,-0.0031528627310916935,0.01636730998015647,0.022225258463520206
2023-02-22,-0.0031265516515300174,0.004098173344892259,-0.0005704585271506862,-0.0042152785798909975,-0.004461154432430942
2023-02-23,0.0008521702437732709,-0.001648423538714003,0.001531052522680573,0.007983216682029292,-0.008772663372182913
2023-02-24,0.006935592134361832,-0.010150831629320671,0.009479665180699263,0.010680601534481023,0.013753710348962715
2023-02-27,-0.00571720344925849,0.007934225151612222,-0.0022267530056518073,-0.004951996263637992,-0.006581772396298752
2023-02-28,0.004126478514810398,0.008859857101133819,0.0012388384528381046,0.00367475306350355,-0.007777596969930991
2023-03-01,0.001547145080124155,-0.00580281872568086,-0.0016400688153381405,0.003744353523485479,0.0029000661643343935
2023-03-02,-0.0014807608837593819,0.0054849613498053895,-0.0010188862696821621,0.0035065995999861016,-0.006252645146035598
2023-03-03,0.00823926740835057,0.002528455935063458,0.0035514646075194122,0.008095879337618832,-0.018517061345857656
2023-03-06,0.0023715498489241685,-0.012937976934772152,-0.003085834924589964,0.002392923827759151,0.005712793340906221
2023-03-07,-0.00017673118826315622,-0.0032617372864991463,0.00168821313321698,0.0036181012636335545,-0.00013169840034134468
2023-03-08,-0.004237031651522402,0.0038967816046097834,0.0014691022914612556,-0.0002478976873250417,-0.010035678051612266
2023-03-09,-0.0032979047194024603,-0.013667903574000512,-0.0042359668848811795,0.0004881183274766422,0.00828311425049666
2023-03-10,-0.0013971807340394,-0.004836603449715862,0.007155755096279524,0.0006743318759029494,0.013814569043627191
2023-03-13,-0.007150337859175068,-0.005422707180177854,-0.004814516613433463,0.0034639199203527838,0.0031032133907995096
2023-03-14,-0.003304764259012681,0.007524473121787787,0.0035701078486358537,0.0020051327736308328,-0.024701476554297955
2023-03-15,-0.010296107552062603,-0.0040571345777718594,0.0033835002872913173,-0.0020155714919189334,0.0017169966597755694
2023-03-16,-0.009738705264899568,0.012080187636989311,0.0011231291388931093,0.004938924483679951,-0.030037037939853465
2023-03-17,-0.0013302944471708152,-0.0029542709831012846,0.00018571832849412911,0.006740086711604579,0.003104121707112926
2023-03-20,0.008702240968081084,-0.01424192147599603,0.002458325376636877,0.006266320157348869,0.008443993118307519
2023-03-21,0.0008616202152477628,0.014813832809456112,-0.0037716002948345014,0.0036429800928844003,-0.023691250918062363
2023-03-22,-0.0014361318049726304,-0.007538435316727746,0.00022116731681152794,0.0005679813497903169,0.005766636703002658
2023-03-23,-0.002231282195652647,0.006375666367957618,-0.006264053739730462,0.008966695116821419,-0.008196061536135042
2023-03-24,-0.007564297644823092,-0.008716848082982056,-0.002128346654621623,-0.002552243633534229,0.008759164697843437
2023-03-27,0.006634049960646916,-0.002021210004514791,0.002766524107295953,0.00032497892642076656,0.004943746350757271
2023-03-28,0.005943693206379176,-0.006674361153014233,3.7075637295529845e-05,0.006090242712518431,0.003455483039088802
2023-03-29,-0.0015272441736851432,0.013831368905389912,0.005004329381326493,-0.0027489063908525437,-0.01475917677711748
2023-03-30,-0.004750169797271178,0.0005569598029531511,-0.0008044609437238203,0.0008808691715907193,-0.004044887175783008
2023-03-31,-0.0017545225508756469,0.0075317059857255095,0.0003849929375801357,-0.0017558688622012816,-0.006306505266844288
2023-04-03,0.006328633100489111,-0.02032777807155261,0.0013817065853665876,0.013716486610074918,0.007334916302687275
2023-04-04,-0.003727703230897465,-0.00031484835206957353,-0.004598621411770461,0.0023985151635042097,0.0022858034561570244
2023-04-05,2.7543198057522738e-05,-0.017422774071067355,0.001974467948972219,0.003922185434852074,0.01633038102701023
2023-04-06,-0.008527660004102362,0.002356810597763332,0.00433194375576818,-0.0033687923386288604,-0.00489072527884267
2023-04-10,0.007506919186525228,0.0026812398814499844,-0.00011331778255884708,-0.0021802372034908776,-0.0016443907299305035
2023-04-11,0.0017482636268378077,0.0019117450876854356,-0.004636395819795944,-0.002764907810624725,0.00540492474293391
2023-04-12,0.006757432583646722,-0.012115533135510443,-0.002354710367558923,0.007996472524715881,0.007380106908832965
2023-04-13,-0.0016079338031782867,0.002874267865224593,-0.00563611114908222,-0.0006261739790178154,-0.008101116830235549
2023-04-14,0.007094451123732621,-0.0048646710035415135,0.003360215441962758,0.009372825075737142,-0.006793948571416731
2023-04-17,0.0003962713015304201,0.004273954750226122,0.0065202802170105986,-0.0019640775697888865,-0.0008433895607634029
2023-04-18,0.0073564644287389055,-0.009807220576849504,0.0041425690947844,0.010467406803173405,-0.0036925329599259947
2023-04-19,-0.00649274896941693,-0.005726901101665124,0.0037428496960849617,0.0006634429328849813,0.0028559083483532554
2023-04-20,0.004179649429581451,-0.01255034354617156,-0.00506667275135895,0.0041773754130408,0.010760589636718693
2023-04-21,-0.0012777577809401398,-0.0020384629354151386,-0.0027692492082800287,0.0032182920597028522,0.003632736868401694
2023-04-24,-0.003180653714670035,-0.0065701101245785876,-0.0017954479659885992,-0.0006528343182599082,0.005482002246631977
2023-04-25,-0.0033245013502604098,-0.010110298048851395,0.005734930187628599,0.00898679965945973,0.019986227842393484
2023-04-26,0.014098143489278106,-0.0015653272121984117,-0.0035217904893984856,0.009660205109829435,-0.012260586853766985
2023-04-27,0.003618669198765346,0.0022676904566840336,-0.007325693030010419,0.005613290127457496,-0.01779330576180176
2023-04-28,0.005200040854529903,0.0010550002962951034,-0.0028652369306475835,0.002919424885626966,-0.0059309270366112825
2023-05-01,0.0008448629500896333,-0.01011387040673354,0.005738250305228992,0.009436000557705559,0.005552647252934469
2023-05-02,-0.006213599581328902,0.0018382792856327743,-0.008326027411073873,0.00038831100529482243,0.007212855750795383
2023-05-03,-0.003957502478461317,-0.0016405636843251758,0.0013068110521874338,0.010594962871058478,0.003440376264230159
2023-05-04,0.004436623667348616,-0.0074633061495085855,0.001552356374727882,0.007120538473211275,0.010764886309084537
2023-05-05,-0.0016907263488621267,0.0033066949523991324,0.0015971341168703555,-0.00477031364136879,-0.010474069086836992
2023-05-08,0.002161313776127755,-0.004899004306669228,0.0064614081275263975,0.004364746649370872,-0.005809901469139017
2023-05-09,-0.0037692313521331625,-0.0023694877415746125,-0.0035424753473791725,-0.0004048967078311193,0.0036254868546495905
2023-05-10,0.0078876379893227,-0.003102242743175221,0.0010868909445408818,0.006993742928439632,-0.005722506885691019
2023-05-11,0.0013843272975498128,-0.004747359088152025,-0.004104143394495828,0.009380685249825674,0.005240484163230377
2023-05-12,-0.0005977667318305588,-0.005254082881049707,0.0009514653803461428,0.0025242991472762205,0.00969857632041928
2023-05-15,0.002395930580820658,0.002450496008974682,0.0021945486757442125,-0.0006327549058004296,-0.0152756916194313
2023-05-16,0.009761938293339208,-0.008587109913896959,-0.003274299669595906,0.01851162709161499,-0.008408268707269316
2023-05-17,-0.001484392984074566,-0.008167562968773592,-0.00020407774546518133,-0.0009931470309872386,-0.019796940825953267
2023-05-18,0.011177996672355701,-0.010119342800857233,0.004525622289369714,0.011711725312351188,-0.01678521020978571
2023-05-19,-0.0028220893526727706,0.003018518973733103,-0.0030010002547821053,-4.785949693313844e-05,0.004464605942515507
2023-05-22,-0.010389841228820116,0.010440840144463712,-0.00041724719007901626,-0.0026778338952449356,-0.012442127004510438
2023-05-23,-0.009188050213669363,0.004732127232465689,0.0033202730975332075,-0.014548525216826882,0.003455882692964137
2023-05-24,0.006271857937783142,-0.011811220255739963,-0.0010475731328203107,0.005598946018724982,-0.004435975823252367
2023-05-25,0.017657724803742003,-0.027998230274185357,-0.008539254960700321,0.027903974933448445,-0.016416997778657808
2023-05-26,0.0026627599667660255,-0.006400385469703866,-0.004343417433576864,0.01330192343756455,-0.027445397333227053
2023-05-30,-0.0069518296740504765,0.001813017635077267,0.003907200717968213,0.008878254815492655,-0.017090446294513728
2023-05-31,-0.00014402293760992302,0.0038911956200779426,0.0006372161536791485,-0.0005561342473923972,0.005124339425609409
2023-06-01,0.0010063501639995696,-0.0039020306571164428,-0.008016908699029237,0.012227012599562501,-0.004691513290096382
2023-06-02,-0.004640009367430512,0.0034705788856051103,-0.001639140069328568,-0.0035034713470885725,-0.0038373510544495674
2023-06-05,0.003958388887732568,-0.007648833075764447,-0.002064479955019879,0.004119017841473467,0.006294227839121402
2023-06-06,-0.006104681983916222,0.011137429812416232,0.003283990732651326,0.005084444461802574,-0.010831730591027707
2023-06-07,-0.02419970711636985,0.013425674788926723,0.01233696142284018,-0.023462284079487118,0.0016135470928128406
2023-06-08,0.005329272948620601,-0.01411675173501133,0.0033596025114568566,0.01604835607915552,-0.009235359226090903
2023-06-09,0.005100030240595901,-0.006727516202591351,-0.003411574486021959,0.009507751790636195,-0.005770789364837182
2023-06-12,0.011705663009977905,-0.010411074896872296,0.003164189038219724,0.020098086570442864,-0.017753653382118557
2023-06-13,-0.010820777057103078,-0.0006621382934646654,0.0046841067972009124,0.0009640208113531317,-0.008743046634189287
2023-06-14,0.018209555959406893,-0.007186736574367492,0.010277262191073742,0.01880253114308699,-0.0069849436766541845
2023-06-15,0.0002554114365175813,0.0012000356234925427,-0.008241992005509662,-0.0015925867132692909,0.005020015765094858
2023-06-16,-0.006177897210730221,0.006021678271278358,0.003920638803113718,-0.006282089735148232,0.004083153627586218
2023-06-20,0.010394482349634563,-0.01619611805186637,-0.004719666080622898,0.009930277505312593,-7.451956839510691e-05
2023-06-21,-0.012180834514374798,0.0029978700537330923,-0.0037519822198128724,-0.016105365738406617,0.02266051499478136
2023-06-22,0.008017764749843686,-0.002980704426446775,-0.006909790071619371,0.007659165543256728,0.0009836571854695084
2023-06-23,-0.0005971516469012329,-0.002674128550995503,-0.0063047067148301935,-0.0006143619187363595,0.0070284404928758525
2023-06-26,-0.022811955999114196,0.012218193216293525,0.0058941981812014104,-0.02179085948217602,0.0065423580615497235
2023-06-27,0.01552502559566492,-0.014835575976143624,0.0008850223554570501,0.02230619334091679,-0.017127554158697437
2023-06-28,0.001990214287786055,-0.0016846581640401997,0.0007600299187957051,0.002644903123255962,0.0005828927376667196
2023-06-29,-0.004754616735036576,-0.004604951310075717,-0.0032333951213935177,-0.0005081999998888557,0.004346024379864326
2023-06-30,0.009533477696579352,-0.007401400416545622,-0.002437191029829649,0.009317237032930175,0.0007928941136889373
2023-07-03,0.003463447099180055,-0.0027990505609486885,0.009902055696195098,0.0031070222346908224,-0.00803295290486113
2023-07-05,0.0016778763594225302,-0.0028816137234569006,-0.0074930926674036825,0.0035999839978099373,0.003483299890017621
2023-07-06,0.00218343808721232,-0.0006987127281141616,-0.004300513414777734,0.0027601860098148377,0.008048092106896868
2023-07-07,0.003417619702167335,-0.0032768433290345815,0.004920594448341043,0.0039476698914506485,-0.011873791375988853
2023-07-10,-0.0012943222930408818,-0.00299491739612067,-0.0058648825145098706,-0.0029366960667447264,-0.0002220966553900354
2023-07-11,0.0017629925924902588,-0.002474349486864625,0.0036487166044741302,0.0027572311382180977,-0.009248139187057863
2023-07-12,0.01192233525019418,-0.008993136844619862,-0.003959941475253921,0.013851316688903301,-0.014564582095656952
2023-07-13,0.010848745895419877,-0.003390399936157684,0.0011276788435501395,0.014220388957335073,-0.012675401856309871
2023-07-14,0.002836713092131694,0.00011167580927071369,-0.01906410506790575,0.008825183437293764,0.008468662337928146
2023-07-17,0.013073667578744733,-0.012105902083628765,-0.002496181218275592,0.014740957087167515,-0.010651580733197318
2023-07-18,0.0020543294939584095,0.0009983766448526925,-0.0046803217380094195,0.0019809022871221885,-0.006191676310245385
2023-07-19,-0.009376377141499956,0.006426733374090302,0.005670394389086419,-0.007656705785558179,-0.0008510180762596664
2023-07-20,-0.0345094035427054,0.010942102769568335,0.01437801650964603,-0.02638578981361594,0.040129497377416876
2023-07-21,-0.015741449201210796,0.016169511121010016,0.0007868206141808448,-0.018014692876978614,0.0024566103550261653
2023-07-24,-0.0009481367728951607,-0.003351009184880554,-0.0026689054167387755,-0.0010520172391296646,0.00189043111908168
2023-07-25,0.0082075802063445,-0.007964124220727797,-0.002328679541761452,0.009995211778392793,-0.006345763964816786
2023-07-26,-0.009863547402970393,0.004365883232253795,0.0023042267035170627,-0.0024156009488699483,0.005803175633408007
2023-07-27,0.007734783235758362,-0.013878880996826262,-0.0003884351135091269,0.01109610728448485,-0.011498772089286931
2023-07-28,0.012656380438038154,-0.0016281381543010887,-0.000963040897265786,0.012346406279339021,-0.017969395298878685
2023-07-31,-0.006422334273341808,-0.005931485417988639,0.0035687307845942333,-0.003301411520152479,-0.007966588218465935
2023-08-01,0.005778028987040271,-0.007852144397369205,-0.002435131290133057,0.006935646194084476,0.0004293155914881202
2023-08-02,-0.014656920600035437,0.006334229706935601,-0.0020032486452397757,-0.008842527347345194,0.02400781873784162
2023-08-03,0.0027952523207954486,-0.005291485772220565,-0.00045370848268664406,0.008280650735486186,0.0037530618437048246
2023-08-04,-0.005060433209700165,0.0017699486387100583,0.0008647960861838753,-4.931278079984072e-05,-0.011226053605146405
2023-08-07,0.004959889524796732,-0.00891449489244264,-0.0029218169210076484,0.009287153160075064,-0.0007873175513909373
2023-08-08,-0.005661173920855587,-0.002355446231476564,0.0022057127424980265,-0.0017229489432802848,0.008370062509595929
2023-08-09,-0.015275264881479575,0.004066620408501012,0.003501337303946873,-0.013490331008888003,0.01897767287678893
2023-08-10,-0.004265775680076471,0.005001351821838228,0.0011503501974706926,-0.00307014946633769,-5.305992149294385e-05
2023-08-11,-0.00603428108087694,-0.004658963326089694,0.00042158529160010554,-0.002439368858615125,0.011175440260025602
2023-08-14,0.017846883411843317,-0.013189660524300673,0.0008466537892924076,0.01670913540397219,-0.016191298044355453
2023-08-15,0.0027323489967137973,-0.009896216332172435,-0.0027945093790803475,0.01058969834390451,0.005965494534284113
2023-08-16,-0.006315410789751888,-0.004016171031707884,-0.0019810973185656203,-0.0018572150587015477,0.009967751701667547
2023-08-17,-0.013365572849624576,-0.0017242546236747951,0.013499785158492584,-0.009300920186638348,0.00732373407547075
2023-08-18,-0.002802515967236222,-0.004339655279789231,0.00528679463956124,-0.0017086878184771233,0.0036875238144901392
2023-08-21,0.026071619302610653,-0.01193121014575375,-0.003169512387313684,0.01892117806354385,-0.024592169070388945
2023-08-22,0.007156241700152376,0.0030071459544017817,-0.00511326998921138,0.0028821820433494088,0.00259906342983333
2023-08-23,0.014157285057207706,-0.010653537187191411,-0.003397302423321715,0.014581489148935044,-0.011449811026678929
2023-08-24,-0.011620412988939325,0.0018197707508292669,0.0022655975735365996,-0.005925815444765446,0.018942717690358647
2023-08-25,0.004119327310959682,0.005218752014406061,-0.005282818713662208,0.00014731059205859952,-0.0030734785215551334
2023-08-28,0.0026120016203883155,-0.002305694503362217,0.0028196075102341917,0.0030969047399782585,-0.0049376893280802915
2023-08-29,0.013774507301502084,-0.0038518367556259307,-0.0028996146598463547,0.008283177995245337,-0.01995430011220058
2023-08-30,0.003258848489168193,-0.00439024445133276,0.0020856304808022164,0.004195237729284904,-0.0009369094695899824
2023-08-31,0.013739499511692769,-0.012198362667495471,0.001414201986253849,0.01210358904679108,-0.012167495326527434
2023-09-01,-0.008106781449525119,-0.0033309804469916528,-0.0031155638328765767,-0.0028842708682958566,0.0029525080454439415
2023-09-05,0.0165062500072082,-0.011393565896540921,-0.008991827926770788,0.017929395430750533,-0.016424082272125717
2023-09-06,0.001684127721014084,-0.005817988355005485,0.00019236416053696522,0.0021085884225961722,0.004427838395396257
2023-09-07,0.009241838971725183,-0.007161933929057355,-0.0065726963028541925,0.014134570946909853,0.00807532727757311
2023-09-08,0.00036742466862237284,-0.008161270223214341,0.0012886556254879124,0.0033222433426454414,0.000351725747446767
2023-09-11,0.015195971114617702,0.002683747103383577,-0.011444317381038033,0.004913764258149248,-0.011712658370639988
2023-09-12,-0.015445532337670136,0.005224140901084072,0.0112618785418599,-0.00959339332859042,0.013578260308224715
2023-09-13,0.006273225747248621,-0.001916979405586522,-0.0031496882666430873,0.006628890209221883,-0.006699526983854959
2023-09-14,-0.0007477081867606136,-0.0005323096114625636,0.0030983801507279453,-0.0006357021058598731,-0.0032462513212298035
2023-09-15,-0.013305686103510315,0.013409701365052382,0.005709945003076613,-0.011244086619327536,0.009754711629961551
2023-09-18,0.002441625985390843,-0.00907507483593765,0.0009531667036296992,0.003960296614258984,0.00593388205341399
2023-09-19,0.005757811015631517,-0.006442169285301326,-0.008967331392238298,0.007882619777356633,0.004121115600014515
2023-09-20,-0.007938853536519377,0.011806349423572083,-0.0022212579698628714,-0.007568975725874684,0.015543389392301214
2023-09-21,-0.012447883200778862,0.01240492334278352,0.0025588804807063614,-0.010290967300294041,0.009466265454216357
2023-09-22,0.001181770627794637,-0.008874070231909711,-0.0011402263597837868,0.005901980451369193,0.00046615339906627175
2023-09-25,0.0009551469235983849,-0.00017525553952624923,-0.0012485485699076234,0.0025812255964874475,-0.008573256737261952
2023-09-26,-0.007113949345970351,0.0024831254116995227,-0.0017852678533412155,-0.003373418480088137,0.003853732536700641
2023-09-27,0.0066331015838746185,-0.01501120765463862,-0.001028746399558879,0.01310555848520064,-0.00552913554787214
2023-09-28,0.0058753779885076,-0.0037625916833454107,-0.0008896588041258074,0.006947710900384408,-0.004536646327689066
2023-09-29,-0.003456760709886946,0.009250467417201707,0.004241592163579536,-0.0076083813852903595,-0.007721948868107542
2023-10-02,0.019162080019648364,-0.019488238495335323,-0.00932424726973698,0.02016708499823508,-0.013617305922695996
2023-10-03,-0.013455449450815622,0.01099098184659882,0.005916573185612232,-0.013209049586649969,0.009653899230172125
2023-10-04,0.01972158921927287,-0.014994124294071428,-0.014278262540494541,0.01861656609513478,-0.0028859008439551213
2023-10-05,0.003958056502279464,-0.0048146133184472075,-0.0025771775769660964,0.0078050605883031934,-0.0068994008741357525
2023-10-06,0.006566226148562684,-0.01179848359988657,-0.0006866442945752029,0.01024570505352087,-0.014208821248210235
2023-10-09,-0.0022864973649815434,0.0018748942283507153,0.0015937458086804704,-0.0021447551026966463,-0.003874549469907523
2023-10-10,-0.002233489531030819,0.0028902891918416657,0.003933538889392844,-0.002776073015841275,0.0016523407681581191
2023-10-11,0.012021010840653162,-0.01493226794014977,-0.005393691396804185,0.018629122471212477,-0.014372991864771076
2023-10-12,0.006816672962364725,-0.012906045385913785,0.0037969502835524978,0.012678843032775751,-0.006146480138432071
2023-10-13,-0.016683056458450914,0.012381143937445079,0.003950971852002259,-0.014573543036523789,0.01566710696535336
2023-10-16,0.001951832778994994,-0.0002999960301188001,0.002315710213878476,0.0013950752496310805,-0.004392118414211889
2023-10-17,-0.006106286626581987,0.006852193977884609,-0.0035552087516588027,-0.005272153680237566,0.0031993489308285114
2023-10-18,-0.006496042335095013,0.0013497742468747773,0.00453298880405131,-0.005679878042105742,0.013488803738002056
2023-10-19,-0.011406074632184474,0.00610442035111267,0.0060940405859663226,-0.010262996495233347,0.005356364379636835
2023-10-20,-0.015600790399192347,0.010667565936595834,0.005444493102129414,-0.016370441545060833,0.015513354991473926
2023-10-23,0.0068322671147190315,-0.01015854334002841,0.0020167097594151295,0.011359429517733137,-0.008630993905477082
2023-10-24,-0.001616166009032395,-0.0070889625537528846,0.011373906193606273,0.0003624434418585277,-0.006526202824056356
2023-10-25,-0.021663187176302265,0.005501067674342785,-0.003107544210817971,-0.00895021806289115,0.026995746252979073
2023-10-26,-0.016653581037559966,0.020916110498642424,0.005781521816429998,-0.011917009038523708,0.004752624115341362
2023-10-27,0.02235389573995501,-0.02690464273031362,0.00024209534791032761,0.020947179673697466,-0.01735054917668284
2023-10-30,-0.0041813003583740845,-0.010537965799704691,-0.00019861152607550218,0.0007842827848083996,0.0037515965683985984
2023-10-31,-0.01100535756189287,0.010469651828839549,0.006575930844848954,-0.011061307405180897,0.0038820313246277546
2023-11-01,0.018842890681746,-0.02069522084880796,-0.004261718617623206,0.019421863253192284,-0.0156489147749486
2023-11-02,0.0037465166705298123,0.0024857109238397984,-0.004504900700209088,0.0034674433391742882,-0.015166043137380235
2023-11-03,0.003982825202077753,0.001844480828739,0.004081736217910561,0.0002540402896756347,-0.007285202739417736
2023-11-06,0.01010047867610495,-0.01461171176411261,-0.009829294266666642,0.011875229531412684,-0.0008615302726827099
2023-11-07,0.006727792479339474,-0.014754025917551044,-0.005521652562912127,0.008818672650450107,-0.009123095310928073
2023-11-08,0.006526490381642528,-0.010261402267099921,-0.0058328307420229975,0.009097632187814106,-0.0034923397272538844
2023-11-09,-0.002208575180151289,-0.004611580990669672,0.008449623284480215,0.006963723080956299,0.0021963954602671146
2023-11-10,0.021692075949590425,-0.016427934808863044,-0.005728585073791674,0.021687981265828472,-0.008026352072589322
2023-11-13,0.0013944234070496447,-0.002893227180273748,-0.0023332583887208753,0.001850504816440635,-0.0011569734192807652
2023-11-14,0.008786743370434273,-0.0018958138950549083,-0.0038841103663538427,0.009148125861464015,-0.016257748730909155
2023-11-15,-0.00987003455973741,0.012375365671046062,0.0068461835508782185,-0.005106248077186699,0.0009851766424114699
2023-11-16,-0.007990121702693361,-0.006548677919939428,-0.0004843268322053953,0.0013848537068128458,-0.004926220894475325
2023-11-17,0.002126898936044223,-0.0008521043041759824,0.0039801684235902055,0.00179024060014413,-0.004810825925442445
2023-11-20,0.00653752769917757,-0.012069265861223404,-0.0026432013377491806,0.008831294732600945,-0.007426026138711643
2023-11-21,-0.007506022031698497,0.006824951283012792,-0.00594042292579389,-0.009611887595211591,0.007656829798895803
2023-11-22,-0.006784012320531877,0.004646607679960752,-0.003311422308742841,-0.003303223501484997,0.0023328221137670635
2023-11-24,-0.0006473935367174192,0.004900304435805358,0.00014660431079365453,-0.0001532573250838886,0.0035108836801757155
2023-11-27,0.002897835652899699,-0.0035177257084436347,-0.0015318968034434338,0.003930109263655817,8.172746004978405e-05
2023-11-28,0.001524796665007695,-0.0030287981669744144,-0.005350587710525728,0.0006353756242173819,-0.0011685828523524853
2023-11-29,-0.00917596930239529,0.0044773593331651085,0.005466915450812595,-0.0034264586940016186,-0.0029617642225495087
2023-11-30,-0.003452665822809056,0.011108096043040352,-0.0015614316960800342,-0.0018253541537626896,0.016373017194636262
2023-12-01,-0.009979990584439635,0.011952248337302587,0.0015878390406664628,-0.006165666601260884,0.0005416137154949331
2023-12-04,-0.007001568056854464,0.017864974066687765,-0.0012348079998572474,-0.0063452969922399415,0.011870676999004588
2023-12-05,0.001105332126409161,-0.010879338710024548,-0.005441396110640933,0.005080984378184165,-0.0008253191697931085
2023-12-06,-0.01123212511995912,0.009470023234513649,-0.0019762117869627604,-0.005315318975023568,0.0010685095169649158
2023-12-07,0.013499642250317358,-0.018116377196312344,-0.00022349426190417833,0.01254886411358846,-0.012867080335260872
2023-12-08,0.00722422287587476,-0.011203025209853574,0.001515695227525953,0.0059205331988746585,-0.01034360730212662
2023-12-11,-0.00211836002023033,0.00717818802085532,0.00825385211556345,0.006657947393361407,0.002220564888060878
2023-12-12,0.014879823218989407,-0.009646577934063334,-0.005758413006446978,0.01744522703789623,-0.00030400545604272397
2023-12-13,-0.010308281232095531,0.010460042515047448,0.0037134004473914125,-0.008937886797517816,0.00039199797886657617
2023-12-14,-0.02085330519843381,0.013175492011369902,0.01926585664839267,-0.0032101576530843955,-0.009659204216516101
2023-12-15,0.015585378296783808,-0.02075046480948828,-0.0053652726482676626,0.012889907070705978,-0.010881615811086072
2023-12-18,0.00902148404570425,-0.009840689442411376,-0.0026809046199001794,0.0003724211405296495,-0.004510343644057925
2023-12-19,-0.003157039517240362,0.001154506107129697,-0.0002496081218874109,-0.0007623577108530344,-0.005962660439757121
2023-12-20,0.004502468737478999,-0.0007866103596954679,-0.004054567458677494,0.006688153681302881,0.004290207895809153
2023-12-21,0.004160638135185937,-0.007728546487804312,-0.004065384478943587,0.0047983019921120345,-0.007573378659752107
2023-12-22,0.0018661347672695875,0.0020049167064704054,0.0019180399457860847,-0.0006079517444500145,0.00847766884015605
2023-12-26,0.001824600974611677,-0.003901549900653965,0.0037974795825987413,0.003855175281437665,-0.004515876506611478
2023-12-27,0.0011631738059537347,-0.003602146297762378,-0.004300804367349905,0.002292815838341758,0.0002210286578257746
2023-12-28,-0.0013045783259219212,0.004102946799237785,0.0024268233089419977,0.0023133395764283523,0.0027927439957507513
2023-12-29,-0.001275999190274421,0.005062450076653059,0.0011768151963107262,-0.0015392632435803875,0.006754167180113244
2024-01-02,-0.02373535447770031,0.03065624581014795,0.002695147660693886,-0.01904393198121713,0.019591022176051423
2024-01-03,-0.0013126027038316852,0.005600017437223157,0.004370766931012221,0.0008105006597448438,0.008493726897846828
2024-01-04,-0.001266067254531406,0.005168553698855393,-0.002615742265815301,0.00456974455535651,0.001709555292070185
2024-01-05,0.0006554538831918404,-0.0032198129829484772,0.004328157924871836,0.0038381698290923783,-0.006153148253034806
2024-01-08,0.012626085149161744,-0.020084287476665415,-0.0006891459303462067,0.007972512506314505,-0.018792332211392107
2024-01-09,0.009353425942976681,-0.010106596218448456,-0.005151512361120422,0.010866860286007595,-0.00029507358956433276
2024-01-10,0.006131857824677042,-0.009940937583027961,-0.009475001252874921,0.008342766697398859,-0.0025043837435576215
2024-01-11,0.010394128023009909,-0.008675532781085779,-0.002838283955521173,0.0069544287425197734,-0.0036104292831218884
2024-01-12,-0.0012584678442560619,0.001612094906841286,0.0009016816597886192,0.004820258147710312,0.005285432662709817
2024-01-16,0.005462020128562202,-0.006315476299777218,0.004371221600685804,0.013478770065287107,-0.0014852109740407806
2024-01-17,0.0014696428460470954,-0.0035104111892923983,-0.009412048791397065,0.0029405872624984827,0.009660532287102218
2024-01-18,0.00640895627290419,-0.006748240743900834,0.0015648193957894822,0.007832823517045444,-0.006209676736100695
2024-01-19,0.016695430465914114,-0.01706611656878819,0.0001786347751043648,0.019727321714886788,-0.01785080274962455
2024-01-22,-0.00016917110549040338,0.0018921344125721502,0.0022426600593725772,0.004861351958660079,0.0028038436062767973
2024-01-23,-0.0038612699258389572,0.002062622294807326,0.011129005931976667,-0.0007173277336725544,-0.000588190999218528
2024-01-24,0.012493557135458539,-0.01703724193758257,-0.00014988505491557588,0.013448602399857665,-0.010572099216413555
2024-01-25,0.0063455632772088325,0.010784103258041309,0.010271655846261534,0.011340919772757418,0.01188348385865684
2024-01-26,-0.008393748349681844,0.007457606942696954,-0.00415302379968379,-0.0012634598607641088,0.004062716748690857
2024-01-29,0.0021191962701184505,-0.004206839660962296,-0.005530920407366668,0.0033575606034790054,-0.008809181994908504
2024-01-30,-0.002825609371059767,0.004419668557177438,-0.0014511370250074535,0.007011091860210793,0.00633234091965155
2024-01-31,-0.0008091390810482241,0.006265028894463391,0.0024920655802044365,0.006058734391278473,0.00635144952262934
2024-02-01,-0.005518181565966915,-0.013250725479327841,-0.008160826241399582,0.01076889663140504,0.008365963163923917
2024-02-02,0.01554110738165005,-0.02158914529083439,-0.011750821656840903,0.015746222089781565,-0.010171312527519287
2024-02-05,0.01157630787478007,-0.01779750639766548,-0.0006234586113487966,0.01746866631932711,-0.005949050350825611
2024-02-06,-0.013358025631691894,0.021440824157142664,0.007733718167573468,-0.01419790121832223,0.004052413259527168
2024-02-07,0.011160526590769814,-0.01647190647571746,-0.01229653239881323,0.016207922596313405,-0.009931726286700982
2024-02-08,-0.001276431517200782,0.0006894401873650323,-0.005378428113555062,0.0021217373762185488,-0.009841674731090766
2024-02-09,0.01077012864359414,-0.011706682744034292,0.0022133436716354595,0.005267799520126362,-0.012255835464347064
2024-02-12,-0.007721415689042032,0.009417348869471612,0.013858509119851807,-0.007251663611617529,0.002904184012599071
2024-02-13,0.0017517362344750924,-0.0011770035128681952,-0.0005925918565769291,0.007172520239873749,0.008940520146734408
2024-02-14,0.00924845359763726,-0.01149395275267737,-0.004256570551247348,0.011719930353584344,-0.01440561666482231
2024-02-15,-0.014429285571268343,0.017996539261194443,0.0013873925342496934,-0.007289011123972236,0.0007983077464967514
2024-02-16,-0.010411945410540076,0.008259546800703605,0.0029487066126394988,-0.003986648948924777,0.011276919302083846
2024-02-20,-0.006462932169742329,0.004519636900910838,0.00860628124432205,-0.008148319281643675,0.014652696230712121
2024-02-21,-0.01089957377216242,0.010808853421759121,0.0030025789882844583,-0.009988467416836585,0.0074370551548353135
2024-02-22,0.019486119248440938,-0.025097670695995174,-0.014052362673859606,0.022792791750295638,-0.01458922986001315
2024-02-23,0.003546086422900785,-0.0044947216703481,-0.0030044943216190043,0.002710538871989395,0.002475073883968315
2024-02-26,0.002407692813815876,-0.0046574856610689065,-0.006484485431584721,0.008363776397843428,-0.005207960894289664
2024-02-27,0.00016068171585819084,0.003970713653686472,0.006641210268626083,0.0001746921744409543,-0.001889139281965384
2024-02-28,-0.004219554937322425,0.0013869700342331284,-0.0015979229349023774,0.0012807465149369994,0.007642947057040161
2024-02-29,0.009785613038059677,-0.009784017937797474,0.002730581561935403,0.0016135129786527857,-0.01629261117301327
2024-03-01,0.01583382431687104,-0.0208296583219989,-0.008986652401001695,0.016511960849983534,-0.016818782037360726
2024-03-04,0.01300763233843762,-0.014240963404419545,0.007793165699838486,0.01841031702044334,0.00320593707272667
2024-03-05,-0.014184459389156176,0.02032565569004604,0.014541528753784186,-0.002461157788099277,0.02187896679585665
2024-03-06,0.008136857526799622,-0.009502712520665686,0.00048099843091843706,0.006456671319200745,-0.004342191927730306
2024-03-07,0.00954277601375484,-0.018622341435224975,-0.0008596091636759806,0.007581020317218909,-0.022971045146591304
2024-03-08,-0.020358947085637638,0.025646976941704938,0.006697973924954895,-0.02059263190404579,0.018837902124835576
2024-03-11,-0.019251116612495338,0.01658462098676343,0.014251710528444468,-0.017460519689352305,0.008154255851420891
2024-03-12,0.017059945969710107,-0.024453514252521572,-0.010712841857061502,0.013147696656726625,-0.012237257162962235
2024-03-13,0.0015831653469413273,0.008115272970881614,0.004036087008720013,-0.000975208956788408,0.009624553914361095
2024-03-14,0.004122079747859206,-0.006726709299272907,-0.0040776493878577295,0.0028681267421196937,-0.0007847206110736804
2024-03-15,-0.00667353005433043,0.015952200287107542,0.012159687849603392,-0.0023435030272696217,0.009215892314092188
2024-03-18,0.0025891770913043996,-0.012254491899324139,-0.003122799244970464,0.0015597592247630961,-0.013193100726797998
2024-03-19,0.0016322122005316912,-0.002258773245730531,-0.006674726363682535,0.00103372899184774,0.0010006487693405334
2024-03-20,0.005185400831773899,-0.004816803935928583,-0.0010061054073261608,0.00855472496123166,-0.007421242272367453
2024-03-21,0.011493036250906138,-0.007833677758950365,0.00024747878502039654,0.017975630578227556,-0.002348254389038071
2024-03-22,-0.00022774450473151634,-0.003673674579165364,0.005670892996445069,4.700285422540567e-05,-0.0025540955645887587
2024-03-25,-0.0075010051841858365,0.0036185580579850204,0.009470425845812069,-0.006616722956372077,-0.004656913546240729
2024-03-26,0.0017938793609874998,-0.001203415759792487,-0.0034468231111612273,0.0007939052977419389,0.008067037878539678
2024-03-27,-0.009085922394260608,0.013302355304345032,0.009493846642340006,-0.008127998580854882,0.00317520784596329
2024-03-28,-0.002240205328246599,0.001401992280816653,0.004333100089108697,-0.0006982132717476171,0.0024630510646803903
2024-04-01,0.004853939404979096,-0.010624215760349947,0.00377372805348509,0.006799963619151299,-0.007937572614685272
2024-04-02,0.005889288024500384,-0.006925235655265883,0.004601853898310016,0.0074169567581029525,0.0030682649295872876
2024-04-03,-0.0015059619246795307,-0.0074518188939250276,-0.009209062660584657,0.004511238684232723,-0.01087238536397098
2024-04-04,-0.008784555346962588,0.010619889102499742,0.005074657738627164,-0.005797253527688306,0.006968263391547455
2024-04-05,0.017310866711796106,-0.017356191877517777,-0.00670674464092447,0.020088275307732974,-0.004450030816013021
2024-04-08,-0.003979719344709575,0.005083819401017823,-0.0010209684773078253,-0.0018292906057949105,-0.0010083962286728746
2024-04-09,-0.010604080960019385,0.009176160781659521,0.0016447443592607176,-0.00989676098832115,-0.0010298049988512028
2024-04-10,0.005334399091554294,-0.013666667773895011,0.0010972490829376114,0.014231252959918063,0.004951530493073796
2024-04-11,0.0065481362496121395,-0.012107656058641732,0.0021440823258708423,0.004420664479574301,-0.016619307373557553
2024-04-12,-0.004214313662318298,0.005359046694979049,-0.0031676479921891616,0.001087311248331356,0.014211989334516135
2024-04-15,-0.006627993404645957,0.011714270342631138,0.01304888823115501,-0.004534148569649592,0.00938531123911123
2024-04-16,0.004080257996428518,-0.0045888178397208565,-0.00520454719833411,0.0032006452069876764,-0.003226489347606972
2024-04-17,-0.01027390101609287,0.01436732613796198,-1.842059368025535e-05,-0.007233817944374289,0.012177993563447868
2024-04-18,-0.005838456530747924,0.005125344299340968,0.006798025964276022,-0.004356735431269119,0.007022243266019483
2024-04-19,-0.019256298419153283,0.022187873754326723,0.006054215827667345,-0.009077038265383036,0.030825740149104906
2024-04-22,0.009848748334458285,-0.006263835033590023,-0.00011753814678454062,0.010494607625714554,-1.4788699751746084e-05
2024-04-23,0.012545829402891217,-0.008436936898961397,-0.005110381257842766,0.0036330281560737823,-0.013431902154972333
2024-04-24,-0.014738266315117465,0.008293464077272389,0.0022680313087256442,-0.00846463541468153,-0.005050130045919593
2024-04-25,-0.0010692114326583072,-0.0005999746523516029,0.005369661891723887,0.009336567145357827,-1.8072126630919345e-05
2024-04-26,0.011353719207718545,-0.022169401177750372,-0.005939398274422699,0.01891184835590866,-0.012683513293093111
2024-04-29,-0.01239759139175715,0.008240141513807893,0.006891382649206815,-0.007575041896581015,-0.005389977117352026
2024-04-30,0.00547088202737929,0.002508686956147808,-0.005273549543479503,0.007079265453087142,0.010274894960160898
2024-05-01,-0.006791018228693883,0.003927052815867849,-0.005690810718579279,-0.006806762559776299,0.003223412379275663
2024-05-02,0.004542322571610092,-0.008835632261954345,0.0019346816339608527,0.006561746052219753,-0.011784173366846751
2024-05-03,-0.0010382176543340914,-0.0075716836912311115,-0.004167030618271669,-0.00010731722900977382,-0.014000593760802397
2024-05-06,0.016395296781881088,-0.016405959396143557,-0.0027739435876193274,0.010473451805401964,-0.010914182079562214
2024-05-07,-0.0007867809462730733,0.0005206061287317556,-0.003469531381702761,0.004519045430142638,0.010812549303023269
2024-05-08,0.002512082024061106,-0.0014872677578949794,-0.000527114737024497,0.005288360234230798,0.002817231557682709
2024-05-09,-6.982581732912965e-05,0.004688353991432885,0.0019946240155012908,0.007196271070036691,0.008084112825274934
2024-05-10,0.0039189698022955525,-0.0012982698428119633,-0.002731064582002474,0.006832503428940394,0.007812124903174443
2024-05-13,-0.009892111568544734,0.00895960072004292,0.01004496813733527,-0.008417859720807235,-0.00568813562252232
2024-05-14,0.006228625844629291,-0.01036509932426299,0.0014468167477284888,0.0024068190068635975,-0.016204867511536505
2024-05-15,0.014759111338115118,-0.019421306566663375,-0.01204399447580985,0.012641709030812354,-0.012881943118077832
2024-05-16,-0.009095893323078176,0.010807672986419256,0.004127378336384075,-0.0013845095078579613,0.00556236786090368
2024-05-17,0.001393557107451473,-0.0011944121591397519,-0.0014136320733636014,0.002705538698102719,0.0021707844290372244
2024-05-20,0.005249298166097774,-0.01174600508590026,-0.001575096877195511,0.008336085208337604,-0.013202445305031193
2024-05-21,0.00104984790061128,-0.004801588270409522,0.0012456411662744803,0.005913630454031487,-0.0056852576534993675
2024-05-22,0.0006378983075315198,-0.00030607925268749756,0.0006097251830989493,0.0021364865954778336,0.0025337765497543087
2024-05-23,0.015292689760934288,-0.01810104332067932,6.973540334284656e-05,0.0161087205419186,-0.0056244367728699755
2024-05-24,0.009156143287344692,-0.011780434962331398,0.007780668948614693,0.013398498666520053,-0.009325254519210263
2024-05-28,0.005372348295145125,-0.015840392198238462,0.008063718772090825,0.011299479308398079,-0.014432164785951189
2024-05-29,0.004878544968041932,-0.004097810815638151,0.0008497604666780414,0.004180109530447895,0.00273563895835587
2024-05-30,-0.006660714382611822,0.017610807307869906,0.01680537106369867,-0.0038319761285467574,0.022752259178777306
2024-05-31,-0.00683497480361837,0.011042780721557082,0.004995441004375279,-0.006584759970701739,0.00758024450622708
2024-06-03,0.004870360596687968,-0.009153803475025146,-0.0017572204612249789,0.006010376157511619,-0.009433226057336335
2024-06-04,-0.005068086100577012,0.001404804567047506,-0.0035996120197778485,-0.002047009264223361,0.005732691923577542
2024-06-05,0.014521235669523954,-0.022296296116244577,-0.007455874216539646,0.016972120859503958,-0.01880115645088532
2024-06-06,-0.0015977106667260884,0.00094266477265076,-0.006531837986545013,-0.0010782364518795236,0.0016744855760508033
2024-06-07,-0.004460396899357219,-0.0018661786085138244,0.002724245836597013,-0.0009590429484471346,-0.0007405014668651171
2024-06-10,0.009849919251738797,-0.010820293227872197,-0.0004511935493026228,0.010446475887610067,-0.006066746653656445
2024-06-11,-0.006780661209857157,-0.004485627513111033,-0.009139801180852336,-6.77663040102171e-05,-0.002713955962019562
2024-06-12,0.007577679130636899,-0.017386889230009923,-0.0026487525112925702,0.010376549390363657,-0.01693269902312717
2024-06-13,0.005667512985964353,-0.010062237321806004,0.000503166579508032,0.01040164932064045,-0.009179377004068092
2024-06-14,0.0004447468125318864,-0.006611099211241676,-0.005839393248023786,0.0014877522272253529,-0.0032676350091777324
2024-06-17,0.001956689720611319,-0.006634061367039512,0.00041805259220170296,0.006868364071378567,-0.007550614237225479
2024-06-18,0.005859798944622343,-0.0092667043863757,0.0002772510759694062,0.010023923932152996,0.0034733811488697128
2024-06-20,-0.013023683477717941,0.01804926456194656,-0.0018337541871570363,-0.015908193423102637,0.014869653054674279
2024-06-21,-0.015658313335830606,0.015593016088635248,-0.00031826107499432436,-0.014636715325559761,0.005407543322076015
2024-06-24,-0.006161906872015108,0.008359740076087467,-0.002060005388916324,-0.0037154870103983913,0.018495232385234484
2024-06-25,0.010236627761693307,-0.013588292471125061,-0.00023584883138725947,0.010861620001274878,-0.014373805290950099
2024-06-26,-0.0024418043932765005,-0.00039659509845650794,-0.00035014392493844563,-0.0007799040611398576,-0.005070235111399327
2024-06-27,0.00037685765779680994,-0.006313278064668927,-0.004813991046466667,-0.0007884641878232746,-0.01464414010624681
2024-06-28,-0.007449325278335276,-0.005586765972932385,-0.004490974557087067,-0.00536140269324073,-0.008252161044678689
2024-07-01,0.006127464005691202,-0.011179235142184218,0.003325672966376325,0.01123973645612919,-0.01473310858464275
2024-07-02,0.000264976586059929,-0.0016306304285862152,-0.0055592979147775674,0.0013477446882031192,-0.006565852183275244
2024-07-03,0.004570429790679329,-0.0049081886217489734,0.0015355898311104088,0.009027487792150499,-0.013343545713827253
2024-07-05,0.003087676634003219,-0.007420331433267978,-0.0072214632290307414,0.005587501016456716,-0.004515660541121136
2024-07-08,0.003762180740430449,-0.0065561685995563085,0.004435545347644756,0.00658481972055377,-0.01279117880401073
2024-07-09,0.0014399454177907193,-0.003236273756778907,0.006524839977262588,0.0024175055201075928,-0.003909725019860237
2024-07-10,-0.0020448470303768996,0.0011921504110576344,0.0016825626965094355,-0.00013431718131492847,-0.003244059111041902
2024-07-11,-0.013105591606009673,0.021228530064737107,0.0026039618654165337,-0.021933638397203244,0.024919599888866998
2024-07-12,-0.016528550167674468,0.0138679583925853,-0.0053766750706608375,-0.008845731776216227,4.358099196845756e-05
2024-07-15,-0.0020387154955831374,-0.005047052819750632,-0.008151843569047662,0.004584651765798266,-0.0023187458918244347
2024-07-16,-0.00983856821887084,0.012626295871322031,0.0037871826135491646,-0.007680928289387581,0.0008926031744842366
2024-07-17,-0.029033020887592693,0.026362539109395615,0.0163683069123823,-0.018227125975049736,0.03956073498193581
2024-07-18,0.004585206648786115,-0.0030334823801501255,0.0041563291958210055,0.005769496822508871,-0.006481036962866389
2024-07-19,-0.0014350389557607384,-0.004546208682658737,-0.002837618647077842,3.6594322498986753e-06,0.006524877758239719
2024-07-22,0.003975686357547506,-0.010196035940457825,-0.0130235384509712,0.006828402562430452,-0.014200212954815128
2024-07-23,0.015626539533209347,-0.02029347137709403,-0.006482676273258486,0.01974774477617296,-0.0037245392021654712
2024-07-24,-0.014887880846713938,0.024593309304006886,0.02173400272651471,-0.0005537816485748793,0.04274631767189541
2024-07-25,-0.009716981705542409,0.008194225155684715,0.005300697741812428,0.0036458262684942264,0.014668200520095712
2024-07-26,-0.0027653002379914252,0.0013212091735201551,-0.0023305135539191998,-0.00624365839973773,-0.0017124732111947968
2024-07-29,-0.0019348808033721992,0.009077912069323336,0.0021817790685034616,-0.005820634228341101,0.0043527016911779366
2024-07-30,-0.014719954485038723,0.012896571402738007,0.001802707267969576,-0.004820888103716,0.024195682018051074
2024-07-31,0.01711991660579093,-0.015008452182274892,-0.007201332919918052,0.011002986722935657,-0.0210212008727429
2024-08-01,-0.010577227108021028,-0.0004943346765228385,-0.0057057966767484454,0.0021038416195870314,0.025927234971900217
2024-08-02,-0.01929991007425836,0.007336830203530313,0.0021177960102030328,0.006540112406637728,0.031081300615116134
2024-08-05,-0.0025709121770633274,-0.002415246549406419,0.002772268429074999,0.00640792708640156,0.009664684113878542
2024-08-06,0.010668596541683093,-0.011110494662924747,-0.00836850212932587,0.005651025698160277,-0.00718612567627799
2024-08-07,-0.005454511603168876,-0.0012702431717906276,0.0070511771133672865,0.005285702945623258,0.019328061273705885
2024-08-08,0.015830558452199762,-0.012714927086241001,-0.01046117649415072,0.0044564143280888015,-0.026772611750138897
2024-08-09,0.013493153354900762,-0.016029909047732733,-0.008671193057236293,0.01065275996855392,-0.005931249028246327
2024-08-12,0.006384900449479094,-0.008211749497568926,-0.0017662549434146625,0.006950200660283213,-0.000524584481572245
2024-08-13,0.006695323428742517,-0.004123465286412539,0.0012761279907250647,-0.003421339097149978,-0.02853449555339169
2024-08-14,-0.00013044200573492657,-0.006548693663495765,-0.0032954861149738558,0.004316613211882922,0.005131910018105139
2024-08-15,-0.0004681529000027142,0.0011254569851979375,0.0019631038374459606,-0.007462759025100926,-0.024367625374628804
2024-08-16,-0.0011389153944597712,0.005837193598191004,0.009785427072238187,-0.002092197040594619,0.0003849287088079326
2024-08-19,0.0004061957866684611,0.0014671159574932285,0.0028158850766855335,-0.0017768577439255702,-0.010653220294066066
2024-08-20,0.0019077555335492277,-0.004323224287904916,-0.010056252270548207,0.00398043111157763,0.009744277322668053
2024-08-21,0.002096773601516457,0.0001807902960147597,-0.0006291599760612152,0.0012131185383983398,-0.005553450300093762
2024-08-22,0.0011751842480490216,-0.004289777381801209,0.0009553873785828355,0.0032153456228017083,0.019278010496220587
2024-08-23,0.005446932363630433,0.0002572455000303415,0.004355564359085036,0.003128474736202448,-0.01260618645604998
2024-08-26,-0.0022500693672652663,0.004173577047485058,0.005604085324495611,0.00185767061714501,0.01575070797799248
2024-08-27,-5.9105602732795366e-05,-0.0054884950861413175,-0.006127834270219494,0.001616021911647482,0.002826647756213463
2024-08-28,0.0022269166142466863,-0.003902491111994329,0.0020026023440223107,0.002516800211888286,0.011158292813991067
2024-08-29,-0.005755530370489507,0.01044975904073761,0.0011984956954585336,-0.0032290005301764623,0.006095460702921101
2024-08-30,-0.000645138538866212,-0.001912961668501273,0.0036115406757801912,0.00023767399698388595,-0.01206236391953318
2024-09-03,0.0033144678952583204,0.008916683116017406,0.0018740182681464268,0.009025453912595155,0.030393328086057225
2024-09-04,0.002610720450874476,-0.004103468851970733,-0.01123375668801166,0.00488530235207716,-0.0006925001976445745
2024-09-05,0.000907740839725564,0.00644798880441608,0.002301515962338364,-0.0026414596126647606,-0.007695595429559084
2024-09-06,0.003619405223247639,0.007144475578239183,-0.004071007586493005,0.008550147376708589,0.026985418049646763
2024-09-09,0.006126168071700067,-0.009001157888951658,-0.002500184232039902,0.005964620933327095,0.00033759374260772593
2024-09-10,-0.0062961648344586505,-0.003716855277859191,-0.007412249924929414,0.0014177624513356066,-0.0033269841062799396
2024-09-11,0.009591685776993068,-0.014297718443711875,-0.0035533082758145416,0.003558219436529557,-0.02909702404231444
2024-09-12,0.005077682133495418,-0.005995752853462003,-0.0067197359968454475,0.003103173990343486,2.804677514416532e-05
2024-09-13,0.0005761847966809829,-0.002433455268160691,0.009511860783157685,0.0033681392397355192,0.0012040283603250747
2024-09-16,-0.017964882668820025,0.005304845063395055,0.010320696394393935,-0.007708604692728453,0.004196082370794625
2024-09-17,-0.0074657648060624604,0.008508430417526407,0.007478648466324084,-0.009452094918935505,-0.007578198264074878
2024-09-18,0.003466987158435599,0.00210505973454312,-0.000493841536753534,0.00017083669039942182,-0.0005101609341792062
2024-09-19,0.003727805015181756,-0.005906014327056003,-0.010247408547470676,-8.288598895840778e-05,-0.03474714462817898
2024-09-20,-5.485848215109755e-05,-0.003205421188599839,0.010279623413845853,0.0063896360383498135,-0.0010524205183355946
2024-09-23,0.0038336345340315497,0.007077313379847392,0.004193955757716352,0.005826122695402555,5.384995199151938e-05
2024-09-24,0.001776668536010004,-0.0005807617310359687,0.007805961228439077,0.0028185574609909097,-0.008294308016279792
2024-09-25,0.005579627075894038,-0.008713917215259308,0.006205949908323909,0.0071418055885901265,-0.004663345216649943
2024-09-26,-0.008506276915864521,-0.0025961178330808246,-0.003798720753739304,-0.004021338556759712,-0.007688611263037883
2024-09-27,-0.007336370675659726,0.01607588783957932,0.008316483188986416,-0.003689270896845587,0.009317344702250084
2024-09-30,0.0017572196839434387,0.0013505439013720422,-0.0015975002186570065,0.00024949288821793196,0.002543648411445906
2024-10-01,-0.005451697553283571,0.00248886756535406,0.005290768967438976,0.005247755136657017,0.017512180529029805
2024-10-02,-0.005271414289763026,-0.008969022394137322,-0.007512675159525784,0.0006577960316273101,-0.005478294786976685
2024-10-03,-0.0012250378308073131,-0.008131203886595443,-0.004353986237050495,0.0013262106265595863,-0.00437799197382401
2024-10-04,-0.002379697060975814,-0.009401342615627828,0.0032413959670701225,-8.428838013859862e-05,-0.017485654307872137
2024-10-07,0.00017673979605628554,-0.0044329994983152345,-0.0008983079676626558,0.0039906915808476835,0.004862966466083276
2024-10-08,0.0048435542634079985,-0.006122176361213462,-0.005716272215219686,0.005517773651957946,-0.012911700838822808
2024-10-09,0.0010214653787979176,-0.0006648128565579937,0.001454096161507417,0.005463754987912676,0.00158981759239337
2024-10-10,-0.00247082980792388,0.002640254512820411,5.6052206674863866e-05,-0.005270009032192179,-0.0015268678222376633
2024-10-11,-0.01116151743672339,-0.010729876783592598,0.003806803740517244,0.0020727791306492695,0.006598091776797713
2024-10-14,-4.014241945344069e-06,-0.0037933981639478743,-0.0017266403583785141,-0.0007464795699249696,-0.0030039716008454587
2024-10-15,-0.0034701491957155137,-0.002279501996774895,0.002869906389938299,0.008733268537365375,0.016216037370954225
2024-10-16,-0.0017131244478327777,0.004389044335556747,0.00875707177212242,0.007704716373783451,-0.0005392966478797146
2024-10-17,0.000225532676460357,-0.0038000293886586425,-0.003892586031557359,0.004053742172017452,-0.0059789377472437115
2024-10-18,0.0010012847281022348,-0.0004907630019003865,-0.00014739778083757088,0.0025074963860857967,0.0038192461797070653
2024-10-21,0.006420624730652984,-0.007598266695245387,-0.004999334410256667,0.008373560446981409,-0.0062865991470367
2024-10-22,-0.0004376365486051014,-0.004306584776952813,0.0064594443830853256,0.006333502065621794,0.004031858179515096
2024-10-23,0.0031161908620887246,0.0047500125734281405,0.011384628361327398,0.007931432122292716,0.01385614788407238
2024-10-24,0.0044612495396967895,0.006846934021245714,0.002450415125483367,0.002424061675775453,-0.01561848895825462
2024-10-25,0.001007091035673998,-0.0040342193365793776,-0.0052489947994494735,-0.0024154333039390374,-0.01594427087467857
2024-10-28,-0.0020447628588607476,-0.004842447034849057,0.002648361771712618,0.004176917449797396,0.0012433254249614987
2024-10-29,0.001905221571955227,-0.01276073367496519,-0.006073492491560933,0.0023983160867355195,-0.0171988743179718
2024-10-30,-0.0005041980736449926,0.006104876846205443,0.0019960535191571446,0.007633037585669272,0.0158114509544299
2024-10-31,0.0019917914130596886,0.014923469566352723,0.013574260660810243,-0.00416233704320338,0.022898775371958644
2024-11-01,-0.01645282304682605,-0.0010321411982331724,-0.004959551949319491,-0.008511713862214216,-0.010133919397748322
2024-11-04,0.00340295275757711,-0.0006867717891072315,0.0020414417358917496,0.0037588443052593017,0.003793429142882339
2024-11-05,0.005198501338655329,-0.0010642163185470045,-4.426273783422405e-05,0.0030325337283894464,-0.0078842905258779
2024-11-06,-0.018355793030696226,-0.023369876168455588,-0.0096072917158148,0.014231270871477878,-0.031895117859215914
2024-11-07,0.014079000432143784,-0.0052543955829528425,-0.012175890343288018,0.011090358216723365,-0.011679538841502426
2024-11-08,0.017552983178614125,-0.00870527835629216,-0.004599304659202211,0.016598935270259886,-9.758646398469982e-05
2024-11-11,0.0034146989698693713,-0.006153384450481367,-0.005282718012352827,0.012508859640964275,-0.007591534791792233
2024-11-12,-0.004216809913124127,-0.0026518554555526284,-0.0030574856429695313,0.008946255540958679,0.003638766301672011
2024-11-13,-0.004620628558747757,0.007324021820615502,0.003279582392513021,-0.005217792635347712,0.002987462249297722
2024-11-14,-0.01677941654634414,-0.0003431762743824063,0.013214333177604967,-0.0025510536762405143,0.0004578544621345517
2024-11-15,0.00204656189134173,-0.009456132780825697,0.02149678653449003,0.018137358316605755,0.01395410861009186
2024-11-18,0.00048333642644687695,-0.005425518533140076,0.007636088877216535,0.008944420279036403,-0.002036473130722161
2024-11-19,0.009782558423116046,-0.0099790502527755,-0.004532709166232022,0.008562521631474019,-0.0046609526316663385
2024-11-20,0.004110052262398913,0.0016627133371917902,-0.0017396393711453639,0.00161547074766648,0.00583469649678519
2024-11-21,0.002072643167121413,0.0006572870916574623,0.004091963267142272,0.0049889068484059275,0.00891209027725926
2024-11-22,0.002384767135788137,0.0011717813174564945,0.0012279470472279915,0.008527155472630612,0.002904357709321819
2024-11-25,-0.012927312307051422,0.012556176144867722,-0.002735917434805016,-0.009195469521768352,0.0013485591972513312
2024-11-26,0.012211815145713144,-0.020643672559136482,-0.006597683204555324,0.011828738308082978,0.0018379915467169093
2024-11-27,-0.009025322896487773,0.007935975158037813,0.007611110337418733,-0.005419451136598183,0.01576173175218184
2024-11-29,0.004409106665570435,-0.002280059578974959,-0.003470186316909594,0.0012214532633326837,-0.007141393875733029
2024-12-02,-0.00018523129798057782,-0.002873636894043713,-0.007002715710599693,-4.39968918460023e-05,-0.009908342266764751
2024-12-03,0.004787566031220055,-0.016280245987614864,-0.01050823081439057,0.005983155160416387,-0.0012205630420024272
2024-12-04,0.0082641093716832,-0.01936379640864768,-0.018392615447263557,0.01782148484051826,-0.017933709811619625
2024-12-05,0.006319415384710395,-0.005723502037002009,0.008741661423337394,0.010804777157215789,0.008030141703343114
2024-12-06,0.005345717032689656,-0.014484520675877743,-0.00571828264801909,0.011538860471068718,-0.013545037188110703
2024-12-09,-0.0063960391326516736,0.017088915533504983,-0.008553066855282614,-0.00836814714570953,0.005008744708877224
2024-12-10,-0.00027598916519126684,-0.0009149148955637388,-0.004946689887206791,0.00923322043531043,0.01392822920473847
2024-12-11,-0.0015885510681827525,-0.02719570548399736,-0.003234015471871087,0.009378329234051257,-0.020940201689286956
2024-12-12,-0.007998319800861532,0.004535557102490784,0.013037079774900656,-0.0018579250017529186,0.013019224573006395
2024-12-13,0.005073539753976907,-0.0061850251240600325,-0.003811729672029026,0.006557776539322941,-0.0031669462685862473
2024-12-16,-0.0024745476388840434,-0.023570355984220547,-0.005078491539084628,0.016781392669089765,-0.011891994949424927
2024-12-17,0.0052616307747234674,0.004376183145535426,0.003957005084137853,0.007112058235868465,0.012785873277867132
2024-12-18,-0.0002533064186335185,0.013265871448493831,0.008186237833183087,-0.0061878009636916476,0.017048093362118072
2024-12-19,0.005391823383206854,-0.008095119164431949,-0.0015867909288235945,0.009249789901224287,0.00360213742300077
2024-12-20,0.0003467248416164064,0.006297228843680695,0.0038900237545713163,-0.0037391348435010553,-0.008113787562905886
2024-12-23,-0.010250165957255468,-0.009996970001549064,-0.0015686850529096005,-0.0036354143655038624,-0.020404907402987893
2024-12-24,0.007237046791442244,-0.01053664384392472,-0.004721535962112315,0.01048503751994336,-0.005672116403469804
2024-12-26,0.0009495895641205267,0.0014708496062830726,0.003065426136598705,0.0013779712888273734,0.0012529256981409543
2024-12-27,-0.004585597198093366,0.01137375256753689,0.006512801489622665,-0.006793948086772602,0.008478180518319962
2024-12-30,-0.0008201302240064753,0.00036882581966161954,-0.0006250969226501025,-0.002453442447343532,0.0016176401438305066
