,Mean_Return,Volatility,Sharpe_Ratio,t_Statistic,Skewness,Kurtosis,Max_Drawdown,Hit_Rate
Momentum,0.017491343048907624,0.14144183445275538,0.12366456583783994,0.3905958668245574,-0.20543881374983522,1.8944520730938241,-0.30149250914488357,0.49443118536197295
Value,-0.4136015459201529,0.14479480522536586,-2.8564667446211405,-9.022181063845348,0.3484855598237684,2.6066206935893663,-0.9861036820752317,0.3432776451869531
Size,0.029583594937995776,0.09227124625711473,0.32061553450314084,1.0126676285015008,0.15996260175567753,1.3041472060645902,-0.20141707351479773,0.4797136038186158
Quality,0.6015702824865445,0.13530323761433652,4.446089340457904,14.043021201342322,-0.038787685436596504,1.8550546507392434,-0.0949274683264391,0.6070007955449482
LowVol,-0.06539244620956497,0.1777713621917864,-0.3678457846265314,-1.1618448836214272,0.15232431348919853,1.5883593659189068,-0.589988096839176,0.46539379474940334
