,Momentum,Value,Size,Quality,LowVol
Momentum,1.0,-0.7440058423402873,-0.23400205834552892,0.8480275937638686,0.04983899525721308
Value,-0.7440058423402873,1.0,0.3218628432148128,-0.7281834293164279,0.04532272989069377
Size,-0.23400205834552892,0.3218628432148128,1.0,-0.1626864367668014,0.16473722097766844
Quality,0.8480275937638686,-0.7281834293164279,-0.1626864367668014,1.0,0.18752539398720453
LowVol,0.04983899525721308,0.04532272989069377,0.16473722097766844,0.18752539398720453,1.0
