Date,PC1,PC2,PC3,PC4,PC5,PC6,PC7,PC8,PC9,PC10
2015-01-05,0.11011232591096992,0.011606471739757573,-0.04389099848482808,-0.007896276692164783,-0.0025653037206525234,-0.004790795164776063,0.01068317349204248,-0.006606396352717866,-0.019077461395543286,-0.02356268335607979
2015-01-06,0.0551014172490231,0.04117765443741182,-0.01855463020769463,-0.015096701108405344,0.004224284182459223,0.009652255414292647,-0.00579949683146213,0.01828282770807353,0.007719005879976268,0.010304531184546696
2015-01-07,-0.08265343832292497,0.019599187843088912,-0.020743496059305446,0.0068575149477933545,-0.019212652264338444,-0.010807872525693507,-0.006556564632566785,-0.002348493072749004,-0.013415458708463763,0.01625686330508272
2015-01-08,-0.12592636991900355,-0.003921944815377839,0.00890195556985891,0.010465969016799786,-0.01333235450424277,0.004316903058545761,-0.0017101533210641222,0.006029388381240064,-0.0038999491029172275,-0.001752701691901685
2015-01-09,0.05594646368809317,-0.01951237023321286,0.0006178502118375891,-0.006301394719302997,-0.014306944132262628,0.00021296530508406578,0.019123413276944924,-0.008792390779742807,-0.0073883365173143,-0.02006578000461042
2015-01-12,0.04021064713646752,0.02805978455683758,-0.013005444204966129,0.0024485375813040524,0.002943825551823811,-0.014522208658848098,-0.011245833673483096,-0.022001280411293525,-0.007103161110538052,-0.010875193257446696
2015-01-13,0.009385432205269644,-0.005560311446162253,-0.0028688460131616623,-0.011693159330707237,0.017020740253052374,0.005307720353944429,0.0030834244319375976,-0.01587609846519235,0.010011319506819794,0.004589377141111128
2015-01-14,0.048424444684352835,0.009449790559574275,-0.012593540508433995,0.012604025186220625,-0.0028072981949750653,0.0214490624955213,0.02666008695511216,-0.0006652329323160032,-0.02060948399421854,-0.03913871435817974
2015-01-15,0.06797058467974115,0.015526330122312068,-0.004007790747777001,-0.025565758578851055,-0.00956055410872419,-0.002508658072374442,-0.007333547669171863,0.004348979775954883,8.75650620626009e-05,-0.0018130300505642956
2015-01-16,-0.09048415189076736,0.007762532471150183,0.008562775971573478,0.030547422467223632,0.0013501213635236746,0.01152211549590089,-0.0020703214102177764,-0.0024504887725945103,0.007499488963221256,-0.006798606766547074
2015-01-20,-0.01972758736013007,-0.012031298627227214,0.013669776396856159,-0.009311393405256555,-0.003740168795690178,0.006852217937551535,0.016087328980107125,0.01677507859846984,-0.012954952996394507,-0.0036610320257724313
2015-01-21,-0.021438301031296365,-0.010028354554015762,0.007627618800913828,-0.003463946475537505,-0.0019274896704794078,0.013721560321979517,0.0022877357701683357,0.013981722110600578,0.019477625635476368,0.020002772714857345
2015-01-22,-0.10533350581927067,-0.015263601495202226,0.0070454239592521554,0.0012682529785268462,0.0028467801086404345,-0.008382403581955227,-0.03332053063781832,0.004514748530425212,0.0014732284859964495,0.012050785343573137
2015-01-23,0.026065671970922088,-0.04254078255751509,-0.011340562203149567,-0.0007044887573289883,0.00930831887572702,0.005443401684574222,-0.007166423505624132,-0.005025359407075341,-0.017350071987611102,0.009565972971548462
2015-01-26,-0.00022177924027108514,0.009678902525628629,0.00917486951941595,0.005889419025062737,-0.005180991850140138,-0.0010502734712466105,-0.006927999593733432,0.0061481835334418295,0.021007582853806522,0.02533846635479639
2015-01-27,0.108473647521364,0.035470583484279686,0.007206695726168966,0.01904841739824843,0.002342717910560529,-0.028105776254411,-0.0036347701293490205,0.006877176398228818,0.022782153889807186,0.02016281461468643
2015-01-28,0.09348773135363268,-0.018488329763459814,-0.02617685246850189,-0.014655857681491689,-0.006794341161086854,-0.013135350674549002,0.0038155662155873616,-0.011122266954241296,-0.02278029396016338,-0.009073912276292088
2015-01-29,-0.07773613743832973,-0.0122116983771429,-0.03486841202288704,0.004820843919630248,0.026907238580175574,-0.01786608799779697,-0.012231823590598993,0.01462774541790591,0.008183912897180833,0.021376872906892483
2015-01-30,0.1092883639820342,-0.030398618900197807,0.004096521549065028,-0.01319690041066086,0.04984723673881671,0.02711100398309567,-0.015336279294974614,0.019506485386490795,0.014448726984251366,-0.010398581713531082
2015-02-02,-0.08614086337568147,-0.0003174159963913867,0.02534805383250498,-0.00907132515943623,-0.023453956186395068,0.010571355828802323,0.007036966770074587,0.01609447697468615,0.018938333901134228,0.006132700760552967
2015-02-03,-0.09148742375871431,-0.0019368137238355884,0.0341828402179854,-0.01273788404266231,-0.00971209235817046,-0.008381525041483533,-0.009431272355779048,0.011188535887436827,0.021668415090075152,0.01270491332688244
2015-02-04,0.007721365408071011,-0.03330620085911691,0.012846553895624958,-0.04837942476479869,0.003893388819534632,-0.0017473365381964407,-0.01268080846106565,-0.026563566141427995,0.007711207891847518,-0.0048593382621988325
2015-02-05,-0.07396397587626134,-0.005428103185439793,0.009131599838714364,0.02065592895810081,0.004522476826600289,0.001616308563954144,0.004962085413257377,-0.0003710491897939122,-0.008570367081580219,0.0040036514053853915
2015-02-06,0.04792111237076242,0.00579513376434012,0.024538768999250116,-0.006700683970608,0.009618921994643603,4.150018812063002e-05,-0.02791060467188897,-8.001220218360301e-05,0.0009805243668668557,-0.026200144369327227
2015-02-09,0.04303413225937627,-0.015714204117158855,0.02162851194322899,-0.01022673467500344,0.0014557033872769965,0.008568978604435798,0.004968167901858546,0.00012185265948056557,-0.00019221557707712608,-0.009117429959546638
2015-02-10,-0.08870220645238602,-0.005921071368880796,-0.022872685565144095,0.0027190583697426413,-0.0438700158831455,-0.002327509477025759,0.017846828747152668,-0.016783025498182585,-0.010159121103200735,0.006578140309189985
2015-02-11,-0.0008313085648431616,7.842828590581893e-05,-0.006925403139254467,-0.0032429449829913027,0.007516474932244576,0.009584806974537629,0.012852309524994571,-0.010520049340730628,-0.009322761438038516,-0.011840432916505167
2015-02-12,-0.08136604104990867,-0.03304949055000375,0.027763964815662092,0.010307830428817989,0.004667351169399573,-0.001467019541600275,0.01579270332225143,0.01093987678807254,-0.026974472313581452,-0.0453380884648444
2015-02-13,-0.03183866631559375,-0.016528094884570424,0.008499165779663509,0.025963469975305464,0.004669180523870546,0.005468122048467227,-0.003692582139589755,0.0009843641727254365,0.009658676371049849,-0.0033099485789361153
2015-02-17,-0.0006930125705954834,0.0012752396216579676,-0.0033741166177176747,0.019956594920484284,-0.013815225559447399,-0.006272087804000175,-0.0009244187592490656,-0.00015028066400813055,-0.00715949148054146,0.006555110934154373
2015-02-18,-0.0033386579600008658,0.002243018406878986,-0.031011825707084228,-0.01713968392055232,0.015595936227158934,-0.015133406514990292,0.003622407383125257,-0.0004378891109923502,0.00024433386319407373,0.00829243503080246
2015-02-19,-0.0011653899293065947,-0.036095498457529004,-0.006744834618772031,0.006327228928343414,0.023118929974737884,0.0030679823955431667,0.014751752927182334,-0.022594199081331444,0.0026696957539421753,0.022049885683340487
2015-02-20,-0.0590203842074969,-0.0024905111075288885,-0.0051320930204026656,0.02769830815689761,0.0017591794854993935,-0.010678214723357159,-0.008267411663927962,-0.0017817089099158093,0.013026818459231667,0.025893227892805962
2015-02-23,0.013194790625567582,0.020531007137430383,-0.008670339946722045,-0.004556669957660725,0.0030165781126903447,-0.00941155664130403,-0.008572638556135163,0.0018602415607013637,-0.027245181382039067,-0.017697606333799378
2015-02-24,-0.021634587422583937,0.009944089604705367,0.012736908236136673,-0.006479626588096907,-0.01557173435305792,-0.013399832412791675,0.0020830284262339967,-0.01446873148809718,-0.0030086495759373364,-0.013896793771326651
2015-02-25,-0.006634728276893266,-0.007686176562091596,0.009888548984940978,-0.0032629624006939024,0.03191150976252899,0.00301270718057334,-0.0006965452315396566,-0.010451980130016022,0.00211335209890759,-0.004481621985682842
2015-02-26,-0.025049003620314172,-0.03469137299601756,-0.023348968200453638,0.006188881203882281,-0.0024142710709764426,0.009768174166962951,0.013214869423385449,-0.00810040512379002,-0.011191313019895385,0.01487321557228474
2015-02-27,0.03057849942866455,0.018260392945668433,-0.0041622357286569866,-0.013071154721441942,-0.001772228936222841,-0.00038274315542881197,-0.0006617994291250065,0.0028147891603520284,-0.0008745122403639295,-0.011665161377889588
2015-03-02,-0.05620595281814087,-0.013024518916920979,0.006689044694881972,0.01422009960462153,0.0033186583775572927,-0.006154512415095422,-0.007739935610655151,-0.024128153343515212,-0.030806289839840885,-0.022206834753422743
2015-03-03,0.047554272911536466,0.003578079408507297,0.0026674330199868857,-0.01522144640556633,0.007363543005583501,0.0007358400254986193,-0.004541751139440471,-0.011930404826425562,0.0218234359612052,0.01014727700483307
2015-03-04,0.017030273871532425,-0.0015799519309252692,-0.0026648177956812695,0.025423266771022746,-0.0031974094417224984,0.012643331575214037,-0.003212868642360995,-0.018539019837885647,-0.001809120303182508,0.021021326903957638
2015-03-05,-0.018186506772086976,-0.017919339397530147,-0.017422712966290853,-0.014182316140727043,0.00320709366079191,-0.01853024928018817,-0.015841531866305193,0.0218777454889915,-0.0043291884929079205,-0.012451779873031898
2015-03-06,0.10956532822468407,-0.018540440444350523,0.02299282653111315,-0.009563434111139121,-0.008710917525989507,-0.012178581485444383,-0.006053065195807204,-0.007723094526267328,-0.0055166528643285,-0.020676007592090224
2015-03-09,-0.0349716293591991,0.010250015468400219,0.0011099811920193326,0.010655367694445141,0.006727938413354693,-0.006725301167263649,-0.0074794335709313904,0.0014953484640687006,-0.014941242765238538,-0.00559396343553717
2015-03-10,0.12342119526099951,-0.0009033989204525838,-0.01487359338210624,0.011529421792710957,-0.01639228177544057,-0.0035522393252751263,0.004235978714841631,0.010175336086826487,0.0068823343668914,0.012484571643294735
2015-03-11,0.027292019560299665,-0.0028068151013322003,0.009793933940711477,0.018764781884102584,-0.006008015247323981,-0.00980999650812877,-0.0015388268450105616,0.003954108404055158,0.01750837956030953,0.01571593166841126
2015-03-12,-0.08207399460950758,0.039769934138239926,-0.0033651382662440404,-0.011586239318180957,0.05085292710338759,-0.015922953493941537,-0.029008590260417546,-0.015595636396210935,0.010899723033431546,0.003530058998117216
2015-03-13,0.03912483622855336,-0.0012432689182541843,-0.013139785786025574,0.013184900150198164,-0.012167740483985431,0.002870766573866105,-0.007660130490800372,0.0014794543116700698,-0.004734745497845511,-0.015237800021420425
2015-03-16,-0.10853338847122569,0.010124766458358444,-0.017730742679866726,0.026522376259463288,-0.016708729483031655,-0.010915390274305782,0.004971741881509154,0.006131195900996698,0.0098016159139541,0.024709586109489826
2015-03-17,0.01978503598127267,-0.023548970351799033,-0.0013533271156308123,0.0007062255854838967,0.005640083762551111,0.009107624053891634,0.0012794684436355382,0.0010507700702435863,0.006721159292937569,0.003004796693962086
2015-03-18,-0.0734726210142916,0.022161812866487086,0.00017302689870400234,0.017178422798128503,0.0007429303477892502,0.021183463057206503,0.007382414548326372,0.018291206340066656,0.0206908454546702,0.011863742451559554
2015-03-19,0.01033283817515208,-0.011409415146792386,-0.027806619014598622,0.029863491598199555,0.001213192153656378,-0.0020198413248004436,-0.0007788441463885729,-0.017209590513244957,-0.0155066566159912,-0.017398494583210886
2015-03-20,-0.05719040447492004,0.004428852391876848,0.004207411119827299,-0.023666474221100218,-0.009746109892709923,0.002165337733252013,-0.008424729988044779,0.0003606314125140849,0.00017169827439413165,0.0022622435404104947
2015-03-23,0.020008625178132934,0.008129594614977757,-0.01666012262956415,-0.008096231913150094,0.00626449137749708,0.01670857360655594,0.007130510926396575,0.004966481118223152,0.005809874421393541,0.00826648905805674
2015-03-24,0.04628305712313349,-0.01757423408667077,-0.0052656822124333025,-0.01679770861436078,0.017871337946509684,0.0058066344990328825,-0.009456831648875999,0.00733668789399844,-0.007680679623840819,0.014497028162539052
2015-03-25,0.1388168160896587,0.047977229951265174,0.015589204631238796,-0.010039704083793522,0.031928537851227796,4.0781360354478795e-05,-0.004918127256715189,0.030118144719906436,0.008784118849589273,-0.023193695773898224
2015-03-26,0.015534189514441183,-0.01111897512735353,0.0005313830322360819,-0.006241602901305222,0.007442916699705828,-0.004636134175924253,0.005979998150837001,0.0022758173064035088,-0.015942919456100425,-0.011271732613907065
2015-03-27,-0.023649590901440882,-0.008364625766810846,-0.009281402859534844,0.011150104756044613,-0.03466850569188951,-0.012646715717921456,0.017949575438445525,-0.01850771268289241,-0.010702526383994108,-0.017283209614981837
2015-03-30,-0.07686453937405367,0.009905575925147765,0.020345422949302416,0.006855387223675438,-0.018243958445922952,0.0034021894925005485,-0.006720107613358413,0.012802094731949288,0.009798605388045159,0.02159760425222007
2015-03-31,0.06484483193466394,-0.00851282048204235,0.0021426114629149104,-0.016332310582252773,0.009210064947637053,-0.009344706919067969,-0.00522045921498224,0.0005983504023760773,-0.0023939065160689596,-0.010195366412136184
2015-04-01,0.03817401319496927,-0.009372710474696143,0.008881123629295088,-0.029705213489114944,0.013995651141832622,0.006800866651143242,0.014786268097044591,-0.009018087815798902,0.009257469372674184,-0.013018262202280955
2015-04-02,-0.015447885521836945,0.00810209157449117,0.005917733803767136,-0.011741233972865119,0.007768517217206359,-0.007487646360486598,-0.0057761950598544404,-0.001869341460635306,0.016380515755989103,0.011064983811821753
2015-04-06,-0.048846750507370834,-0.026410414323631344,-0.007766324840936202,-0.01143067387270637,-0.001479313394913433,0.022756585267106725,0.009270203363867717,0.014699715120024784,0.022937395164947687,0.03669271300093439
2015-04-07,-0.005853287710085967,0.0031200152265309753,0.01282202758683357,0.02582358395492334,0.0017373622027204824,0.004137715383783554,0.0014072756347432499,0.0014515745179868994,-0.005440479807717618,-0.003130774616691609
2015-04-08,-0.023959531406552863,-0.009635261035867086,-0.01515901416165519,0.002581028116868023,0.006577010346569562,-0.009945695762519316,-0.01764934071577842,-0.02795107136025801,0.0030048442238881216,0.015403755053036828
2015-04-09,-0.026623649607418014,-0.0025704011934169417,0.004790011186673334,0.02036587999428675,-0.01246567540969823,0.0043310135780782605,0.01896276014279052,-0.010888313171309791,0.0029237044531643165,0.00798632782437567
2015-04-10,-0.027112515550912392,0.012492084261423068,-0.002517517079389952,0.020939073572832798,-0.016594990034566482,0.00964987008061537,-0.0031335134791492603,-0.009608229750376476,-0.0006513959353107874,0.003433045572775837
2015-04-13,0.04025305935010091,-0.008614385594337415,-0.0005473903108931378,-0.0003376481506498243,0.008520579147273824,0.006310671284729087,-0.005099653188581645,0.004280977552609897,0.0017677474394445264,-0.001865606006329628
2015-04-14,-0.006477053701451346,0.02459564478817988,0.009106137506437099,0.005811935693022648,0.008727399443262222,0.008122726020313983,0.0003651100030541996,0.012081341364678217,0.01155146794611651,-0.006118049775464253
2015-04-15,-0.035496791404615674,-0.011052684116161442,0.021452020806049778,0.016188451086155985,-0.028165300454026227,0.01046020985799401,0.015678604388836923,-0.009093080663379828,-0.004927794153030145,-0.020137190037860214
2015-04-16,0.003101947992768293,0.01314906656361113,0.004709306229050164,0.0039858239784523455,0.008493710245912476,0.005664315047867212,0.005315252446808947,-0.012809035846362607,0.0021110208232718005,0.002661980470510909
2015-04-17,0.09429023806581598,0.023134645251636363,-0.003048760155857325,0.004546790291255325,-0.004723602719520585,-0.010055244493456055,0.013260230305378425,-0.004751923465477413,0.007466399183075271,0.013018537928625546
2015-04-20,-0.07880796043723949,-0.015477733107237965,-0.006596255520084377,0.002940513149587843,0.0025913213735369715,0.0032487043346086154,-0.0038595454314881593,-0.0011105929285236875,0.00856659328097666,-0.015890503338956544
2015-04-21,-0.004821453814518125,-0.00778816646787746,-0.0182897068154949,0.012606028098757105,0.006423479541677513,-0.0007148702710068544,-0.009744280594858271,-0.0031151616031933906,0.0061842540196818145,0.012493524971107357
2015-04-22,-0.05326252021118016,-0.022618002233374748,0.0100257760347582,-0.006857153520241704,0.012458870884474558,0.015944160392924827,0.015287392001165833,-0.011017770760317762,-0.01440477211583358,0.036673073694433
2015-04-23,0.014388145092829915,0.004470202079986557,0.002717489261637818,-0.005111417192481671,0.029367208269889165,0.0010505348438556014,-0.03206950821766743,0.010186956947454563,0.026078144241566206,-0.008880654070342671
2015-04-24,-0.007856424391069204,-0.011338466556377996,-0.02047580575845352,-0.005299761156382822,0.02563541397967613,0.01792931770655388,-0.027627467955984183,-0.0008465451453505024,0.02012904901187096,-0.006966441946525375
2015-04-27,0.01975447770137667,-0.04432940660606385,0.025213033833822347,-0.015544414237343679,-0.02296598706009993,0.01349375830525187,0.016843192649522835,-0.002502374478280199,0.007172212609284292,0.029960323301102012
2015-04-28,-0.018563034358616008,0.03209891921700825,0.012012683923346163,0.02007037409091219,-0.011620577606036214,-0.001509038010483055,0.005036615993327526,0.006353406123509832,-0.007087054896205456,-0.018948070390101084
2015-04-29,0.01958294223441468,-0.020586762741011563,0.010522009530894978,0.004816954249548607,0.028003769652145787,0.011152677045414514,0.006786230483200095,0.00463872337547398,0.0013907413938673743,-0.0033219023641471493
2015-04-30,0.07242656945526907,0.020167899964291976,0.006329728144429839,-0.016037862676531425,-0.00931288457896699,0.0020179453647210257,0.00925971013225037,0.000287720717900101,-0.016689819264580047,-0.012345374182639875
2015-05-01,-0.07529157301176546,-0.01175152784701536,-0.004739002009750731,-0.0004253999880537204,-0.030710870994450964,-0.010422584009834767,0.0018455782085881481,-0.009820619788521907,-0.01730412804727138,0.006486978199118213
2015-05-04,-0.012475345682793224,0.019017806690018655,0.004520073223147409,0.009284234052279093,-0.006854639691445048,-0.00791282630313787,-0.012637227481280211,-0.00981895622013276,0.010465694674389462,0.01612372908792051
2015-05-05,0.06773374786360152,0.006851656196137329,0.007011431573636889,-0.0013221990593451382,0.03530704855685707,-0.004397960637979549,-0.0027032919133973886,0.0062898947942786046,0.005138389947197793,0.011223202431239608
2015-05-06,0.021683546122028604,0.010215820395002427,-0.006108052888788643,-0.002944831820117758,0.0016905553704533798,-0.005309473560996971,0.002190587958595466,0.008162671832789545,-0.003934111150388244,0.003897135897380852
2015-05-07,-0.044827051876477834,-0.030546351359285802,-0.003568038143286224,0.00041472014123127536,-0.0015442927824060703,-0.0036526774500125698,0.004610780472762241,-0.0032020105330246803,-0.0016549514863422575,0.025939923214818132
2015-05-08,-0.07882043896330732,0.03855661391287866,0.0017574015053090123,0.014228015430346757,0.01727918787248018,-0.001081525931625318,-0.0060377168120288125,-0.005857679188340167,-0.008290328570179618,-0.0005548560143284765
2015-05-11,0.03402415543523506,-0.004914272289832115,-0.007877149059298762,0.008432842831852666,0.0003257655014490108,-0.011138377996308286,-0.00246066744844045,-0.006568953626471843,-0.00631028223672731,0.014751687410508425
2015-05-12,0.013126623188784419,-0.010333891078448804,0.001975400459125959,-0.01230435268633363,-0.0014914598772749789,-0.014211250644155536,-0.00022853277543928257,0.0186308242160264,0.013750739840003568,0.019150282817992765
2015-05-13,-0.00915806505599936,-0.007164635832699495,-0.005192388497419517,0.009977071097579837,-0.0007029209528460027,0.005840613519073659,0.024998785255587436,0.002373437240827612,-0.00999081942784118,-0.0016963161601505849
2015-05-14,-0.09123678500679738,-0.013059008332340884,-0.014541276058181457,0.006639568683987726,0.008532432747978401,0.0136393427951479,0.014852193869593766,-0.00475074258029082,-0.004873735690374795,0.0006839258092241798
2015-05-15,-0.009139231232616354,0.013130249243523148,0.005354245713529384,-0.01072209998368722,-0.02631199224050423,-0.005740039179729933,-0.01108332868775473,0.0004393342726874866,0.0020047431052910695,0.017966631328384906
2015-05-18,-0.013715767131355257,-0.008535545610676732,-0.006509492999140331,0.0037404082106286827,-0.004873528735645439,-0.01017872837850305,-0.007089067126469643,-0.00915055736589166,-0.007562892717328567,0.0005987897614721555
2015-05-19,0.00479103524089307,0.016460029420171784,0.0044862994218080885,0.011845583433107034,0.024218634119781892,-0.00456737986721411,0.013784808401283157,-0.0156674576629444,-0.013188315649353433,0.0022491935409826437
2015-05-20,0.006945962755132043,0.004946567408155811,-0.0057314498102928445,0.012580579075850477,-0.0020824208056530297,-0.003477586734001851,0.007196371573345443,-0.0014563848361808685,0.00959674290284898,-0.009902093441202686
2015-05-21,-0.01260144187638861,-0.021267891756832927,-0.0003416985280925706,0.003997377608610493,0.00024082061456607838,0.0026642847808824284,-0.0060604720044003324,0.005984794454666503,0.011153052932390651,-0.004034612941200299
2015-05-22,0.01675879089465043,-0.02177181863945216,0.002334634752588905,-0.003922398457364351,0.0017502915659277545,-0.0018431966901101041,0.0005082511403607421,-0.006308495829162406,0.0021923930786851738,0.01162993845083878
2015-05-26,0.06429310231636676,0.0018148336092032363,-0.0029234254726087025,-0.0052110140378764875,0.0010121340800264983,-0.001417713103337985,-0.0014583645396185417,-0.01467544770403286,0.0035214046237631857,-0.00042535590552427675
2015-05-27,-0.08092168211885029,-0.03765925985827748,-0.011078940043389666,0.014520759954947384,-0.03415412387507027,0.008451270476441635,0.014293648789336894,-0.015076264381944452,-0.017773455051518842,-0.0011678976057468678
2015-05-28,0.004982367646634908,0.004564521510245013,-0.003240234919057542,0.004551038584288044,-0.005340013631996065,0.010114701061379159,0.014728921623791429,0.0010733336060137432,0.005721882540801383,0.0170743875850765
2015-05-29,0.03482122393505791,-0.011280360513235263,0.0032845280614444737,0.00657238542761191,-0.020817375649247225,0.011837291178308654,0.009843568677430475,0.008206055141833096,-0.007633132354258992,-0.0036900126817104
2015-06-01,-0.0182644529261291,-0.0006567778650719597,-0.009575463901613672,0.006141524452343189,0.016831141780836008,-0.0020750072293426658,-0.008129974933079117,-0.004160990315596484,0.0055892163397166465,-0.0014162402621054817
2015-06-02,0.018827493970282598,0.0020585733874051836,0.01081727526015067,-0.010280077398672146,0.022733031907259494,-0.007961587616351294,-0.0062991241655970245,0.0013962314292794858,0.0013856457648831317,-0.006141363609430263
2015-06-03,-0.017753764204561793,-0.005520667664081202,0.005900678892585113,0.004819441202664705,0.017167682055612477,-0.008723312070952003,-0.028886001934612326,-0.006619850999954527,-0.0010312778826040813,-0.0017714723135178823
2015-06-04,0.05876419025299462,0.0006218801400623993,-0.005402471159126545,0.009207804051432997,0.0010230565273739224,-0.00027319586061988314,0.0008952930042521218,-0.005898257742051322,-0.003537353220258248,0.0029875508284840347
2015-06-05,0.014570926361314226,-0.024420399901795762,0.02105748896404801,0.028579464763864387,0.011600754980815814,-0.010713963283697312,-0.0034072747872596907,0.0031460314922712716,-0.007119344187680282,0.013728087858685989
2015-06-08,0.05470368561525264,0.027669995597887753,-0.007002648909134469,-0.004765415551802215,0.012510836094614227,0.008142398183525822,-0.005533836630800516,0.006002202850176726,0.015266787107632438,0.027269200301256437
2015-06-09,-0.006571277929726417,0.006540022775879833,-0.008783305407921329,0.006480254177294304,-0.0004100064115457977,0.012157794537264033,0.0011951962502281172,0.0031707895261335766,-0.010189073597810048,0.0002837668511506113
2015-06-10,-0.08015382282034529,-0.0038584350323092494,0.0038970775675004118,0.0013044669383850398,0.01463488160260418,0.004503233786397135,0.0025079604074941,0.0030361806362028143,-0.012564101727680684,-0.023128250731613946
2015-06-11,-0.020060169393695374,0.01349480664528304,-0.008320947442676873,0.01132705066585575,-0.00018769090008265022,-0.0033011851356193546,-0.009594141035737877,-0.008207580586123578,-0.0009941441044793466,-0.0008879767295102049
2015-06-12,0.0566690611391514,-0.00558925011277774,0.004800918064646327,-0.019793299158539033,0.01659839163199021,-0.013161420872908032,-0.0026194698907214347,-0.00041630197920577885,-0.003932364824783065,0.0022008266908472313
2015-06-15,0.03304220544151824,-0.009735978205212489,0.005961159337537843,0.009948334883245352,-0.013223053539294866,-0.0072977347052144365,0.004422029973091804,-0.011019899091499839,0.004096731462538982,0.002178469613015178
2015-06-16,-0.046162403244509945,0.007384743654431273,-0.0022596529986380915,-0.004659175469662514,0.009796790082530697,0.013812789571360935,-0.005675395825709117,0.003846632833606344,0.0013117905365331022,-0.0011738207970183917
2015-06-17,-0.017525438824546765,-0.0014331373864928279,-0.002675618851175391,-0.013525264984982044,-0.00660516125499001,0.0017306245364139396,0.0010596818633709646,-0.010758853384127002,0.01339543318084818,0.01775966764811619
2015-06-18,-0.07830659545171154,-0.0008301153681736211,-0.009025263667357638,0.0029727297055024498,0.0011245128810868639,-0.0028395978965942703,0.010089903055359244,-0.014534073678090354,0.02605576584823092,0.009745934710888884
2015-06-19,0.03236015527536035,-0.0012688807964995868,-0.00936736292971868,0.00594506039579762,-0.006917517641056378,-0.009253369950301803,-0.0032130474800888906,-0.006506206815975583,0.009409937627404994,0.01116677854368756
2015-06-22,-0.03825007867647117,-0.0037650985832677992,0.003616108548030837,0.007402234149716886,0.008030591172829319,0.004444329615917018,0.001066209437891122,-0.011566951405654478,-0.0031472280729195013,-0.009531343707376225
2015-06-23,0.0004331053367245722,-0.011386371540257352,0.0018652577157786821,0.005882711079551518,0.032336231502216,0.011570075303607945,-0.02272502579077277,-0.006701875489634886,0.015427770326998587,0.01681291472430962
2015-06-24,0.0545042616468368,-0.00761941025360691,-0.010566940295002495,-0.009103831302747634,0.015720913763355358,0.003712236719948402,0.0030798551786243,0.0033120787625479085,0.0046835772423826924,-0.00606350240567191
2015-06-25,0.005908755035153714,-0.003162743292526435,-0.017980894636360233,0.0162274782863136,0.0013594438139779346,0.0028830348405126252,-0.0005215786333345439,-0.0072121641964160745,0.010261913336587571,0.004973212410794941
2015-06-26,0.0031930375793171725,0.043742806511115506,-0.0026763230865937153,0.0009668489638291701,0.02877263935624339,-0.020446669526982448,-0.02374137188129649,0.0031608531640980567,0.01309132443288255,0.008094957059062852
2015-06-29,0.14467267739618783,0.0014519305086135997,0.00281033587183847,-0.0321159314359612,0.0057571525366935114,-0.012035182304497377,0.0028569109169312794,0.01754049918878219,-0.001232256721090741,-0.00854524791085542
2015-06-30,-0.00969944117269313,-0.008685662597228078,0.005762753897587419,0.00978986846104451,0.0041087059539606525,-0.006080836245875278,0.0015334697902665093,-0.00913351687427173,0.012343968838439214,0.02022082214443357
2015-07-01,-0.06305460160057126,0.012022195036927516,-0.01637308109073078,0.0029397932284018547,0.005464764468374392,-5.281289236237451e-05,-0.011004250312269998,-0.028022941291013494,0.0034138133625795544,0.005485228446892063
2015-07-02,-0.008766623476524715,-0.012756846632723308,-0.005816508902062465,-0.009205255966689925,-0.012204752194524736,0.009068897974221904,0.0133843473776544,0.002130081041000961,0.020270284038984416,0.021521135190523386
2015-07-06,0.021111255147251873,0.014014344406037363,-0.010589870565097194,-0.0020780815036209894,0.014907461165415324,-0.0007711755527052772,-0.015731427631701364,-0.005664594638186022,0.0018725450985208367,0.002660431061690819
2015-07-07,-0.03609001157021869,0.046529591860197665,-0.024781230097768676,-0.023358645358361237,0.003609544641163571,-0.0028527898768313923,-0.013502075044237285,0.012736773689530292,-0.00157291103017087,-0.029524689144886724
2015-07-08,0.10479382472868727,0.010930033015239465,-0.010413610265625897,-0.01302742912794977,0.014988558545498156,0.0032397450754730523,-0.004822703510209583,0.005668499595208732,-0.012221393534666098,-0.03419254000567601
2015-07-09,0.0035261289776157244,0.005048698186579846,0.006027644059453474,0.006388359474882221,0.040370041578503275,-0.004046991476809332,-0.022906034318683197,0.002407982777879102,0.00508095925509863,0.005016445178898097
2015-07-10,-0.09737336773302895,-0.0056287000958968715,-0.0047143389153481005,0.012932338927095175,-0.007729227990247463,0.0016511606189610478,-0.0017087752028128844,-0.01043557923568801,0.0011167652601540403,0.003998976559709393
2015-07-13,-0.07715702158277485,-0.014654247645926578,-0.009457188927481174,-0.004926628198752014,0.010346602391363884,0.0004118583525458121,-0.009132320275848151,-0.0046731603611829065,0.007195017767499208,-0.0010160698068009029
2015-07-14,-0.038664900152969105,-0.005432508745053568,-0.0017151862125165597,0.017535103146800395,-0.0013820178816064943,0.0004149362226621321,0.006884132672713647,0.008156125580694059,0.005681837770606152,0.011683176124905357
2015-07-15,0.012384693243130521,0.0013235224608447354,0.00791708383866658,-0.012628540953967407,0.00401395529504102,-0.0022561126147684503,-0.0027047563651774655,-0.017370193775879183,-0.005971259153622582,-0.0038061434772164687
2015-07-16,-0.0551829386814077,-0.020196392315432424,-0.017104397893556916,-3.3461762634972396e-05,0.0029362999828270314,0.026270638808333628,0.011936492139607843,-0.009936340778492743,0.02007733122496902,-0.002703086018538241
2015-07-17,-0.008804847254164626,-0.02994149319350296,-0.007703493855710312,-0.0020568643247646005,0.02700688796344578,0.014137593091903938,-0.010486054575346524,-0.013093151673438958,0.018693059646671784,0.0173122474804897
2015-07-20,-0.01980779846791048,-0.006042617275148913,-0.00677187711808989,0.005367921639297373,0.020690975430188486,0.006184733801875904,-0.00021858180880152993,-0.015809276925580398,0.00943733468878009,0.020648430792091357
2015-07-21,0.03101226027400018,-0.018450754610853465,0.004425198961055477,-0.004153629152250286,-0.005912224859249291,-0.007386242527670665,0.002510071506942349,0.0018148449415390435,-0.011667459247741646,-0.04712990275622018
2015-07-22,0.018007819388339834,0.031599459234311664,-0.006699267332492934,0.006093588685592937,0.025104717664322405,-0.032628441633144226,-0.022825303729636922,0.008667334624711,0.017935866854389148,0.007638772458698807
2015-07-23,0.03178167616162805,-0.0019060297193256312,-0.018183231428429748,0.006444570683791332,-0.017322989141965735,-0.008784528519100363,0.021189422885983817,0.014294493248047753,-0.014321976626662668,0.0038472385865102464
2015-07-24,0.04685750919527655,-0.0444104119173039,-0.0032642162130697284,-0.038963609661327676,0.05711533371865582,0.0007986457550908654,-0.009458237713690299,0.004733926897982182,0.0012752335571311084,-0.023835015669252786
2015-07-27,0.043448647877673365,0.026058921505090576,-0.01265837593688664,0.003431792819796882,-0.017267506156309374,-0.007397990700236683,0.003996585711336617,-0.011703391660469757,-0.010028705754341742,-0.025131795848945624
2015-07-28,-0.09523435053447483,0.0018486581119623443,0.021551663698555865,0.030730950440522375,-0.03794063555716696,0.0017041790973796344,0.0007719874228864203,0.010538006420167327,0.014532795536281923,0.024614053762854513
2015-07-29,-0.04934298132246944,0.001115175500822686,0.011700822489940935,-0.005643482673502616,0.012234838214335818,-0.01747617218966809,0.0009450374882607786,0.010401181875654949,0.0014578611367134088,-0.014529961313048307
2015-07-30,-0.005077673771085875,-0.01846051015880821,0.009792468985738014,-0.0034455802791784488,0.007058444692552798,-0.006126462157457886,0.003486345487172957,0.0027710633460631745,0.003846369358403361,0.010399385385823606
2015-07-31,0.012764985595279615,0.010810726209389481,-0.042963874014752594,0.001519769291104513,0.003336784400208878,-0.03072579588883785,-0.010913899444525562,-0.04065510740802375,-0.014520273975722493,0.0051665992119859505
2015-08-03,0.008295293997476997,0.0015640482287611593,-0.01634964532998936,-0.024685894405332597,0.0009367368195100652,-0.006950131986327567,0.005620617568479805,-0.027510712101410987,-0.004553845529517605,-0.017093447848065817
2015-08-04,0.016476460132833177,-0.0024982748868785302,-0.005515826333626019,-0.006290344814439967,0.01250802085221232,-0.008166705121106106,-0.00724448833391639,-0.0011477521233491594,0.0045965914858916435,0.017367685458642364
2015-08-05,-0.03357694696181833,-0.01736338280612848,-0.03386786645088495,0.008743683403363454,-0.012789079427478095,0.008278388897593318,-0.005736965447876504,0.029763445933064705,-0.029679947227954986,0.02369277982301999
2015-08-06,0.0750391666236597,0.024839709204360585,0.02673358497923138,-0.023168363328421353,-0.005968069474192498,-0.0017085752451017591,0.015813506619632337,0.031072246545690466,-0.026003479155294794,-0.06457122493083181
2015-08-07,0.006493758117433056,-0.028280261238624236,-0.009737526956799039,0.00023378234875256256,-0.0006472961019818972,-0.006829321937291773,0.018523569362054217,-0.01873762862067161,-0.015062774293462089,-0.008825043240684635
2015-08-10,-0.0761263972277414,-0.010474306699052739,0.022442763020076455,0.010100691904366183,-0.03391341112939837,0.008150847961021553,0.015151170135112031,0.00784621741307743,-0.003054176942545652,-0.01486222895506932
2015-08-11,0.06402087627695043,0.004010579599946608,-0.014473371345714862,-0.016285383367504257,0.020810957268433638,0.01177503834238176,-0.019029193930052268,0.018112744698575146,0.014779101031373554,-0.015521354166976156
2015-08-12,-0.013008292841730745,-0.0011378193418729624,-0.0005639743648386289,0.0011583776447993757,-0.024860253499463993,0.024235948136357276,0.005820794822058728,0.006236528574763896,0.008865522878649784,-0.0027195379734647977
2015-08-13,0.004610669975162984,-9.209259773638645e-05,0.0014750089361211102,-0.004652883678737626,0.024278456553197107,-0.008747073503069799,-0.009574811049512673,-0.0031447487489533153,0.003990464567664293,0.011262733077877018
2015-08-14,-0.025708144881873746,-0.007530622824404974,-0.010373885420435186,0.007393889940084053,0.01617902374123396,-0.005304597777766432,-0.008484492455228044,0.014145306871108515,-0.0020619861027701388,0.0003954623468580281
2015-08-17,-0.038902082490704405,-0.009321565970957893,-0.008873421978446787,0.005616914759675641,0.002766593318908491,-0.0033492107597726983,0.004293086935965487,-0.023597395971461283,0.016280141110417576,0.03852961343702682
2015-08-18,0.021709219195854883,0.00551919813258515,0.0012258635933880963,0.0038807254114294923,0.026039458806408695,-0.010586056832296888,-0.0007579179712099683,0.003188542494267604,0.004636653581888963,0.022426496141949092
2015-08-19,0.052751658720003654,-0.0034152703108137825,-0.01564455375163665,-0.0026764595495466534,0.014707685464271696,-0.006479694780407889,-0.008477327509160729,-0.02626207333610656,-0.004061857843571704,-0.011166671050398702
2015-08-20,0.1577669632109411,0.048773565606136285,-0.023010905839372757,-0.013417561510278137,0.002223074628678832,-0.0008726977829931998,-0.007939292508544138,0.018871856950717292,-0.02591764126113707,-0.02241737303836333
2015-08-21,0.2198737259973039,0.014489595911274494,-0.010155329212299955,-0.011032364954227866,0.008978218496392437,-0.023316980179457523,0.012165377755878398,-0.0036644963523468368,-0.006576753229578517,-0.02713573872190989
2015-08-24,0.2627684912985807,-0.007351802790967475,-0.00039365592491774474,-0.01742147672698766,-0.01840677243811431,-0.017122816030766645,0.022277745775320195,-0.012242701956475083,-0.035988920254971725,-0.012638001420260432
2015-08-25,0.09711294896402722,-0.042933153826207736,0.003788315507534201,-0.024906356905012864,0.025895697646078616,-0.0055573158486738414,-0.016848617733319936,0.0005458351818289223,0.013043081745530058,0.006304473384248244
2015-08-26,-0.2757982385837515,-0.02845586892808757,0.008557554656975793,0.02739639965834615,-0.01986889916112722,0.024948444489353065,0.0019185865609155249,-0.0005566737865034953,0.004053402015191265,-0.0014815679670966194
2015-08-27,-0.16385119771046736,-0.022718801870688674,0.025124068479420003,0.016205006943268437,-0.01801181753828715,0.011653628590494902,-0.0017749677873006096,0.006952660601763819,0.03409147125595545,0.05183529674096444
2015-08-28,-0.010865703982711424,-0.021500901568471883,0.0190128127017489,0.004268278666823302,-0.014686510072080671,0.016451942655380736,0.021046163859066037,0.005350981501167788,0.004485628569882299,0.005493329253838283
2015-08-31,0.07025238336323106,-0.011160730499746621,0.024649666928280058,-0.01752271680505518,-0.01845489541864035,0.0025430561754441836,-0.006076342426908805,0.007854120884808614,-0.0005814794365601332,-0.004608193985366548
2015-09-01,0.20732466792456392,0.012960303038975647,-0.01639389256414809,-0.023251100505467113,0.006887954199094318,-0.013913115683337399,-0.012765274761900015,-0.006675595612577015,-0.01645748573383138,-0.017757435053887473
2015-09-02,-0.13511758839958476,-0.030386560651234223,-0.004559539735374111,0.010810494218798736,-0.0111879214165846,0.009040949435224469,-0.009795998806089478,-0.01976969434784367,-0.0015499847958136321,0.018988281388337077
2015-09-03,-0.011440642404715014,0.009224468993892626,0.01873362759772062,-0.016635250058104005,0.001775129796818121,-0.010693885120664695,0.008946364225324521,0.010911387652107394,-0.010440399836989573,-0.01210796116790729
2015-09-04,0.11246923336609625,-0.014673940013012882,-0.0018532383916363873,-0.015253927024556023,0.0159871012391894,-0.008038346194302185,-0.005054828653667149,-0.00039170959272234415,0.0011926926599935578,-0.008295928179709582
2015-09-08,-0.19116900737540277,-0.015609754834485403,-0.008960196926290787,0.01424082079405226,-0.022739820570758754,0.004769124518722073,-0.004002990487293612,-0.016750913548047097,-0.00827389037911221,0.007258828664327462
2015-09-09,0.10516401217803564,-0.020854623475184107,0.0012588986329432174,-0.005712284996749732,0.008006009859249503,-0.005233331802316042,-0.006002978710492276,-0.009758966204866753,0.004456264056348775,0.002281644235512939
2015-09-10,-0.03929744939109336,-0.01204465420622633,0.003747227032400366,0.01678298510594243,0.003076014710985089,0.015518339652343541,0.006977804864929919,-0.006388076778089384,-0.002453388970063771,-0.0048435835883965505
2015-09-11,-0.03872549763776422,-0.00392298562684554,-0.00885528646111458,-0.007915073305112779,0.011939739219925758,0.0013335189899012561,-0.0035678196826048913,0.005634908949030516,0.0010048365708756103,0.0119431888846547
2015-09-14,0.02323988528081958,-0.0010387869644669818,0.0023369718132899807,-0.0020772228584884883,-0.008164891115914053,0.001889639586664218,0.006839042371169632,-0.000766484135785931,0.007548371451931413,0.014807875553056276
2015-09-15,-0.0928375558383066,0.01036420666464354,0.00031535216211699547,0.009308148239610237,-0.00484733992000504,-0.012509666405833626,0.007421927417060632,0.004287677436886828,-0.004261734549410568,-0.00955983240403778
2015-09-16,-0.05552628256480426,0.01308019274171387,0.008187234957001605,-0.0015725988645920084,0.008179841099532558,0.010189504730193253,-0.0017135985409874612,0.01575980415248674,0.018484779172822454,0.028031091356695393
2015-09-17,0.00023913614195083158,0.006423241284574028,-0.03639063002843675,0.023431900933470952,0.01031540080607011,0.02058149342677361,-0.004332819582592976,0.0012333768937708212,0.025088430203087684,0.006249175623429172
2015-09-18,0.08810434836686858,-0.01759372952093391,-0.027919909696828983,0.004935494577865167,0.015187783554816238,0.013791507522974486,-2.787562963077734e-05,-0.015381164741588451,-0.0013503358961907447,0.01278819423867853
2015-09-21,-0.036080132593921156,-0.029030565329888285,0.013864093650634148,-0.04842067894823944,0.018232114241341208,-0.002143555529271082,-0.0049997228466737405,0.018843338426934923,0.006143724384628537,-0.004797658307029644
2015-09-22,0.08075682613356533,0.0030331440869242297,-0.0143336521001362,-0.005503682591148482,0.008376648924652352,-0.005704585243390619,-0.011024264589867579,0.005543024966121213,0.0008640787312891413,-0.011200819797653276
2015-09-23,0.007353366672085059,-0.019104800694118046,-0.01917736899501033,-0.009609253560271239,0.002558393172653508,0.003925790758187022,-0.005283449719165282,0.0023649373799208635,-0.010675147362543373,0.0038734269134035448
2015-09-24,0.01953198123834106,-0.0029278733932622137,0.0025793267607944997,-0.025689044133093267,-0.009835195594820899,0.012953227303377387,0.00898716547040875,0.012620044487104356,0.00738190933676778,0.0015884746827775087
2015-09-25,-0.002036508498055079,-0.002063367163495208,0.04933641213039921,-0.0576500626066661,-0.01869449362391378,-0.02311264025358498,0.017140884885867975,0.011149838186906999,-0.023300733905991335,-0.015278223061001874
2015-09-28,0.1586150651749932,0.012822269851335048,0.020542157818064677,-0.05592567996603164,-0.029649928417491273,-0.00034713915353127927,0.009149019776867055,0.007355465878661641,-0.023619308336324446,-0.02065087365589242
2015-09-29,-0.022490232025066132,0.035335973238413504,0.007579815733364379,0.025207301885236306,-0.007658508419978556,-0.016821596810735816,0.008890502593106626,4.344557888228295e-05,-0.01989148513929856,0.0006665943653454145
2015-09-30,-0.14037346883983995,-0.027133053036086235,0.004509812216866839,0.031215160766067736,-0.02014944535104112,0.015530952416244623,0.00012499921079460973,-0.0077281969604232935,0.008114868827807308,-0.006022248463037893
2015-10-01,-0.012766482314370234,0.0011522126573063033,-0.011794846216023105,0.024158955893165957,0.04828607756939763,-0.007234545602606169,-0.025377044612535902,-0.006083654044257344,-0.003716502845102678,-0.027829946950248315
2015-10-02,-0.09709461887264371,-0.0030962241511260855,-0.0021984144850421272,0.024137323418183018,-0.011843661037722691,0.022975853549227356,0.0064745531470541025,0.016383673111780937,0.02306772334945462,0.02030081937919575
2015-10-05,-0.11213482467709708,0.005434116735074239,0.018412469437680695,-0.013110420841260382,0.002158214560169399,0.00851369653641592,0.00663255075619874,0.007239026832763895,0.0033146402333714647,-0.029503741590480383
2015-10-06,0.034343117962454074,-0.011858781364264733,0.04599481629178012,-0.04945093079884058,-0.016002552199258224,0.019220496419400993,0.010591019327041158,0.02342873568438244,-0.010957362850797047,-0.029663748869781927
2015-10-07,-0.04627939421023507,0.045316861631237465,0.004484719804069383,0.02375863592402454,-0.020904704923717824,-0.0028775507432860707,0.01245842449453205,-0.007825662555086748,-0.014135122586645682,-0.02903942917487016
2015-10-08,-0.05408970251616024,0.021563657304096994,0.014221868965951739,-0.01622762513237366,-0.0038394360082386362,-0.013491540407614385,-0.003395133354444167,0.0035389410798430973,-0.002807044899644714,-0.025281930283846225
2015-10-09,-0.016640509160040763,0.0028080924028174724,-0.023726145248397817,0.009210724115567894,0.01519882357927884,0.003415380333264959,-0.014258906546333073,0.00884941528885638,-0.012114892197596337,-0.014001940833265563
2015-10-12,-0.018668025675988555,-0.0064250434611097815,-0.0037536545004179236,-0.00033326795922829217,0.010323024568732263,-0.008036699779137058,-0.0007962205527433608,-0.012473795699079523,-0.0014412844965798856,-0.008632970948493838
2015-10-13,0.039545865477863464,-0.01960092459071861,0.0017108454128739923,-0.018430317536755003,0.019955129785660945,0.004731788201614323,-0.005731669096881908,0.009964509143823509,0.02152347793707581,0.004155224278652291
2015-10-14,0.020222226744302716,-0.028979157379222856,0.00834237800374184,0.012764679559520943,-0.045273276542210424,0.022090025886998613,0.052533227242824276,-0.01132699634700795,-0.002361967731358183,-0.011333591981188964
2015-10-15,-0.10301485438815569,0.00101713710096684,-0.0007694882484652842,0.027068400673891897,0.020480213508420986,0.009223872406169028,0.0021901030655891696,-0.021803932181606502,0.026864965542276992,0.012616614700588183
2015-10-16,-0.042252024569856696,-0.004772507314463631,-0.014876195816316438,0.006538150372601879,0.011503626293644263,0.0225992521109755,0.007921962487460318,-0.005010457203668139,0.017470498919363833,0.014873932147684975
2015-10-19,-0.00691053889908981,-0.003603951743833564,-0.018106204769393786,-0.010290790801527587,0.010646811697277875,-0.019216633438427104,-0.004395500828043076,-0.01811504206172629,0.012661740559631955,0.0046975415093742
2015-10-20,0.02130448890286206,0.017420921041399626,0.04132875705685545,-0.03638500247026998,-0.009762342336211476,-0.029006291154537265,0.010147357039850558,0.012767840836948707,-0.0324060821441765,-0.043186686738429333
2015-10-21,0.031014628459080363,0.008754464058106044,0.009435104760998476,-0.01855093619895453,-0.010796178562499424,-0.012719036757065464,0.00034507493546944394,-0.0013902389669585532,-0.008087355500848197,-0.0021703579232731822
2015-10-22,-0.13105609151224648,-0.016712497501994685,0.02722156541862107,-0.031524524773594007,-0.023257641220349193,0.007919163503672121,0.03515334176022063,0.00453918487181654,-0.013670841500455076,-0.02359139511496475
2015-10-23,-0.07843085261777819,-0.025458283637387554,-0.02195443017078156,0.04800045358043558,0.017470764244871564,0.036989310521239036,0.0013950400615528476,-0.02525186623529408,-0.012469789379327838,-0.01509174311215829
2015-10-26,0.004442661841027885,-0.003925282929696203,-0.03832574592222474,0.006664821306046353,0.04371126904315502,0.0042409126620960086,-0.029217786673116454,-0.020191327059241048,0.015797171174150894,0.011986211415188379
2015-10-27,0.01901864442057004,0.022361154959763804,-0.03553552333902451,0.03706340151614774,0.006357269410552837,0.01934339544127655,-0.00930419967051282,-0.011491402009942458,-0.0025004555418908976,-0.003219888809828853
2015-10-28,-0.07405719739299034,-0.010237486343849056,0.015475210188753533,0.03867171289685773,-0.004055835467646281,0.013967983072154596,0.011050764642886336,0.004369514251285089,-0.008963726709913517,0.009307916195463064
2015-10-29,0.018846292003337466,0.02520428411321987,-0.009168691557576223,-0.004850052572097406,0.038905337015106095,-0.009298745330343437,-0.0293752214040785,0.004825371291120765,0.028726355542131952,-0.013538942466259972
2015-10-30,0.031189368324526654,-0.0022059518775037756,-0.0008070276341984917,0.008172177317567269,-0.02600559155504299,0.0009856981431159493,0.016801479908578495,0.01583512838015574,0.005010234780938473,-0.013155457965810118
2015-11-02,-0.06714958888495853,-0.005867506036794838,0.013691016196721747,0.0416524194000205,-0.021627999118303976,0.008631697237119738,-0.005380352952871682,0.022800355394754782,0.03152917244079701,0.013917288789463474
2015-11-03,-0.011534998750716513,0.003745294650937898,0.021338790276293252,-0.0012455232118188902,0.009618420689035345,0.009972885768976968,-0.0006822036200898699,0.02538420117237469,-0.008189754887754943,-0.0222845512108504
2015-11-04,-0.0023024426065888282,-0.033276764300130865,-0.018256118638950204,0.00033343342531878605,0.007882874392517178,0.0119322994174368,0.003761566473794562,-5.9544610191238884e-05,0.024388296614921607,0.07827408898804034
2015-11-05,0.006800905629650366,-0.002232007709824088,-0.009569638125574528,-0.013771381301162275,0.052889422987919564,-0.004015229572080971,-0.029698875786634205,-0.013405704828654335,0.00395293868645491,-0.002281517116338847
2015-11-06,-0.030431704513133474,-0.06009999022917145,0.021466027509198946,0.02266089226685478,-0.03831260602341365,-0.007355402266098118,-0.0035784612917623285,-0.01757027066033771,-0.028800710113007267,0.010808252952598709
2015-11-09,0.06530150190764003,0.0016949096763696947,-0.008366614132623693,-0.007312546391909363,0.010521482531724486,-0.017965945054979414,-0.00020774070118127934,-0.009188460406429306,-0.002675473378589738,-0.017114004197742495
2015-11-10,0.006747172889123397,0.03138182217859334,-0.0036621355507454293,0.0004908635791881298,0.04006018619567634,-0.00629076636833798,-0.0227520541926948,0.015506569075156199,0.004075432216314464,-0.03574546462628341
2015-11-11,0.011110788256408656,-0.019830784484927092,-0.007197649681021887,-0.023728100098090125,0.00972443602474574,0.010114511298110227,0.016697183661818264,-0.00851109849951231,0.006415659385285483,0.0032278644637081474
2015-11-12,0.07497927584491326,-0.015852578667815143,-0.0042404637495358465,-0.01950752838124913,0.0020720498461265498,-0.009353880790935127,0.0002763689837556601,-0.0076548922650416,-0.00801374405325062,-0.01222474099349463
2015-11-13,0.10176857066852917,0.0381021745597345,-0.010412564168699907,0.018856168791984325,-0.006428384545877406,-0.01721597424261631,0.019392342193845162,-0.0029053336970922567,-0.009054040821599548,9.327094097020214e-05
2015-11-16,-0.11235215485838874,0.013035087528161113,0.008552155099997617,0.004655182278742889,-0.01943070189236312,0.01499404936096365,-0.00018945276510279007,0.028606798427242425,0.016075198107065883,0.01242530363375787
2015-11-17,-0.012003484767172458,-0.004332243383840248,-0.015582558464975815,0.006946110226238488,-0.023557814658152303,-0.01013906354333201,-0.034753461599798544,-0.0052814674695979115,-0.007524601684310794,0.0006488775608079827
2015-11-18,-0.10203463458524861,0.004446986318457453,-0.010883592450944992,0.015223406626289546,0.018784611395750918,0.011586411422196302,-0.023003278069940427,-0.004448737727340451,0.007119754152637204,0.019747562287860062
2015-11-19,-0.01647360518916718,-0.010868632250874859,-0.0006687841261316826,-0.03211734284868815,-0.007550051054607717,-0.0001677672143977404,0.0177808535993908,-0.012283551928182656,-0.0036159763139008917,-0.005449534459057223
2015-11-20,-0.03458069968799552,-0.026778823408127886,-0.010643480878401744,0.013267273699522754,0.0037577701537984177,-0.019468181118168323,-0.010249659711947304,-0.020399987224067124,-0.0030583669959114834,-0.0012843335778445818
2015-11-23,0.015164662760145123,0.01769247532677398,-0.011972912215452913,-0.004063491227708497,0.013797459115492947,0.01631554048299374,-0.011671619749584645,0.011654573857935663,0.0006747706587190354,-0.0008159406038920982
2015-11-24,0.003302970169977094,-0.003205323675138564,0.009827304191025808,-0.0002528921372602001,-0.0281520494697889,0.008592093640672585,0.020469538988923546,0.013855428371145924,-0.0038633502989150986,0.00419084867877648
2015-11-25,-0.001990983889174337,-0.0066476052434449925,-0.002166728521140962,-0.0017498912727523127,0.0008400231268999692,-0.011682780206626501,-0.012564098737724324,-0.0033376733333444096,0.015415204529671819,0.043358351105663114
2015-11-27,-0.009305116734974044,-0.0036495112051556492,-0.007108938925302684,-0.0028022210165830875,-0.006429162400041926,-0.004710482181865516,0.010529620596430901,0.0049343704271082225,-0.006809854697971475,0.005483914513410503
2015-11-30,0.041327262834231146,-0.02215809065319382,0.02173419310317257,-0.015598219457289932,-0.02000959619368186,0.0035391479738624606,0.03265176943687924,0.011395294670500858,-0.0011761868279456052,-0.010351543559757183
2015-12-01,-0.08034686634756998,-0.006318476088794892,-0.013776691829640707,0.027469774881342522,0.004944730974432373,0.02812797255561226,-0.009470026542351545,-0.01138803151295057,0.011784417224940724,0.013980756254779682
2015-12-02,0.0575146976243887,-0.024606410920712685,-0.019117529452770652,-0.008493103097120494,-0.010816177057203046,-0.010565862164857654,0.003365074537826233,-0.008194662187016968,-0.028135964850037307,-0.0059463631814650995
2015-12-03,0.08392117241365749,-0.024057422714065965,0.001777826252263509,-0.04131658505789432,-0.034135911717557144,0.01814240375283253,0.006372598464473142,0.003662515164305895,-0.027060037196898763,0.02181306863451273
2015-12-04,-0.15543871048808489,0.01187672662879996,-0.026785213135980746,0.020172740750553333,0.0040273858758098175,0.006025153512905854,0.0038903690448307106,-0.015853483667490998,-0.013133854221912652,-0.01339603580270432
2015-12-07,0.03952375303864217,0.0075954684159119665,-0.020208936147828534,-0.02461460220328499,-0.012506852414499073,-0.012557490537489823,-0.003970730313132428,-0.013156689568235444,-0.0061760244302602515,0.006881138660739904
2015-12-08,0.032380285880251526,-0.013707783429627142,-0.04764653903525415,0.005185735810721967,0.03455436798531322,0.003689177837309227,-0.007120213959691297,0.005146411806185373,0.0003641163584670306,-0.007566223400401873
2015-12-09,0.07519534587736693,0.02626689005274331,0.03907833477252971,-0.0009222627641448558,0.0008051621848991704,-0.005078111447268802,0.017703541842434712,0.013084062216158555,-0.0038203708396246897,-0.004406002296319732
2015-12-10,-0.020199476153189802,0.005394623964219602,-0.001710009314565924,0.013996771654753545,-0.011541511053229902,0.007292298290981671,-0.012133013045764553,-0.000904016925014679,0.005396959472468828,0.008310699208252895
2015-12-11,0.1272861209477985,0.0081189139077772,-0.018676502767805553,-0.022307699842752972,-0.002634783545457523,-0.017686959155935177,0.008224960270612007,0.018896390388166772,-0.02115885900995563,-0.01645445498005887
2015-12-14,-0.05713520861578505,0.005763669508391983,-0.0074996423456076405,0.012839041324828096,0.016601471489874942,0.02685307847656837,-0.02071055226814518,0.021676440258190287,0.02380866732776992,-0.009894975584659352
2015-12-15,-0.0747910722029788,0.026662058190691052,0.034267993884835014,0.03222680813111881,-0.006023261348163594,0.02163170225259437,0.02135563751765848,-0.004120353157739064,0.005396689177974065,0.003608125665356037
2015-12-16,-0.11411440217240942,0.008096905270502417,-0.004335916583781083,-0.013665154905187027,0.018132185719947225,-0.0058484333929282005,0.0018849743335270738,-0.0055788761022746184,0.02741118507876082,0.03525914477342636
2015-12-17,0.10507289955596769,-0.006887502262877559,-0.0083559029776314,-0.0166906166483047,0.017254414601938446,-0.0015688647292346064,0.0020374272238739334,-0.0068061589207084544,0.0065150112464508305,0.014551064529491575
2015-12-18,0.1334793128419508,-0.0089258569671647,0.001534493549601924,-0.005427356539936119,-0.016865711304180162,-0.000986916432806886,-0.005702503248680679,0.015056520544467248,-0.00024086215102371683,0.0004204351160606341
2015-12-21,-0.059950921156752414,-0.014080610327103463,-0.011570248124725457,0.0052884215351374575,-0.022365730709133193,-0.0032510726920677024,0.013886950549971166,0.0022495316506473332,-0.017650262334618978,0.015067458799540443
2015-12-22,-0.053205695732021996,0.01892915827059738,-0.002906195292523749,0.0004848010368201913,-0.002197189440483367,-0.003212784131732623,-0.006649523663355462,0.0028758369378431054,0.00016050391675036607,-0.011595791053513629
2015-12-23,-0.05955358695714949,0.028052773327607524,0.02137863863645548,0.017650036066829942,-0.011104849648130771,0.01662414485275633,0.016051798392257847,0.029679188967124424,-0.002675387144134206,-0.004536020930268732
2015-12-24,0.011294822788379259,-0.00749415086025929,-0.00956864978779973,0.001290354427308483,-0.005531534721049454,-0.005779168863548456,0.0020072147039688357,-0.015775255905356916,-0.005081041504170674,0.0016796549128698316
2015-12-28,0.002452029100438534,-0.013811438241323077,-0.010942465617823378,-0.0076724066257959885,0.02003413536547502,0.0008189227556895344,-0.004837607180710941,-0.01247918571827862,0.005625054552820982,-0.005128475863974082
2015-12-29,-0.08025541742995676,-0.015405457537170139,-0.007961900755987354,0.00884425557611858,-0.009000008541190476,0.007453741900548766,-0.001432448914965824,0.0014129308265524922,0.010445055637779728,0.020817936958568505
2015-12-30,0.04102442437761111,0.003956176842979585,-0.015603618802794159,-7.902130830030194e-05,0.0046459276248099505,-0.0008142753350206828,-0.006203584798819407,0.0038742023684681243,-0.0046807857682610665,0.011206336055991651
2015-12-31,0.07521372351307029,0.004371213383741828,0.010075478922237199,-6.521948195885597e-06,0.00018784158130464603,-0.011264388761415455,-0.00428569127780337,0.007943572406368983,0.008501604339478611,0.010321283435463305
2016-01-04,0.1187156336362607,0.020232744116259842,0.012445007309068478,-0.026037664627440397,-0.02620531144320983,-0.00873025027724082,0.008507532523594822,0.012589400958596984,-0.02877735173938529,-0.038690919473859636
2016-01-05,-0.009574717699541933,0.03173159427426445,-0.012177164561624784,-0.004029255117413349,0.01783530617208626,0.009679974643760579,-0.01608135066654397,0.01792919129605084,0.008194483192272381,0.0014834348512553046
2016-01-06,0.08160738643963233,0.0094345782270886,-0.031095139632481675,-0.01587993768581163,0.0172896744708248,0.0031392807907128046,-0.015140561409145822,-0.00936202279262622,-0.0008546392079728776,-0.01749113223755032
2016-01-07,0.1662558526432393,0.04274696285069928,-0.015454981064751227,-0.026862142160853978,0.011196669488246665,-0.005592530067129411,-0.01587401041399259,0.004760148701383076,0.009206412522992037,-0.00029955684078754476
2016-01-08,0.07718093036484755,-0.008815055977896235,-0.0056184660562425505,-0.020528442003316827,0.010314517961691711,-0.009203976842829871,0.018542630565624902,-0.0030469847934464123,0.003917277533041417,-0.01694129792543258
2016-01-11,-0.03036009476647058,-0.01761344701580968,-0.0016421304413050002,-0.04474443911767864,0.0005315089872511715,-0.015052382878005723,0.00027301483308966065,-0.003882132059496942,-0.018398905247630947,-0.01966567320113531
2016-01-12,-0.07095001193414349,-0.008603396436275284,0.01394058174555519,0.02404016450140201,-3.363887467270255e-05,0.00018180354316385178,0.002493821767589163,0.0009796932296908545,0.0013914277838515425,0.0034928170772873524
2016-01-13,0.17564012494637848,0.028706171371420536,0.010479456574684517,-0.02499316461151134,0.008005001420867991,0.0034327122727928934,0.03349850327619407,0.026687063236592527,-0.008954015484278467,-0.024974199887418523
2016-01-14,-0.11066491380545865,0.01394352324897981,0.007817829906976553,0.062062884747579414,-0.009904523158126177,0.041940660266233276,-0.00934815062159221,0.0029175355136164035,0.02944946757660785,0.0036509911562678417
2016-01-15,0.16027789842300644,0.04820179149009481,-0.024581790202348422,0.01135400411457068,0.025106808435474966,-0.015333414066292175,-0.01615275773270176,0.007811786475050066,0.0088288173191126,0.020018566441292476
2016-01-19,-0.02439217810687751,0.013229848825436739,-0.040233855463018144,-0.03244010004066084,-0.00785948282980432,-0.011285155529702606,0.003964958179583069,-0.007041852039938956,-0.00483855942557874,-0.004954535415781948
2016-01-20,0.06165637439362919,-0.024737279838970894,-0.02730336703475007,0.04050814496855824,-0.01035011397358737,-0.007744775047284835,0.011664679196993202,-0.03797331671114472,-0.02551711621524733,0.009499891952717238
2016-01-21,-0.03099006829790295,0.002772799106880051,0.0180439249537153,-0.028366886936640606,-0.015940648409297504,0.0186878093609965,-0.011637520863548557,-0.006120143322711292,0.016375728666720758,8.686930450044318e-06
2016-01-22,-0.12956838194753967,-0.018551713472169513,0.00312016115610204,0.0016880874643109614,0.015208046896421886,0.03023570728295662,-0.011429565541393875,0.006523026546782467,0.031043208143478992,-0.015036647279299807
2016-01-25,0.07763940178286795,0.006845805768865054,-0.034608835628337324,-0.02460087956579446,-0.008936325826172929,-0.013472472297241076,0.006522589422707844,-0.006685459530442109,-0.020064782797430618,-0.012729662198577131
2016-01-26,-0.06336798791540506,0.026205720631899673,0.04035836385286461,0.0016386404805224725,-0.016889704198783766,0.011262691663416497,0.006757205097143766,0.01047919833627422,-3.524103567673787e-05,-0.03651878016871861
2016-01-27,0.07670658754672795,0.04845556132482564,-0.0005934080239850593,-0.017993807784616917,-0.017555127588379543,-0.033432727467444565,0.012104336050662263,0.005767579006239109,-0.011448074486804405,-0.01857830007119324
2016-01-28,-0.017805947360515807,-0.023189722557667828,0.03293446275646838,-0.0665566774192776,0.010183001596571817,0.04445928410849526,-0.018522918979520724,0.011956002225492772,0.01621225787157052,0.0012797320719518206
2016-01-29,-0.17729572921116457,-0.011897368604424233,0.00011211784559803528,0.005026578980535439,-0.019183642983458704,-0.016048410518731338,0.020568218753778907,-0.005112222667945018,-0.028710185080697666,-0.009379659818663115
2016-02-01,-0.007392716462576084,-0.019578733216656728,-0.012169830037697608,-0.02422471283194255,-0.010730279817340187,-0.01369641789868576,-0.003931379315669924,-0.009569120424446454,0.0063716962541502855,0.018709462200392865
2016-02-02,0.15303546469270643,0.04420910305722109,-0.024731078535850694,-0.02966028666711665,0.0332138475063888,-0.017951529477118547,-0.011028531983755245,-0.004894094697017286,-0.014487264385359465,-0.03866130778061662
2016-02-03,-0.0159560413870597,0.05191955654591628,0.042467701515489974,0.02235468119420015,-0.017390721791004548,0.011552662816199419,0.024971893508865618,-0.0010257084714846401,0.013184818480181892,-0.04573430376920709
2016-02-04,-0.01603796509916294,-0.019791304597533095,0.05012556229744776,0.01515628036847193,-0.03514458460592977,-0.025708155245494038,0.02364613609740595,0.0078020829007340075,-0.013894334666405191,-0.001682566738785036
2016-02-05,0.16549321167488232,0.11123159089210202,0.02014668449937559,-0.031066037773079813,-0.0193250316198666,-0.00466670677364862,-0.013878945099022683,-0.003729495200958371,-0.00950653827237752,-0.04672965849842029
2016-02-08,0.08118693559576588,0.09210295448012695,0.006540027461316726,-0.003224228683003947,-0.05294012570177244,0.011253607478730422,0.007869584385732641,0.023364101656862972,-0.016028365750789253,-0.06777194582297562
2016-02-09,-0.008197318224124232,0.0020909165436047246,-0.018037135276949688,-0.003170928619502458,0.028352852111526133,-0.03019423066526439,0.011642470788268373,0.0012546474351518323,-0.00695019648860963,0.025967887223129982
2016-02-10,0.002394351508035442,-0.024381473520281784,-0.025526134479014407,0.019780853831111247,0.04234532485622419,-0.006757569100311415,-0.010133628121195044,0.04149752563501892,-0.029096467605589607,-0.015659747939235524
2016-02-11,0.05485890121683837,-0.04588216805735867,-0.0020202250021064015,-0.01980160577579845,-0.0031882469823787873,0.03431637153212271,-0.006034745036494485,-0.007288719368553827,0.03629418449615675,0.004102085239732539
2016-02-12,-0.11637982245524224,0.001946764796275012,0.03798085507347206,0.007157145807170844,-0.015588405564613841,-0.019003568736804793,0.0032530621756017395,0.002180211441562544,-0.0204577269126787,-0.0006550252051916304
2016-02-16,-0.11631278918020714,-0.026486831279035936,-0.001228555861498616,0.02880280228483758,-0.021569062514446784,-0.00903939915220148,0.008951164578386099,-0.016793614633325193,-0.0024829355581790346,0.022628393723984966
2016-02-17,-0.1287750714847409,-0.04980693257175729,-0.004819963752672332,0.035740369379193136,-0.006781013051922644,0.036158101079134176,0.0034090276585436153,0.004753020441378091,0.024347335159148567,0.047113949899643494
2016-02-18,0.03758442503909989,0.0054519761216930895,0.0014003167796685972,-0.013176702502468945,-0.018128123390189103,-0.008834309467119258,0.039306340770688473,-0.007432300051242987,0.00867072342441128,-0.008724438766975937
2016-02-19,-0.02140080075886702,-0.008602057095310048,0.0014290256585476415,-0.005093534342813034,0.010409956317218602,-0.00951282986329831,-0.01183925406203765,-0.0008522895976190003,0.002203801613140374,0.0005474263020172137
2016-02-22,-0.10234616977245456,-0.04453523082647701,0.008208650698959475,0.003992684869436041,0.002318493663308462,0.012284908980355672,-0.004074397386194609,0.012139527560596074,0.02331406318031121,0.04611288826987581
2016-02-23,0.0824124851140019,0.008007248006661721,-0.041309484304904914,-0.025678625266823654,-0.0026632145097620187,-0.00819235033790042,-0.019112509015629487,0.0005252507215443514,0.0005900456246978185,0.012565886595248878
2016-02-24,-0.034472339149813236,-0.011190872479871985,-0.0032819558726559688,-0.005968927827032279,-0.024277749955189495,0.004779977274252322,-0.005126599731290694,-5.964696268278027e-05,0.004441710816236995,0.004171200567529252
2016-02-25,-0.08728729143310666,-0.016885096674629355,-0.004048573461893645,0.0036247666043744808,0.019421325186586007,0.005526646372665745,-0.0035742321236754706,0.0073077592850490656,-0.0005298465762797503,0.03684952769221713
2016-02-26,0.03056799181688716,-0.029246578629396922,0.023346410144728283,0.028918896909732737,0.0046847544391901185,-0.02534568877310684,0.012218572617417992,-0.012447375562871814,0.003535666930915975,0.008177447546035275
2016-02-29,0.06567501309361237,-0.013782438053086063,-0.008227517426950182,-0.0336036915061629,-0.007576247872472791,-0.0002929718373335087,0.012886202618044884,-0.0004029120568604419,0.0030608108263372627,0.007790179809455953
2016-03-01,-0.16658970220481945,-0.02090857448223384,0.005193827854541598,0.04638935475528178,0.013364571712200252,0.00642189891025009,0.0021460419581369496,-0.016021836251163917,-0.012193817034425515,-0.04044838288533151
2016-03-02,-0.01818065805558426,0.007185815918012849,0.0062831347386667685,0.006787743749858747,-0.012285183278241468,0.00916394172520341,0.001483713383474648,0.011211129211278733,0.011836786288815378,0.001608664662964354
2016-03-03,-0.004900724925308414,0.004838550421995256,0.020426690741381624,-0.010321519909481247,-0.006458538852838897,-0.00598815898541543,0.002506914381048684,-0.012309108020199468,0.012580305196694693,0.028685085164434097
2016-03-04,-0.023832808280893635,0.001214353274931777,0.0003385390298213295,-0.00740332518048735,-0.025015120183205064,0.0004206683077680787,0.02480837978051405,0.004211164430655868,-0.002446450060004257,0.03308465868918031
2016-03-07,0.01341683892185045,0.03836550185197372,0.02380942295164018,0.027778619639710695,-0.04750456141897176,0.0005396742421714693,0.001808841979571841,0.015560694565077967,0.01863576324229686,0.009764345656163392
2016-03-08,0.04664179843923617,0.01209455305907853,-0.0362521108309318,-0.04090712160250812,0.015175825143152646,0.004451020836073793,-0.01559736810236163,0.0032108747413635568,-0.004200635162555649,-0.0028699139348133777
2016-03-09,-0.03643391153887347,-0.009739958584648921,0.012349393156858105,-0.007259377147299865,0.0012831201886725314,0.0342900499287517,0.00988141864214069,0.01906379171441123,0.003306876187040657,0.007411563844978341
2016-03-10,0.004229466710291133,0.003395053863064078,-0.00213628830231011,-0.0011603983094128118,-0.01640823982307376,0.002975639586820247,0.016252722947131957,0.0038866884378955637,-0.004191748141858699,-0.0057126748124791205
2016-03-11,-0.09643187064910509,-0.01563876703583279,-0.0009231493962788265,0.031694694045052964,0.01074214694801825,-0.013773914231112572,-0.002874099488128151,-0.008411592753321316,-0.0065819812143389595,-0.0004735092288761541
2016-03-14,-0.004772895936928105,-0.019962718728366084,-0.0030136203927178186,-0.01439095147224998,0.01648867414064436,-0.003281946157494307,-0.005855964842203473,0.004740870353119705,0.023483029093990405,0.02419580006158271
2016-03-15,-0.001171868508857984,-0.019342039550415187,0.01305675610158745,-0.039796290047996015,-0.0009715215756408141,-0.0009647064806130678,-0.006956687136372591,0.005199044869591397,0.0016335429094832537,0.0066506742640288176
2016-03-16,-0.03957566456593148,-0.02295216380164862,-0.00369388922005169,-0.0012494714185978327,0.0026322342296772687,0.014246774366394077,0.003238866707173148,0.0076192619241924045,0.00397320353530548,-0.00591653870718869
2016-03-17,-0.03938923525912713,0.002443141428380611,0.038610933033689364,-0.04203025769804996,-0.004665253755707591,-0.026489396737329442,0.032052576105139174,0.0076509391330113405,0.003569227345650008,0.002163100144959657
2016-03-18,-0.048209958532767896,-0.0012689934486351463,0.002644887905611235,0.04710283711708813,-0.009887895111169335,-0.014076501472652315,0.00851011727264702,0.006371529800333956,-0.013867257378580513,0.027039950498919506
2016-03-21,-0.007507925682665722,-0.007687194373072394,-0.006954612747629065,-0.011981070525616323,-0.002660549541393617,-0.001088184150194419,-0.01355458545741465,-0.009005012021186977,-0.00037387707321899586,0.021040834610261072
2016-03-22,0.0019322575934133843,-0.00022490442133483828,-0.02155464470015278,0.03567500180304683,-0.002378188062750505,0.013410554218961746,-0.005220962858366062,-0.0074638028455675095,-0.00188815679627107,-0.0072046789684560445
2016-03-23,0.03189675596249759,0.007501756044339527,-0.01773253954734076,-0.01180119914517139,0.018473757342576898,1.321867512467829e-05,0.003780031700565937,0.011679349923401517,-0.021213720748915876,-0.029997402413263333
2016-03-24,-0.013702695760092112,-0.010279843427254444,-0.006994024782577175,-0.007155298111192042,0.005122664907012305,0.01422901155697947,0.003022587834120509,0.003025449377791928,0.026340322492527404,-0.0053705689209169885
2016-03-28,0.010872367636519482,0.0003533912049413919,-0.0027409885614993927,-0.005891435236794028,-0.0009203457868032755,0.004462342202329909,-0.005290035816451638,-0.00308216619803731,0.008638636494564146,0.012974574885631059
2016-03-29,-0.0693287923313271,-0.008616172950624543,-0.02134434689683367,0.007635397170485004,0.0010714272383389749,0.016403942695167456,0.006401196133040706,-0.0021175148298674907,0.007400634966214743,-0.006236139346010284
2016-03-30,-0.039975143634472556,-0.015514118064455603,0.005724459824225861,-0.01014920508413544,-0.002973726605185991,-0.0033341481402886664,-0.004439381905850004,0.002438657041760761,-0.024172150367950174,-0.007699055005704589
2016-03-31,0.017386046866631144,0.002180181700704301,-0.008841039515495946,0.0045706726247825855,0.010331458562788809,-0.003659427178054922,-0.004161279748513411,-0.0030397319935056137,0.01062655882743541,0.007075156105891049
2016-04-01,-0.06070844780787648,-0.006681229145524612,-0.031511103289837875,0.008222964354141585,0.009731880198539907,0.013124692578829943,0.0004665244676769539,-0.01833680826158364,-0.004475483512972315,0.02749148008217832
2016-04-04,0.015121744737776907,0.022738736634751986,-0.008419007879783193,0.01595545595682466,-0.0014579234968022817,0.008963372922098662,-0.0011404638002391403,-0.006572095943329808,0.012698065729077598,0.040197836968836095
2016-04-05,0.05362043909841903,-0.006430482568133111,-0.0051018578407691145,-0.0036886732959187274,-0.0075389946450634075,0.0036959002889573253,0.004584555130541974,-0.007545395661466593,0.0032167853903583388,0.029096577375499266
2016-04-06,-0.08094586364954216,-0.0006342034701118694,-0.01186158591413207,0.03542468347942624,-0.0018289030647325375,0.016835211082348648,-0.004229573010475535,-0.0034822799456447613,0.02211942058845363,0.02227973132570607
2016-04-07,0.08102864325455733,0.013116741996523093,-0.003624811391123091,0.0014074298737672454,0.017618235840245054,0.002583185954490333,0.012498156571068663,0.00631707138323687,-0.012638682456452617,-0.0045819187335551315
2016-04-08,-0.009770071397539602,0.009381452145428739,0.022142702608461948,-0.012129490934323311,-0.013411924924544414,0.001731755148987223,0.018338526560146243,0.010430536441944884,-0.016779224739427674,-0.025643378400858518
2016-04-11,0.021957516398875852,-0.005864010981289323,0.00987629398844201,0.015069580574145562,-0.004083515769022868,-0.0016954901313073485,0.009291662865308397,-0.006834619085438046,-0.00991524676342499,0.0038753705506700815
2016-04-12,-0.05717985262795353,0.01688125228286289,0.011250808834064298,0.009563319196635217,-0.00025455748339882394,0.00469832869074352,-0.017936731733141864,0.0047964381703025135,0.008591018471010516,-0.005555386202622148
2016-04-13,-0.07742943474087245,-0.039082094816238144,0.026076486551119583,0.028421227807013148,0.0014376910148140908,-0.01873067685643295,-0.011711789073130769,0.00025838305172748996,-0.01158278551129984,0.015857108209911618
2016-04-14,-0.0032328070296458655,0.002053190142559958,0.003335701079971118,0.01478103831944791,0.0119443523703208,0.004229834867746608,-0.004101044314926114,0.006333393326842211,-0.003729137548308203,-0.007393555068263444
2016-04-15,0.006974511064228708,0.005958894657696473,-0.02325116307102111,-0.015474994764899748,0.015002848184507974,-0.0015008662363364302,-0.0088272342019654,0.005204070221408795,0.014427502148369839,0.009723564713155065
2016-04-18,-0.05033312579010385,0.007468845029640763,0.0037372780955510975,0.01031009156074059,0.015009022829466558,0.007546975269029901,-0.012707625602559927,-0.002894812501300179,0.008848079254492077,-0.01218227567630594
2016-04-19,-0.001011889346144538,0.04029953867364889,0.019245666313621887,0.008081328036877786,0.006709795798020451,-0.006691756499518791,-0.011656670035372888,0.0028717509587003493,0.0002700276980608528,-0.02002480297715089
2016-04-20,-0.006926420214241504,-0.022244397845791294,0.030416757346484375,0.044223004868082304,-0.007586630861990255,-0.012508403456891677,-0.0077694675029931735,0.0047483150314373565,-0.004227239799716961,0.009803562561706069
2016-04-21,0.019268250209945048,-0.017785735599712815,0.00017725879034745227,0.044553031454326764,0.01099424223151577,-0.014402392338272903,-0.009068057427960682,0.0064897541006636765,-0.004367729949095027,-0.0009244218341181243
2016-04-22,0.013415548615290781,0.04964540898875754,0.02263817055187909,-0.0066634680119999675,-0.029571295382655672,-0.02208012404504274,0.010911206297757534,-0.0017787372508819013,0.013051077752812251,0.02939839970724595
2016-04-25,0.0019873430149228884,-3.812816711435446e-05,-0.019268947912537828,-0.018973455460835103,0.0008644320822531826,0.010255251929300057,-0.008707701142697711,0.000971172498595134,0.000644051825410504,-0.0076710305833742175
2016-04-26,0.001146606254095081,-0.000596711108323758,0.03078478422329759,-0.0025921383177611866,-0.014564373711126821,-0.022439478312735028,0.004040003982844965,0.0018851336833005277,-0.003945846284588501,0.013998111572616281
2016-04-27,-0.009421798438590374,0.01829706414405096,0.019162167479417784,-0.008857101577556365,-0.011370483622996695,-0.010999203924072335,0.017564496078440198,0.01001350132649121,0.004253567152715596,-0.020419970526306747
2016-04-28,0.06860156925554947,0.021635539053821075,-0.011544523335632524,0.00412940359999212,0.02317628948602359,0.02244490647449906,-0.01207997972686625,-0.020566284869578094,0.005122481914069418,0.00306417599037994
2016-04-29,0.04078727272694499,-0.001564913590223046,-0.0006970981431437207,-0.017156167533212585,0.05364218974121081,0.01197410169646506,5.063270068496646e-05,0.00637016783522159,0.022207875931521664,-0.018429319474320346
2016-05-02,-0.061684090895271174,-0.012104577016321819,-0.0038653704111875297,-0.0036507642026132343,0.0039011512693116635,0.007214682702120844,-0.012610280910802452,0.006282735554807478,0.005488186852895232,-0.004376275821751938
2016-05-03,0.06427052811268304,0.020409074782280108,-0.0184270443092104,-0.013388791993682453,-0.0032360105862023992,-0.006067869975911093,0.0036923543902113777,-0.005737613454529906,-0.010379674348101175,-0.014054451233828699
2016-05-04,0.03984461138504001,0.015058440754978804,-0.014799764015506532,-0.027661970228193892,0.015031268076506017,0.006016084167995902,0.0010467450196283883,0.0018770596379697488,-0.000985964413527105,-0.02938142644180728
2016-05-05,0.004030729109384973,0.01165765398402443,0.003490604516168623,0.017284744209091905,0.0013832247586528174,0.0011937195700030072,0.02008597261642291,-0.005860807298213127,-0.01362369180104455,-0.03654254896223778
2016-05-06,-0.03398917956433468,-0.01242629816092931,0.004201242080615561,-0.01735505932985043,0.009968044646084738,0.00425023134735769,-0.001908630996313971,0.002725717217035332,0.009495784449250845,0.0022364814691880025
2016-05-09,-0.006724851311509754,0.010001604932870695,-0.0281322993985277,0.009959976699915787,0.0005513848040133518,0.003726823473033157,-0.01639224728593907,-0.0031504134959971443,-0.0071293975190405345,-0.015631939210798355
2016-05-10,-0.0842635997058836,-0.011130776719348688,0.0086100629646668,0.001916405841260551,0.0022517457820275815,0.010853592424286965,0.004940194904723433,-0.0030197249151796388,-0.0006782482705657962,-0.014227212874016066
2016-05-11,0.0631458247447992,-0.017260933475404788,-0.005929242435771817,0.008317062629420254,-0.00822827854383772,0.015536646568774135,0.033043865327993874,0.010428031381063333,0.001985967017061659,-0.004057317866662056
2016-05-12,0.002115536627809074,0.02014539346771156,0.0011376067497248041,-0.01477991272178215,0.02259229063299896,-0.0019113989336495634,-0.005065843510595026,0.013971375715855598,0.013369542887856379,-0.009392724774263643
2016-05-13,0.04158248995418925,-0.04353896349752665,-0.013999993239455583,0.02169610535444076,-0.012259656741872299,0.00879213476820078,0.022673137514893447,-0.009853204930242016,-0.00142005793970756,0.0020673034754172008
2016-05-16,-0.0748512422500569,-0.002646160422661482,-0.009375431765802467,0.019405651383733867,-0.020342496879752446,0.00570886343140077,0.004464833875819278,0.016343250149553123,-0.008466869660633054,0.00337670039150764
2016-05-17,0.0786532758814489,-0.01630682466181395,0.022337501063363272,-0.004351639385226445,-0.0020654150489953955,-0.017887651219762008,0.01267284245098044,0.016909168925908654,-0.006742416226726327,-0.01517446816916317
2016-05-18,-0.01381578558205361,-0.03970408885972641,0.020143325651053434,0.03841327138333887,1.9812813306088088e-05,-0.005698076611437942,0.01720275387816758,-0.015068808339609462,-0.005543056815581547,0.02232609380775367
2016-05-19,0.018992564848573607,-0.014836138425921333,-0.0002838335994768615,-0.034460441957944954,-0.00531390019478862,0.0019850279478073017,-0.023594354266591223,0.022652824225164153,0.01129474236043456,0.015024140598859433
2016-05-20,-0.04975009255295071,-0.02962405457748136,0.003911202861521884,0.020904305487811664,-0.02913167327038197,0.0008950791811394562,0.003326296555937173,-0.020127041054307925,0.006606202812242738,0.0034877670766912724
2016-05-23,0.020868185780986523,-0.0028862242248731207,0.0022889487242682693,-0.004054475539166133,-0.0064382593822208045,-0.0015345832660661445,0.012015047321521624,-0.0007028897067488682,-0.01582238530732987,-0.006617841745220249
2016-05-24,-0.1022450913936941,-0.019894480828823217,-0.012286398806781427,0.01416879257392098,-0.005325667642730545,0.007108048470928059,0.00960983420457988,-0.006325782286365966,-0.008666308218501133,-0.0021471747172822574
2016-05-25,-0.03883755844771694,0.002195948656454028,0.014439433969209657,0.01603411175975915,-0.016341451489343475,0.0054923086766363325,-0.006933453655221925,-0.0007425257414074383,-0.002174957120482294,-0.0019900832699044886
2016-05-26,-0.014522192241059616,-0.005044333979355359,-0.018938366743601213,-0.012276608830059238,-0.010840048931274477,0.008733446081753627,-0.014572012771576808,0.0027700810589489076,0.012671428868635525,0.02223848990092088
2016-05-27,-0.02526678729992294,0.003589179560750502,0.005845029303712205,0.010049265073441362,0.007550530262884353,-0.0028388341265743705,0.002532740605764554,-0.006763145603046914,0.0021759656896832126,-0.011305650642078528
2016-05-31,0.007952746829450321,-0.009501627145191878,-0.011654413234551086,0.010933965676826002,-0.011075439762398697,-8.56809794201325e-05,-0.004806680046826263,-0.008845606997153976,0.0028133129146999582,-0.007247137613340342
2016-06-01,-0.0070756133315292525,0.009739826189951272,-0.003342242983413549,-0.003415469518510119,-0.0034257103710672223,-0.002027810936985993,0.0003139462668164528,0.005146180392927033,-0.014429927336594935,-0.007299254953083097
2016-06-02,-0.012688798750805308,0.02011138262408703,-0.012235959854171485,0.02403393783808716,0.002638313874914087,-0.00281160913438948,-0.00495970784717233,-0.016675806251593844,0.00589644435380964,0.01297957071916254
2016-06-03,0.00700223803862689,0.014315449291612667,-0.0038514617093521907,-0.016123011675466065,-0.0250495679489725,0.00783372040419672,0.021803438316446554,2.72334663535673e-05,-0.00952485452394041,0.003307245224414839
2016-06-06,-0.021480173761355584,0.0014355778492294664,0.010099002081263967,0.00016113097147371096,0.006094294964562416,-0.0017917286267092871,0.0045169710264480415,0.010721070621113035,-0.009135167511838165,0.009423373935806032
2016-06-07,-0.00651792398411194,-0.006943452568272063,0.017531772387602396,-0.0022930779949597983,-0.020395499811440145,0.011538802301043472,0.007080385307528022,0.012221011343612767,0.026831055223614415,0.027345157943659035
2016-06-08,-0.02584669259321104,0.0004700415258995949,-0.002488583534351008,-0.014138253895462125,0.011447125433426625,-0.005657536879150522,0.005343114201919062,0.014033719986273088,-0.000590758559273882,0.00994757154801702
2016-06-09,0.0022570715794765425,0.0009646730930000987,-0.00586100166165216,-0.022562587280548455,-0.012275266806958804,-0.008080585916991144,0.012034957440494458,0.006671744472159368,-0.00508835115566568,-0.01802673128133006
2016-06-10,0.053843212553411186,0.03246588996623568,-0.006421873087666007,-0.01638879111207611,-0.0044756482690662,-0.002331612968722846,-0.00813947714482573,-0.0035126228344191488,-0.006283261423682725,-0.033315748845309925
2016-06-13,0.04796623541297386,0.001005226298887963,0.008794028118107498,-0.006742215394522937,-0.011165998959003155,0.003936515631244533,-0.00043975398068389843,0.0066605029108808755,0.0048309224370487545,-0.002231314290257689
2016-06-14,0.00560352366515802,0.0038760288422810115,-0.02169629127273341,-0.005312919552067035,-0.0012211809837260523,0.0178846734901274,0.001055489103150028,-0.003758913036305239,0.0027617394331255567,-0.018928736967702756
2016-06-15,0.01699134753327503,-0.01230297619516432,0.0011147319737766738,-0.002766690655640097,-0.0018208118972001526,-0.004556114593012228,-0.005206787972738298,-0.0019530398073242911,0.005091407805215855,0.016110868833902628
2016-06-16,-0.02763683417255873,0.014985992260386813,-0.004210557246234994,-0.0008982991349763097,-0.007022054532245925,0.011254049358614264,0.002724114177429979,0.005460458678210784,0.0011036788073444913,-0.007345228729216498
2016-06-17,0.04205443906368734,0.012837884466052347,0.026027689010008778,-0.02294186725495406,-0.012654196094928355,-0.018643160317234,-0.002339727611256303,0.005010756918156392,-0.008480685381576071,-0.017986366442695096
2016-06-20,-0.04262625532768463,-0.013443468105424669,0.00398144452371532,0.0048616593313882935,0.0013568836133903731,-0.009250044065375254,0.004838728369528405,0.0047275402834861405,0.0055539064053094995,0.013465731531144696
2016-06-21,-0.01849762588463992,-0.007081601189602958,0.0006578912178759045,-0.009283395388846262,0.008642204873017149,0.004477470441118546,-0.0021266636338069297,0.008903223060445054,0.0028893717990709513,-0.008110104350532856
2016-06-22,0.026417937686337843,0.040588626452680035,-0.013521147616351788,0.024145567567644768,-0.01671670171474594,-0.014254537333074,-0.004986151559537937,-0.0069583585835213185,-0.022998497462295913,-0.06453310348073533
2016-06-23,-0.08369926112658253,-0.012634055667146772,0.006291222704002382,0.025097995166856946,-0.010281905948231182,0.005489022477451701,0.017212531330568496,0.0012369841422979852,-0.010102292503990574,-0.01427270578814966
2016-06-24,0.2276261692996787,0.03840259356875912,-0.028433183123448114,-0.02502764148194148,0.006371027749554776,0.0013576444492514766,-0.03713280149026151,0.01586490178243959,0.024043227379291335,0.003472152594709
2016-06-27,0.09475461430962594,0.029461468307659482,-0.020672713849527947,-0.023947326141503602,-0.004936713673488896,0.01898651465505008,-0.0027579545964600866,-0.008922336363284707,0.04502056958724178,0.022644224717850655
2016-06-28,-0.11845701741397652,-0.017626160907093902,0.020909471881810058,0.02004272291692712,-0.000910606349092184,-0.0005693213198991837,0.00025509548351976014,-0.011585720709642118,-0.006426313140074491,0.013254465396499193
2016-06-29,-0.11477216605333072,-0.008280276369707714,0.0011977318475265698,0.03364168808151248,-0.009072549395427015,0.007226788437567836,-0.004565047042235942,0.0019511500110271443,-0.004478495340743989,0.0212843121618074
2016-06-30,-0.06369900603620206,0.028432070573898238,-0.002283955079269349,-0.008250851483759173,-0.03851750867755222,0.0040182306170034885,0.016751094806723106,-0.007349476156113607,0.02066046007906933,-0.0018773670776780294
2016-07-01,-0.014097637788612455,4.291655441859232e-06,-0.01214382826238337,0.011983317338444566,0.015014889111483616,-0.009972503342929416,-0.00911355373593498,-0.003849618249550146,0.018590632563583644,0.006957425396197703
2016-07-05,0.022536670561372468,0.01938183996268028,-0.039439069607640445,-0.012039576108392906,0.0054178162392955,-0.00532175366125356,0.009764141182199312,0.010539063531051806,0.014393048364161642,-0.013807642893527473
2016-07-06,-0.04086316292929194,0.0036633431654707975,-0.0011828890821245967,0.02487338952831477,-0.007070084923318465,-0.003209883809223629,-0.014581806951850552,0.0025564715638946136,0.016273634627265197,-0.002463944340427452
2016-07-07,-0.014562687914096671,-0.022272716564737897,-0.0029390653424885755,-0.0049590588180122245,-0.012477690945880896,-0.01167730853090552,-0.011140449566023301,-0.01818648702958681,-0.017318470175226627,0.010634814176589244
2016-07-08,-0.10745203562094867,-0.015946640311690456,0.013916475143991873,0.010197752368983109,-0.014964929214413263,-0.008310254802617826,0.007136331981410917,-0.009583702970528919,-0.004421384524061961,-0.0025163457282545787
2016-07-11,-0.02855834728736332,-0.021825721686203028,0.007930154807606964,-0.009219051527508593,-0.006516354576327634,0.011205620631132215,-0.002749526102610141,-0.004418230239881482,0.009486148128589637,0.023743464551556775
2016-07-12,-0.0390030687123485,-0.011997950425587225,0.015705488486573674,0.030126412682665773,-0.0016934166529987856,-0.0025020278481573247,0.009958643748552503,0.0014164075061604093,-0.016937151733764158,-0.001345032451615824
2016-07-13,-0.004865350572397604,0.01720447304636814,0.0021892348123869667,-0.008878489969271947,-0.00503511874754335,-0.011126486050089122,0.007276222904905715,0.009660566802338717,-0.008193509424842916,-0.006089791503590246
2016-07-14,-0.03141979794213356,-0.012479335863180863,0.0041296667145279955,0.007555327506295589,-0.0011553128852941279,-0.006354818928360518,-0.00045761990114707464,-0.003423133449272032,-0.014553520827301715,-0.002504121826197092
2016-07-15,0.01578454870980782,0.0046944510828033905,-0.0034737522619878937,-0.0042222746767160485,-0.0038621742366164616,0.007684826505551898,0.005982574383327524,0.006624484280194729,-0.001063498959653343,-0.005502899503472343
2016-07-18,-0.016488717195879545,-0.026207641052442072,-0.003032850772213172,-0.00682660366939065,-0.0007402161137974307,0.0033252712621206918,-0.00544064404386625,-0.00951513567784201,0.011596580983122365,0.017713521321304878
2016-07-19,0.0032991088298474857,-0.0008711285970594893,-0.0023349343739420543,-0.002802251542241048,0.009506769451468418,-0.004657059823633803,-0.009662227861566024,0.001659557395430182,-0.006803255010315275,0.0040168598836808995
2016-07-20,-0.039893450679654226,-0.0322808576570647,-0.01154850400114978,0.014984002704704466,-0.001679675835336233,-0.0016598497527725794,0.005895521824637495,0.002177334051151577,-0.010635921666423458,-0.0027454457476063046
2016-07-21,0.03646197979782402,0.019043461766360518,-0.011066038715287104,0.008035079479361523,-0.004594011037116563,0.009111106127063204,0.00767795987714102,-0.004442639916896707,-0.0025813899553360133,-0.014187573854868464
2016-07-22,-0.0353007433395306,-0.00997129083732781,-0.010286991523598413,-0.001254875511087141,-0.0047318251669246775,0.007965852377891746,0.010961980452045491,-0.0023391795952915555,0.004468520255420655,-0.005702109369440945
2016-07-25,0.008331186219432445,-0.01640458046080379,-0.02159965173358427,0.00036511068396573104,-0.013471882434602034,-0.010846515902475604,-0.005066173262033477,-0.01943716546333091,0.0036738995984666608,0.024292936411839737
2016-07-26,-0.0077566913271838005,-0.028772098592660483,0.010042621183373325,0.025478151962085735,-0.034046962789891395,-0.013459288946989183,0.010768215575949716,0.0010813775767158785,-0.020394526416201913,0.001675020810103231
2016-07-27,0.004471405743048152,-0.020842771610012915,-0.010477390404626682,0.040473416111437406,-0.005120055135103787,0.016055126804418323,-0.008080891032281403,-0.022033488600843348,0.009151457735444542,-0.005911204384989995
2016-07-28,-0.01683065563066772,-0.013063297821009826,-0.008317847554332292,-0.014198930018745476,0.021627955677558798,-0.0007269300983265167,0.0009747139511072341,0.0041546606761693845,-0.0027323735109365107,0.005299464365680432
2016-07-29,-0.01085305411327104,0.0037213885836516604,-0.018141407334694992,0.004989894482755477,-0.004614730316630412,0.007953452672817567,0.0011150411341582338,-0.0023322206389850084,0.0190028899370058,0.01024846854766838
2016-08-01,-0.002742451030175434,-0.0027006970172419723,-0.042472640749853394,0.00664009960574285,0.004734708285049831,-0.015205145868123313,-0.014051582240532344,-0.02584481063127037,-0.023241178585608507,-0.0038257593192310103
2016-08-02,0.04170097941411374,0.015799604274872366,0.010227420873695893,-0.0010187018784718661,0.01349584405731357,0.016958369470530893,0.00249149898123313,0.010173970912958755,-0.007587415389797709,-0.005825759535902475
2016-08-03,-0.0075070990282558,-0.010692553307251745,0.02723959720519422,-0.0027495620283395773,-0.002498757255950219,-0.009953209068922074,0.002498230341489217,0.005013977398417084,-0.003008058217956854,-0.006335874424819176
2016-08-04,-0.019470437023073918,-0.023472422699079416,-0.0031948037963742647,-0.0016340231696018441,-0.004854641056348033,0.010191266832737482,0.005639500287550991,-0.0023374045238190176,-0.0047301409888763895,0.014204262699356294
2016-08-05,-0.0516316708123503,-0.024310765895861872,0.01571445185359919,0.0008366657934526979,-0.0013359440545402767,-0.009224691917824353,-0.0031154738421839624,0.0025064115965940663,-0.01896530902856382,-0.00601266942395646
2016-08-08,0.01855766611652695,-0.011868503435329776,0.018615523306964702,-0.015470812920541725,-0.0015606457619234328,0.005094034418379906,0.0027691259996798358,0.015600566918840252,-0.0005896066166991273,-0.021907893999615402
2016-08-09,-0.009329707908890856,-0.0054379208760641905,-0.0018284280860619252,0.00306264204996399,-0.006748597094894527,0.005458453682908664,0.0004516869806498185,-0.00451513498606997,0.005805269335045796,0.015751556140341468
2016-08-10,0.014887561496387315,0.0030886597795048705,-0.018130065660292696,-0.026129650229148354,0.003840553586618077,-0.0015444158059811368,-0.005304613687461745,-0.004994457337066418,-0.005379612159278472,-0.013999800573749003
2016-08-11,-0.034833812632013586,0.00011912817554569403,0.0006674502892725067,0.010821291033368504,0.0037235216082764063,-0.007027959304277447,1.1437193388021008e-06,0.0052468032168587085,0.003527674168877629,-0.0011486807051480435
2016-08-12,0.0023898813680532072,-0.011875414864769411,-0.00045998329449777964,-0.003102184750991331,-0.01596445755490395,0.0194760969308409,0.004395154664363929,0.009978183062933231,-0.00046694869385414473,0.007417984486764818
2016-08-15,-0.012014070338438258,-0.003466321853354661,0.018323851054319003,0.006281217104990137,-0.01769281667846969,-0.004890216964852495,0.008881974605710899,-0.008777500453878092,-0.01732943138152317,-0.0013110233253253209
2016-08-16,0.03342913783571471,-0.004137847741362505,0.017171198005277732,-0.005292131556895298,0.0011752017852632811,-0.0033948349474151483,-0.002578132161397814,0.0024085581803095627,-0.00686769676153663,-0.0051836514799993025
2016-08-17,-0.004403109324326146,0.02166719150159496,0.0066797302647095365,-0.007363170342573158,-0.002094263455500498,0.0016554519864224776,0.0031367794495279966,-0.0034816272175521327,0.008834271592815765,-0.0033379259617042933
2016-08-18,-0.006719518102238403,-0.001811198442825161,0.007964486410031137,-0.0027980068867408383,-0.016035970577164594,0.011362740447649896,-0.0014919911693737908,0.012436514234255496,-0.0005764884835943422,0.009972269230669758
2016-08-19,0.005685728551991284,-0.017205414401644897,0.00017891742546502314,0.009164537914892261,0.0029073785609281828,-0.020068142462745863,0.004998697157464282,-0.006378322815896837,-0.011676379095098997,0.01051128845677559
2016-08-22,0.0003649507718153201,-0.0030592508264197953,-0.0020065268464770905,0.005214111323348094,0.0031304699179451724,0.0008719234856655695,0.0038742111945881887,-0.0008591120299534333,-0.004832970706587022,-0.008378552935490106
2016-08-23,-0.014869925203852972,-0.01461836221585448,-0.003927396930382614,-0.0004565005609664299,0.0038766479815286084,-0.0036989910393412755,0.007904951644337754,0.0010394174421530537,-0.006974280505704268,0.0018679048213703984
2016-08-24,0.03512243023929748,0.00016809866787299984,0.023863424808096213,-0.03305063689814884,0.002959773085933391,0.0024594013114534945,-0.006269592566374106,0.006818601756936609,-0.00011428113376644338,-0.009058871766778819
2016-08-25,0.0077222310062558565,-0.011985990591508991,-0.0017289632217548597,-0.002808267667745808,0.013530351831151666,0.0007695246433782613,0.01696038541447444,-0.005640185099631005,-0.002183985782191838,-0.014491818012501195
2016-08-26,-0.0019157335518385338,-0.017401823185208897,-0.004957738172452592,0.023258977739003855,0.002540466162223815,-0.0015689291071343862,-0.000628913619247933,-0.003036874279344191,-0.010104111084528534,-0.007348527221282107
2016-08-29,-0.027986300035536534,0.01583496614508052,0.009974181673483988,-0.00139634383708611,-0.0019210436466833114,-0.003606245764559904,0.005846093711870034,0.0025931074147882713,-0.007998421864918781,-0.0181659252061327
2016-08-30,0.02271255052845181,-0.004080928443986074,0.023147505210012898,-0.004467648897069156,0.008558607371532039,-0.00905854160940509,-0.0015103532504463987,-0.004178785620306622,-0.01684117151116224,-0.01563075665881
2016-08-31,0.012723889273352839,-0.0018828400284044311,-0.004282265785824944,-0.006655419566507304,-0.0059568484635295635,0.003861757387365927,-0.0010656953610229324,-0.008732615285242535,-0.003479306768943022,0.004973910817460363
2016-09-01,0.0013784761351381845,0.007408844179165913,-0.000997897315643563,-0.010562930658661415,-0.008319189033792663,-0.001853985465938915,0.012911736323514651,-0.010633164036776466,-0.019429358189806217,-0.041228292859172684
2016-09-02,-0.010913167268149055,0.015851441233619912,0.004633209537728818,-0.014392509270069194,0.010855211664701518,0.006454100111080355,0.0004863459294776471,0.005925808161445906,0.0038239969997542925,-0.015664394202262316
2016-09-06,-0.02220687809797288,-0.0003325958429743759,-0.010219006107020298,0.0033076270244719345,0.003590004232138826,0.041152378284819456,-0.0015192968462405408,0.00043044215641203237,0.022899094619215826,0.00788726069856531
2016-09-07,0.018521190519663666,0.0004281608057122623,0.006040733403768622,0.006528049240517279,0.020598431367999277,0.003291801203651616,0.006002784397725468,-0.0037246842130752127,0.00612121191551461,-0.00987572917186926
2016-09-08,0.02637451566956141,0.01673531424068211,0.010773267289363179,0.018671555325258462,-0.002402026923837748,0.010758700768168712,0.008804196716776803,0.00588332501870319,0.0012041307589476925,-0.0138410626002907
2016-09-09,0.16328943831438045,0.00015363192916610242,0.001779123936654844,0.007755487774213152,0.03354377716352951,-0.005975385243178104,-0.0266778963781489,-0.007147473506990405,-0.015906005943260946,-0.0031356688169483305
2016-09-12,-0.10364259937821665,0.004741248181380668,-0.017377991867507384,-0.008433771643321692,-0.01665718489981381,0.012656851467388777,0.016520917835376032,-0.006256752707975539,-0.00021000755892086327,0.010292106491694718
2016-09-13,0.08953199596054612,-0.023201838948598636,-0.016625648497039736,-0.0038159516876207253,-0.0033259225886168036,0.00043622681038269114,0.0005179329415119822,-0.00500115287202111,-0.017867494571760477,0.004601561162489112
2016-09-14,-0.012909542909578084,-0.018866561975360713,-0.012661483403928843,-0.003665346492860318,-0.016718200610838462,-0.00656753209903553,0.008781098221724546,-0.006602063233736891,-0.0035094937681431626,0.003681127865992344
2016-09-15,-0.07497837705944915,-0.017132236264551754,-0.012047787139348386,0.003569380231631884,-0.027969765267977738,0.01703538074706759,0.008422731952975718,-0.0027362278483042306,0.0007322705390383309,0.009427867925727458
2016-09-16,0.02030772881100317,-0.015599325020328953,-0.029735579300762958,0.002068611721572051,-0.014232189520058572,-0.004541473951720656,0.00515097257714771,-0.011631925856278575,0.02698994201162291,0.022134599315696904
2016-09-19,0.001755450964381257,-0.006175186468874938,0.013764546458981489,-0.00999573120486925,0.008662863493313756,-0.010533828111366859,0.007672123047351223,0.006563635489749903,-0.008408661762655449,0.0038546119049292934
2016-09-20,-0.013400272600648475,0.015436942450628122,-0.011216173295362343,0.0033559975926912267,0.015198626801666826,-0.007055677329418071,-0.00805016830429608,-0.014117944392214287,-0.0022545786048821263,-0.0038080702856788558
2016-09-21,-0.07230449066920876,-0.010681535595417957,-0.01036077314642542,0.010110129059402112,0.0007585948181189433,0.0030194182245872037,0.012181832237834396,0.01997829444976836,0.01247446332398493,-0.007901954451883691
2016-09-22,-0.040446304756408424,0.01003738904948287,-0.007940853442029194,0.003786529789904532,0.010470556122313514,0.004609923252602413,-6.455204758339182e-05,-0.002265951101784617,0.00771805696900716,0.0019015211967178024
2016-09-23,0.04281881314263312,0.01638007632984708,0.0024407581856644334,0.004421905297421201,-0.0032128525399471946,-0.00686972196835134,-0.009251627830725173,-0.0032169595972910765,0.007285847088845208,0.007629767629732032
2016-09-26,0.05723712830622725,-0.015434845555183199,-0.00034152137902169257,-0.011466638325059727,0.0003683413112397612,0.0010069509765106243,0.011203354295603216,0.01591317734102064,-0.006620014560007045,0.0062466656099746665
2016-09-27,-0.06271956886931843,-0.016560593392415814,-0.012898851622242623,0.005202267273929289,-0.011551961064199113,-0.006393184714253721,0.010233968635335057,0.005617524006672787,-0.007882349068270109,-0.02029810924261448
2016-09-28,-0.01598958019642295,-0.00706640896305343,0.033479118055434826,0.010679970650630779,-0.0015487822380202305,0.02666095407542665,0.009792195490536563,0.0266617051605731,0.012732384244608385,-0.01669832309142524
2016-09-29,0.05010512408317337,-0.037448085459524764,0.014615123147572243,-0.02122728147676628,-0.02631400495101999,-0.0030443814802347644,0.02578247711525452,-0.003616953716632523,-0.020757986827383043,-0.03252350506808413
2016-09-30,-0.05923686843732348,-0.0012409480368277682,-0.0048311408866804515,0.002396529217900665,-0.015638019053200346,-0.008610840900127384,-0.01741199185770874,0.02013740847364812,-0.0007923409027115124,0.008238312497526231
2016-10-03,0.013625751326159917,0.0010618581744193528,-0.003743820146259975,0.01640800299183412,0.01020359352718861,0.004652198594927436,-0.008543328279042478,-0.00836543335800115,0.019203075037519377,0.03494887656072992
2016-10-04,0.02833111344655039,-0.014340635647288196,-0.004521661544365301,0.017266096353212364,0.008157580578096707,0.004657576496437854,-0.013112456219235966,-0.009830891634096332,-0.00926482854405446,-0.0040386385413221475
2016-10-05,-0.022251964025504684,0.005731894307345247,0.026509202861599312,0.018138777827755765,-0.016006810201166656,-0.007905246471968939,0.005499750403603278,-0.0005048430959018387,-0.02283621177870007,-0.008156046588612813
2016-10-06,-0.004373069963299478,-0.007803410114598964,0.005846461043661083,0.0031445806726955712,0.016028622364364288,-0.013009717030978156,0.02109827050735456,-0.004302382427385316,-0.00949930295393416,-0.02750425612712731
2016-10-07,0.016016947009502326,0.01023665107697262,-0.018187510025230082,0.005186975152923727,-0.00845237072141313,0.010055396492816952,0.013543244945029825,-0.0037987796500744426,0.007743335354636624,-0.013048363991224311
2016-10-10,-0.028900806403463077,-0.015549055380646713,0.0025600813654274974,0.004910884017320435,0.027588890053985862,0.020361869633296264,0.0051133920153368165,0.021562143524557802,0.023734901111435107,0.0009594884873977076
2016-10-11,0.08867657208994627,-0.0014488008219363199,0.021760481361130596,-0.033028133820103264,0.0023497997102516375,0.007062881462827129,-0.016615693857470262,-0.006408929792411806,-0.004492178803696235,0.006588310036741718
2016-10-12,-0.005564130851792387,0.0005667192061300965,-0.007300541031875843,-0.021728177298188368,0.01102127707165813,-0.008396731717326949,0.006174608107251684,-0.006038754438935905,0.007332784295275574,0.013711349493757834
2016-10-13,0.021134407382463586,0.025270814309831312,-0.007845624952639357,-0.008234115698360528,-0.00020790793546021793,-0.003569483171075166,-0.005076318993315244,-0.0034780473537918983,-0.00708925352722594,0.0046349697186380285
2016-10-14,-0.0074877485422058165,-0.023946901799275926,0.008386106952576905,-0.01420581419020508,0.00023401151410435116,0.002345676250329812,0.007477778748507487,0.009622095945534223,-0.013425644429686827,-0.024619921961568713
2016-10-17,0.030896414933007446,0.00926515295835764,0.0033443483236611235,0.003319519225897579,-0.003802769260314567,0.00524645492853562,0.005444295404477128,-0.00021986289221672002,0.001156994539606453,-0.013728723408642389
2016-10-18,-0.04398870645194164,-0.013793344319682438,-0.0029887034572706386,0.018284964385049413,-0.012721240201759172,0.004165015967075121,0.0012087191311508584,0.0034660962261846458,0.00851106668880236,0.026708204522611405
2016-10-19,0.0024790503082274535,-0.008760455200784669,0.019207194199359956,-0.00583918210930328,0.03449952907528492,-0.004094700652840271,-0.019290128288428184,0.012129641111725662,0.012053382882049416,0.02030675658177399
2016-10-20,0.005400764343432928,-0.012410057458122715,-0.021443088452220933,0.023853989635323366,-0.012484973887759074,-0.012985106116311367,0.013471166202982703,0.009381576537070854,-0.006177183650601818,-0.0012421998503122944
2016-10-21,-0.003233195796116896,-0.03136447887162458,0.005419448545954126,-0.02024143993618415,0.02552292692339793,0.003053830711652324,0.004949974160436884,-0.0016339354995912251,-0.010010599885790113,0.00791264733035607
2016-10-24,-0.0542791308250392,-0.04032104363452195,-0.006109560737927244,-0.0221119936097587,-0.012942849364079072,0.006169357904093104,-0.0041792476079870414,0.00030068714633536554,0.00028257059481655164,0.0015142723700228428
2016-10-25,0.02393903863310159,0.02134380387115538,0.0023404194187151414,0.001213160366228506,-0.002114155251085808,0.03375751734162833,0.004316395558599152,-0.0029422233760679544,-0.015233072824716797,0.008896410958319764
2016-10-26,0.015815988182837044,0.0025763910967985487,0.017747339143542932,-0.01050944189434013,-0.009293021895196827,-0.01195300579076619,0.0014327391697027741,0.008943829714040102,-0.00851887298829496,0.005334115906625531
2016-10-27,0.007269244676862829,0.01802244518232038,-0.008829253622812984,0.02527827523892437,-0.0014981945906759248,-0.015681699066938604,-0.0022534223232088357,-0.011267224117560497,0.009192539749016107,0.011506247631778292
2016-10-28,0.02617529319768458,-0.004341746712564587,0.038494481851938926,-0.05755724006209211,0.025594153058823958,-0.009295299298944312,0.01183444504630961,0.020566605037090412,-0.018135218343891826,-0.019482404764910827
2016-10-31,0.011683384537508223,-0.008333827376880133,-0.0007125838578208242,-0.018490015965884954,-0.00016372666542449204,0.0024992922735592657,0.023573062574072264,0.01366550422379106,-0.012213878038875955,-0.013126806045133338
2016-11-01,0.048849998296957575,0.022615591768437845,0.014366279939088109,0.015099582169212674,0.010967173831455509,0.01279853069726731,-0.0025068159839211133,0.005849792103015909,-0.01034317509605517,-0.024921332283545927
2016-11-02,0.03110435763509904,0.008100851931996672,0.004846373823293696,-0.005234647137182361,-0.014640670329756982,-0.017417029175794466,-0.0009736617817382478,0.001588764333627294,-0.022867212972772184,0.0007249743598526781
2016-11-03,0.02961690046389616,0.009918764360287189,0.016849684270685908,-0.01804488948510109,-0.0011048460673768073,-0.0163189070160406,0.005092857812823969,0.013934331974479259,-0.0036494575957853412,-0.0016779375308569055
2016-11-04,0.017229482054526544,0.003517005464902105,-0.010230946299568148,0.02589952593507818,0.005232721933030191,-0.012463627885788671,0.0033630769484402456,0.0013858936498696622,0.014207517323201453,0.011858680883418304
2016-11-07,-0.1576269855051659,-0.009557699446147223,0.0016744501449774654,0.0312664121627004,-0.004975110629891121,0.0035935289568321785,0.004952038979416631,-0.0028712715099073987,-0.00039113792288076986,0.005714112496518068
2016-11-08,-0.03192211659255358,0.007520058287271433,-0.006436064607163441,-0.012594000942967204,-0.0018725453971543107,0.005543270808161484,-0.003494914038892963,-0.0020988603109577918,0.009743153685325669,0.0030169659673817528
2016-11-09,-0.03601331111172242,0.05853542412840796,0.02959877973467713,0.09218447357957192,-0.00438991204007244,-0.021757455136424752,-0.06517349384925958,-0.02515922457358274,-0.02847391443071948,-0.010465059037035606
2016-11-10,0.025592253982575794,0.06105965521307298,0.06626896821450728,0.07273380792612542,-0.0019128276419503503,-0.07212681366857832,-0.06377724054790394,-0.008392208724338579,-0.016174177215106954,0.0024209013386882207
2016-11-11,-0.009489126347850431,-0.041795571665630096,0.010831772101307589,-0.02697157926497454,-0.020421242600337886,-0.01131556305494817,-0.010180224096513925,-0.020278267166168974,-0.0020259308906381054,0.009342146763038357
2016-11-14,0.061907071134431904,0.05862332181836828,0.04566442464899889,-0.0023305823843535944,-0.01315046822194709,-0.024731949984537722,-0.027972225001709507,-0.012982588644926149,-0.024830490594965553,-0.003631980759879555
2016-11-15,-0.04748937740769271,-0.02953993904896198,-0.01029337470655053,0.002443907452361503,-0.008110192692457807,0.037866190375181887,0.019430180315433865,0.016324118126030695,0.023888402221040474,-0.00954377177078668
2016-11-16,-0.01912333152091076,-0.0389221875366077,-0.013780978162216602,-0.021076556448947528,0.0008172330107648,0.00021754969158065376,0.008044728302061308,0.003163253186446476,-0.0003871600598744894,-0.01027323813244149
2016-11-17,-0.03457704128038811,-0.025089046721088783,0.004526537743398735,0.00469134872989761,0.025338161248373386,-0.0045996042008256905,0.008308758933166504,-0.02413668125128088,0.013114151248333168,0.017298522584894095
2016-11-18,0.019320275688092452,-0.018312969355705384,0.025685132335869613,-0.010093230620554738,-0.005418825857259832,0.005864826330054326,0.00951239614219537,0.0013514313708498343,-0.010145597039662226,-0.016459940126021446
2016-11-21,-0.035083381244437335,-0.010493321043733947,-0.005059438193774285,-0.00903967645253264,-0.0017400340262085654,0.0225754029645512,0.0017203991641702198,0.010754890376834596,0.00017248404960794534,-0.006608762279079319
2016-11-22,-0.006523779623041665,-0.021252762471476172,0.023924702613218166,-0.04152048406120208,-0.03810507129501342,0.017202473329772556,-0.010903117608867495,-0.014540946060160154,0.010081373023809022,0.0226362384356525
2016-11-23,0.004097100579171609,0.01690194139882753,0.015032902709165259,0.008554451742798478,-0.012287282354204957,-0.03143807722661917,-0.00543128674692566,0.0014635873334809793,0.014835686823810906,0.010130269007218166
2016-11-25,-0.03446927384447903,0.01154420474585865,-0.005433648615334241,-0.002819205629499637,-0.0004416073208304266,0.0017659708481059322,0.00428865379377268,-0.0016743106411039232,0.003389082030254109,0.009122942083567915
2016-11-28,0.0364739896596828,0.004088246991192483,-0.0014236638555471253,-0.035203759591367755,-0.0072837529954608736,0.010496127875358134,0.01268775496157772,-0.00452722514081559,0.001945981219191828,-0.0022831724831743052
2016-11-29,-0.01168560341412213,0.01543848591886965,-0.006632008279423451,0.0175763252234078,0.011606785280683497,-0.0063481048376870415,-0.01238196711123163,-0.015192907994961216,-0.0060487211612378885,-0.020898183339301296
2016-11-30,0.057893853940220896,0.005386140706566835,0.05135905237167,0.02335572666398401,-0.015430910044585727,-0.010467270888207576,-0.017157525536363228,0.01308903261273286,-0.005100314943456809,0.005629402362435412
2016-12-01,0.08344654200747942,0.07565562877502689,0.04350472438756533,-0.016791924440551827,0.025586897050215454,-0.03544390528688165,-0.05428240728345522,0.013651231978001504,0.011026138595568379,-0.012522946129963807
2016-12-02,-0.01776858577295694,0.001807747481794962,-0.028906510251596726,0.008575847641796346,-0.016718059464859315,0.007799756038822997,0.01955913279739534,0.006528245345068991,-0.005357534660201199,0.005900771283303995
2016-12-05,-0.05527861352962263,-0.04638319410491872,0.008969312920962456,-0.0022200264285431536,0.028286116958491054,0.007986104509346833,0.007322451148453766,-0.01117905248985349,0.00767754918821844,0.011525577036631254
2016-12-06,-0.013349944768432992,0.004578834188412264,0.0008734762959641436,0.012431386851168501,-0.018302200932784004,0.0009887752135530426,0.005265921139000314,-0.009912849986255398,0.000232631255378938,-0.00821401047133804
2016-12-07,-0.09514678084702727,-0.025922102044941348,0.03840819906244169,-0.06101027692900989,0.005040716045151101,-0.0018629924659765258,0.0029350614622475324,0.009757154817715816,-0.006317376620700981,0.014124750432070838
2016-12-08,-0.005792079826073032,-0.007572135114729066,0.0019765543028972816,0.011488366402931221,-0.004691388963885681,-0.00479293549158159,-0.010092860594411102,0.0009274977581068014,0.007023145096954728,-0.005891404119669912
2016-12-09,-0.053425115225762314,0.020085279122879874,-0.016496862287129727,0.013338405684246036,-0.0057113510901186685,0.01195892206499116,0.007666434370224605,-0.009022010086223208,-0.004225734128507305,0.006287753492188155
2016-12-12,-0.00225514301675725,0.0361257913995465,-0.01099519701666563,-0.006341906884966325,-0.021542827930170004,0.012845707669800173,-0.005052761948508094,0.02010455589363176,0.004326905406921226,-0.001594872116069609
2016-12-13,-0.06562297887845187,-0.019681797367456042,-0.011690441696900125,0.007043328036912292,-0.010254205188025566,0.012876515330153574,0.011361274761809498,-0.006273640080208378,0.022532558239169668,0.008596544824748044
2016-12-14,0.040197581274141664,-0.03023193376533801,-0.013065908684080408,0.015946340024878717,0.008171874052126356,0.010244910262857863,-0.010920781545523197,-0.018143496750336108,-0.012742827096368974,0.010377139372012
2016-12-15,-0.02933076032081964,0.012678743152707131,-0.0036377996760820408,0.023323819703309732,-0.020714152330795453,0.006631957256753332,0.0075041695997785365,0.0002079372325194754,-0.011441704770174069,-0.005984134631309541
2016-12-16,0.021909977873137483,0.026085803869956452,-0.0067395789668975616,-0.005259266921002504,-0.0017944087146616087,0.026971757731684882,0.0015447837286286662,0.004625020108300831,0.02641816611643966,0.03760625565082283
2016-12-19,-0.02358589789278222,-0.019339141954736093,0.005290006134518275,-0.01645947005506304,-0.015822536677127297,0.0013863866793381034,-0.00860057144272399,-0.010974663879990574,-0.00029990465744100326,-0.0018930748746509474
2016-12-20,-0.02887067598863003,-0.023432852681424022,0.016853673454651538,-0.00913189603379532,-0.006341161867815473,-0.010518865488181416,-0.005241841155790145,-0.006134715875668048,0.009537874355480772,0.02081172547941571
2016-12-21,0.024263577519735697,-0.010629466529158405,0.007681069643922466,-0.007286236408074266,-0.0027349371503284006,0.005268357644102992,0.005763182830254359,-0.004576998709587526,0.0003305885337234392,0.00295123634697798
2016-12-22,0.0038930270136727616,0.014739975022882651,0.009296595945439589,0.006400590310160211,0.001693690565988958,0.0018187652623477134,0.01854060983312658,-0.002425936467432781,0.0058360271999195815,-0.0027944685073531448
2016-12-23,-0.014031801514760965,-0.0016536409653488235,-0.009642077185392218,0.01772974147188447,-0.008979872386744076,-0.0024449429442460814,0.007812418185498176,-0.0010517619204789613,0.003879796592557607,0.024431516086003822
2016-12-27,-0.022231473131537335,-0.030747489352974024,-0.0037494340126162525,0.00514272207385991,-0.016139170008336978,0.008446407951817376,0.00378796296770846,-0.0027006346239011325,0.006760144342584496,0.017250015900842817
2016-12-28,0.05894734218108115,0.01792558119255446,0.0006180192564118047,-0.008961378904541949,0.019663348544613737,-0.0009445529289482642,-0.010215124828883631,0.003650000698463229,0.0065175976995521315,0.0009655265669122041
2016-12-29,-0.004681926927806078,0.01051045254735385,-0.009670217331225948,-0.002501134722011333,-0.005781796077968695,0.0013089043873845303,0.013258697532739009,0.0026125490384282628,-0.0050680794357200725,-0.013539492009102094
2016-12-30,0.04714131489653178,0.026290485071747752,0.009109784089071121,0.0014435170327984474,0.014687500680082385,-0.010966616353436544,-0.005743847951524611,0.007865002233946788,-0.0018311101988669099,0.0006210931052489095
2017-01-03,-0.051024068274129704,0.006651144351028323,-0.0018050001431357521,0.028875066669790103,0.026569885711040075,-0.00047512251594820053,-0.0019125442347219207,-0.011801673196409082,0.018464682717736852,-0.0013223055014342229
2017-01-04,-0.03282379611893646,-0.021926795624614658,-0.010306568545697614,0.004884112305594147,0.014822714177036862,-0.010484597152119132,-0.013324737491148193,-0.009079019106424795,0.023984592413103387,0.03127148311434259
2017-01-05,-0.010836636341528745,0.002644246185596634,-0.0335578595886886,0.0029640172573381536,0.023028498447673046,0.01211034320702057,-0.012748706521789619,-0.003550295576022193,0.009379007315005001,-0.0021845900757400437
2017-01-06,-0.0482606240593735,-0.03237873278504606,-0.005955075357422225,0.01209588981016125,0.019094261841672483,-0.005805816836784888,0.012473307658431765,-0.007433988077750306,0.0005049969011363518,0.008379091621175614
2017-01-09,0.0016862575485627198,-0.028018405204226455,-0.02386922206974284,0.020431232287688693,-0.01257457108035512,0.007141736365124046,-0.004055603879962818,-0.013007807308332365,-0.0013644927688103705,0.0033057067712986376
2017-01-10,0.00485712353220694,-0.011173754669203359,0.002561378635642251,0.006639982219762475,-0.006653345687189793,-0.025664743002919897,-0.0015718394101661634,-0.007364004437390812,-0.0008303911149187309,-0.00210917749085309
2017-01-11,-0.011863109626870079,-0.021799712420592664,0.019805377981280514,-0.029556394940459696,0.011923803167500998,0.006550472167891729,0.0058002025012669324,0.014854465588150354,0.00018749767507558385,-0.020588479635322003
2017-01-12,0.01123612553688981,0.008250310880350218,-0.01285156737235924,0.005231673533879736,0.007491533718558976,0.012455253057616474,-0.00011574493277181676,0.007235971615969199,-0.0035516123604278963,-0.0008425437395362772
2017-01-13,-0.020734140568760516,-0.015812025086652942,0.00949279790313004,0.008433862140611271,-0.0008885326724709825,-0.0017062010660439846,0.000588652307543549,-0.018540026685027328,0.016512073909030738,0.017557838758707377
2017-01-17,0.02225233330963879,0.027995676656662628,-0.024288255431056227,-0.03928776996502659,0.0051498090541197685,0.01619487225538609,-0.006546119349405065,0.016236142673627378,0.009518514899924344,-0.002268530159979374
2017-01-18,-0.01603541605966549,-0.019667240171911224,0.0013253280396364837,-0.0046474754491038035,-0.011530869378250909,0.0011825924864713707,0.012189245799174814,-0.010812125753593685,-0.016263399511657818,0.01319168209654099
2017-01-19,0.01382264838839101,-0.018135046330150437,0.007130841379852365,-0.009864518601253135,0.003229092737902454,-0.005179740291930216,0.0019222747736074423,-0.0038869164640357927,-0.0022615501915986087,0.015464593087181894
2017-01-20,-0.028680167935026996,0.008148954266744965,0.009077954283165827,-0.0166682730628946,-0.0014702426851401628,0.008352521879934724,0.009660402286707758,0.0011793490796817231,-0.01289461624119442,-0.013823305396216264
2017-01-23,0.008935444868944735,-0.013610606277689752,-0.0123432349500108,-0.006217639514546865,0.02722493311569281,0.0077562190254798265,-0.009296030352374881,-0.0002196952869346595,0.00817690704022899,0.011762255756797778
2017-01-24,-0.03939462737964365,-0.042487366292840625,0.02341999487024925,-0.026597330162232168,-0.01272644954848096,0.004642349610573467,0.007824937868651089,0.00595016595550651,-0.0231061820223129,0.01906150067204865
2017-01-25,-0.050953816039304135,-0.02039979745937197,0.012781757201811286,0.021433313838014122,-0.008086797917913752,-0.004463114444518178,0.011392462503750093,-0.010676446462437086,-0.0046982232430473215,0.005226895017971437
2017-01-26,0.010849937216881744,-0.008636572497047698,0.008318245861064923,-0.0070265317400729065,0.006834824606318626,-0.009126431829434213,-0.013455598957920274,-0.00045206652831975886,0.002686928265296804,-0.012832763479797268
2017-01-27,-0.016273098891115882,-0.0028075872720634623,-0.02248865452923167,0.013699399555017444,0.0009227248589540818,-0.009078758504130783,0.019882370805843593,-0.020932898644966745,0.005634176897210205,-0.006311195816959909
2017-01-30,0.030082829137250824,0.01611495255092469,-0.01148702589057829,-0.014666984808118328,0.009811295467375811,-0.00630820239347272,-0.01383653994654159,-0.0033214189673963094,-0.003669437393793617,0.007311938179727652
2017-01-31,0.010976787754875624,0.029883335327229033,-0.05191203183866071,0.027999151089133378,0.011465398898804503,-0.016384416015038317,0.004269706365000749,0.018842638602622037,0.025312799907380716,0.01563231690064663
2017-02-01,-0.0011342437702169142,-0.027956816637812094,-0.012190484477434252,0.02397160483679081,-0.00807281966919541,0.007436262722787898,0.00813989317943289,-0.018221847712349956,-0.005274675271712272,0.004651464867020756
2017-02-02,-0.023004415903767762,0.01771793623970371,-0.015158561971793346,-0.0030567692485889337,-0.008007215710461492,0.02017563081621414,-0.002847895856017433,0.014900654915526564,-0.0022263610778762953,0.011529805041052544
2017-02-03,-0.04747738175581145,0.021424043893962533,0.026052213750493214,0.009641776058374095,0.006801406155702403,-0.004393860734630306,0.008776355767341188,-0.01370497309515874,-0.026704324629818386,0.003980774637752121
2017-02-06,0.010182060417527726,-0.016852300836791064,-0.008552569538821884,0.007586321899461411,0.0014564344246654867,0.012207458706496794,0.005561954894842538,0.003409117154332259,-0.00010735124518520987,0.02998976824604275
2017-02-07,-0.018307873044417475,-0.002655715807213392,-0.017054893199797694,-0.011746276206562899,-0.0002673130105052193,-0.002256156515328213,0.005538660898266962,-0.006434343565386123,-0.004464947119643175,0.0025244636510701347
2017-02-08,-0.011711656174984422,-0.004045290980574208,-0.021518987182405715,-0.0148871659500522,-0.001621528701122483,0.008031137344759267,-0.010922795996070617,-0.00026484695408409374,0.02007845792755742,0.014193814690021699
2017-02-09,-0.022676110304515187,0.0013883296741979026,0.0096898846485246,-0.005382460326069246,0.01557170960665001,-0.014529538373933044,-0.033948556537658055,0.011838781134840196,0.01250381496759114,0.012517514211778932
2017-02-10,-0.01482121222850534,0.0005509914279512302,0.011507016623390426,0.002969208229567261,0.003592056678875782,-0.009999635419012902,-0.00015819935054626016,0.0037049933141343563,0.003018182227288736,-0.003930332143133164
2017-02-13,-0.03852033073784085,0.0011533816424835416,0.007686260958041,0.010999217764399742,0.0037724134540424057,0.00020031082978816728,0.002816231748977758,-0.0013719263467263127,0.0074555705742631664,0.024251543184084276
2017-02-14,-0.032636922101266785,0.007820632337937783,-0.0030513784978126084,0.017278526319788212,-0.0013564817096429586,-0.007886669327591262,-0.01955031496258189,-0.008067475332016419,-0.005130659829961707,0.007516532508016479
2017-02-15,-0.040333569248660155,0.010743678644726062,-0.005749388427533669,0.019494813343311886,-0.0036288549648271357,-0.0005499121498454501,-0.005982927499322735,-0.008091961797498793,-0.014859349316567152,0.0011004939347182762
2017-02-16,-0.0009746858688902796,0.009458227242456147,-0.014587422329437555,-0.016590856593950567,-0.005777491667315513,0.0013873423171859361,0.010988054675164784,-0.009104420486172743,-0.024645572807854118,-0.03385276855969344
2017-02-17,-0.01591492474548835,-0.0010639580799777213,-0.01370189630161749,-0.00626472719825674,-0.0024360678118186393,-0.0019898478720893117,0.0030668949246744903,-0.0024894829819493325,0.001248118423323242,0.003530406563057439
2017-02-21,-0.04730578392940101,-0.004570461097791837,-0.00513975883926587,-0.012453391557853043,-0.01577728879690015,0.003180273511927582,-0.010940365841132683,0.010397343683230212,0.005974972248067927,0.01480998761542111
2017-02-22,0.0009156300077587235,-0.0028752424164417527,-0.009758406335070833,-0.003678912754530767,0.00784760249030758,0.0002522113554815641,-0.003702004529894219,-0.011960184613947381,-0.007231634560734146,-0.0046216612660180565
2017-02-23,0.00807103335375288,0.057861881767166765,-0.00932248033750237,0.021402166453311788,0.023795295794881044,0.008452466770345777,0.0064337146827039,0.006474464035221117,-0.014014306399755216,-0.05310880814769014
2017-02-24,-0.026757874954681637,0.012083028115965927,-0.0193155771342275,-0.009372419655536783,-0.011546045714177135,-0.013604153795076047,-0.001683415479270954,-0.003857326755295858,0.004908680842098934,0.0019007489147049377
2017-02-27,0.003970617942096107,-0.0028844987661780295,0.010815302026607588,0.017924153142406023,-0.010019917301796438,0.008325052152938219,0.005390220831630528,0.005812685332958414,-0.015467270560103101,-0.020252147622348747
2017-02-28,0.01737152780356289,0.018411039994352927,0.002689211509642766,-0.008678963675881255,0.012926704478932573,0.007747947253245439,0.007652513389012395,-7.995001817066164e-05,0.0028925059231105694,0.017533905895977527
2017-03-01,-0.08435425364628242,-0.007385113148755906,0.02338656114216195,0.024986747115346847,0.01390483845096587,-0.007535303918949878,8.97162836400605e-05,0.0039158239638301005,-0.009798954304209954,-0.00019949257241287907
2017-03-02,0.028575390133732077,0.01602402567996254,-0.010962422689130422,-0.011943180396528126,-0.0072573056849561755,-0.0003919230182735803,0.0006649787317901923,0.0033843258497257586,0.009921590227237223,0.0026181159761800065
2017-03-03,0.004221367440921797,0.004589873006773117,-0.0002255527357561045,0.02233432984731553,0.010057404147392753,0.005659381204038703,0.020299118269609274,-0.01601030241614205,0.0009989644405951161,0.003966624157209478
2017-03-06,0.017616027926409494,-0.0025907752253229296,0.005690845260701798,0.004432534844256737,0.00517311874979554,0.006316258494783758,0.0029894043706067165,-0.00581612316485985,0.0013096586146133181,-0.0038737118412225284
2017-03-07,0.0048387758106625154,-0.018899696604713852,-0.0014092018915474159,-0.010908253142004,-0.00471983287256475,-0.0009635436544859553,0.009022913592730908,-0.00243207118208175,-0.011888370247667144,-0.0048991464411293545
2017-03-08,3.404619588076345e-05,-0.010391532848251894,-0.024858941370714847,0.011696155030138641,0.0021433531126898446,-0.009635751205572864,-0.005712643044814878,-0.01186032409145631,-0.012143061534496402,0.0009527810895640358
2017-03-09,-0.012332505282550574,0.011216493428770472,-0.0011196845182089787,0.01911954955085379,-0.004801214883492497,0.00738483813005116,0.0005537385985478975,-0.008145362884830547,0.0034148938518060263,-0.00479766977658945
2017-03-10,-0.03235508166052008,-0.000635592756628595,-0.007162620685584334,0.00808613730458862,-0.011301816895183232,-0.001672049415986973,0.011970631321263438,-0.0005280679644787763,-0.0060358548062978195,-0.0007934855394750718
2017-03-13,-0.0011815903783254224,-0.017532248715962113,0.00039095763797167467,-0.016894874493564287,0.0064591387669980195,-0.004084976879005568,0.0012512661301994398,-0.0025343235960678646,0.0037332602305260826,0.005012829254344354
2017-03-14,0.01170718132695288,-0.011333788940441448,-0.00855982312042259,-0.013805425008362167,-0.0028777689275391407,0.007916739259473938,-0.01658200975311969,-0.013835480883822146,0.014158613823846217,0.035038550752670046
2017-03-15,-0.05160619632054209,0.024262397118516767,-0.006577901275474274,0.01506668367949931,-0.004357648055286949,0.0032375459878156627,0.008285334845721372,0.006321096394466505,0.0026794729981887153,-0.007390932966621128
2017-03-16,0.005232108011097003,-0.02021389939602027,0.011402117150251941,-0.017898431706273216,0.004532098384884739,0.01160695654087727,-0.012257633929466157,-0.005528245149734547,-0.015425348317880172,0.006413191128635187
2017-03-17,-3.6921658340928106e-05,-0.02252293079507923,0.0031733737429507237,-0.026259346719800514,0.010180026552721754,-0.010283954131269988,0.012373347688350748,0.02016203093154963,0.00041508311435887123,-0.010333724668778419
2017-03-20,0.006087947378452707,-0.009526215436153406,-0.009138350876951936,-0.0034026102881844025,-0.010264541638207048,0.017584621077036667,0.007294257741511776,-0.008084791754878093,0.007774049287106304,0.006720139651638327
2017-03-21,0.06853379373623544,0.03995472353668215,-0.020177100172492902,-0.022003160928357024,0.007533042893014098,0.0015256063747691184,0.010115321812926605,0.022715647832950603,0.001365149278951283,-0.029651413419866407
2017-03-22,-0.017195484124820203,-0.024398047344229054,-0.009456191889879768,0.0067300313163659265,-0.011681240228253249,0.016939418611733054,0.004717932606189619,0.0027096855733164766,-0.003936123489546562,0.00682921717500371
2017-03-23,0.018266543865998443,-0.0013618534113645426,0.0065401963060933285,-0.005422840109223954,0.00458503532054784,-0.003980500909407759,-0.0022574839107593757,-0.006248146487433539,0.004219804225253499,0.004196354066705365
2017-03-24,-0.001490923873599011,-0.013236487582334294,0.00316290079138016,-0.0031615324713736405,0.0030229824392990516,-0.0007734048720589958,0.0019708326889290896,-0.00919263373481077,0.011342420652360656,0.029059926887945366
2017-03-27,0.0004410278541874523,-0.01338700305487321,-0.00989103971889145,0.004469898493772678,0.0007353491624976376,0.0047828087689466454,0.0011557835235797979,-0.0026040540929476953,-0.0039148683026708955,0.02145429426203671
2017-03-28,-0.03817888517951199,-0.008325107997513565,0.014853669110213078,-0.005892162736443685,-0.0033176356887736702,0.003467172778576856,-0.007354313411800159,0.0015891492167285162,0.007688389334418563,0.01954321550915041
2017-03-29,0.002091204229101275,-0.014782810874941378,-0.001357573482100223,-0.00774426935231423,0.0034895664693520632,0.014073624862849231,-0.005688067503302997,0.006600177508246145,0.008699250712722137,-0.004772649115953216
2017-03-30,-0.012896106556991265,-0.0036844883673648504,0.018336641382267156,0.00362263425399545,-0.00790704624309078,0.004554069666552563,-0.013678321822836582,0.0025888589381105284,-0.006634545798168879,-0.0036567717440834295
2017-03-31,0.01562599577977049,-0.015400964101511249,-0.014268620017773586,-0.012831929424174493,-0.001577232979384679,-0.00201376710738258,-0.004553247254751506,-0.003741143344587989,0.00133328200309447,-0.004003653561755192
2017-04-03,0.0009808794107161256,-0.00776911383314196,-0.004921685575951711,0.0013828147819890313,0.004619619745753529,0.012101831263121835,0.0013018744702733799,-0.0007646927773764068,0.03404422692132271,0.04747707958043038
2017-04-04,-0.0037906109625957195,0.01923852640356559,0.004558064412378592,-0.003907928390264551,0.0034221647453231904,0.01538082058721284,-0.008248146581140155,3.801879111700775e-05,0.009311048859252224,0.007333822822694642
2017-04-05,0.01665655465000235,-0.0015390355840155048,-0.0056080258568291675,-0.009673671736198299,0.01765094406084926,-0.0042109531228791425,0.006255580078942008,0.01784213218737723,-0.0033377408131505626,-0.018613431573029932
2017-04-06,-0.004818057900781617,-6.206348229386888e-05,0.01241842837197326,0.0015035443290255764,-0.006949194180085154,-0.005421381198063565,-0.009735980579929856,-0.00399746823236187,0.008129537606542564,0.009844289703170089
2017-04-07,0.0008485326751486307,0.006008975997540072,-0.010240853289912357,0.0006192121345581712,-0.009783246771195216,0.0038664270734013965,-0.008146295613305625,0.0020109405107829803,-0.0018671987155340708,0.01421774561796323
2017-04-10,0.00043637276607375866,-0.004327100972883331,0.0017929647592937518,-0.013059856122358276,0.0020777173826211142,-0.001128141494319397,-0.006910001187536028,0.013015255819418613,0.0131071350968002,0.01992176492093789
2017-04-11,0.012803727906340562,0.013930913132539498,-0.006575775397790386,-0.0031968720868374148,0.008585177356403389,-0.003627959228527262,-0.0033302743094178054,0.006745988195565132,-0.008936658132113801,-0.005586531122547186
2017-04-12,0.0294972185931985,0.03842828685879459,-0.023695934320543097,-0.008643670037347022,0.027047075875919247,0.015182935531051002,-0.003169049669517705,0.004976135601458306,0.004762481946549201,-0.02820560607873268
2017-04-13,0.03929576778130961,-0.011829520933616939,-0.019813410666845353,-0.010239683978503568,0.009257616570691633,-0.004899085752971908,0.004154073503129009,-0.007618977871793398,0.0035905319436116212,0.021370336350739743
2017-04-17,-0.05792664284373296,-0.01829028162754462,0.013483120110531288,-0.01039614407781297,0.00744318523646516,-0.01911580051109097,0.0035924242333346245,-0.0036356847189820928,-0.006219169083046261,-0.00446256469713361
2017-04-18,0.001860216838272349,-0.001303251077069899,-0.00014013681366251566,-0.02855380427499041,-0.00404399016541384,-0.004860943618957998,0.005135531604958792,-0.004288892398221438,-0.00011826028567666029,-0.004737740893676182
2017-04-19,0.006758597996448911,-0.013794473113519251,-0.012554303539949367,0.007383701487782002,-0.0009774598779030686,-0.00992721870595106,-0.0025753416966932223,-0.002811434573826532,0.0031278195655700548,0.013067993829591161
2017-04-20,-0.04395065238624053,-0.020175020081099754,0.02398015755932436,0.014936792024154318,0.0033868287155291,0.003118802495437383,-0.02413801348478924,-0.007236778997933592,-0.026550517263439693,-0.004875257540158989
2017-04-21,0.006057076485882258,-0.009318278840136382,0.003164392093762276,-0.011644469980968004,0.001343314506342641,0.003092956375810188,-0.004247155355521843,0.005760707115801238,-0.0059162831689458075,0.017321150155317936
2017-04-24,-0.06927831777082634,-0.0024611130437687343,0.0038222969179160502,0.016817267830742846,-0.004597856712704551,0.005797765102702223,0.0058841169986398245,0.0014018894371120646,-0.017354461487818332,0.005471125399260208
2017-04-25,-0.037274552226933225,-0.009421338185781607,0.015133850591197042,-0.0024072551877541526,-0.0032143373544702356,-0.005992349745546924,0.002127018410085985,-0.008662311044872348,0.005319238410676975,0.021718889664937936
2017-04-26,-0.0018032784339877025,0.0026328471008073688,-0.004103933335708714,0.007116135704865215,0.003248743648452899,-0.024457166458363138,-0.020912658870007046,0.008721900727824318,0.012349323605738583,-0.013579161778162579
2017-04-27,-0.026871715981322247,-0.01431865215318854,8.867688205521271e-05,0.010562123875627733,-0.003128512243706081,-0.00561440583440572,-0.011117031882879099,-0.013249723132228712,-0.0028713416353637173,-0.002733146921536319
2017-04-28,0.00177827293540988,-0.007675162565495226,-0.011187254131820952,0.004268211980563881,0.027234892538692875,0.025717703657830812,-0.0079821702602933,0.01640523818321126,0.01119841222694138,0.013003022071723942
2017-05-01,-0.01689228860870098,-0.03214094840136536,-0.007083671126259903,0.007157614342968213,0.006640556248712359,0.01843180099414856,-0.0005286525514610034,-8.506520006353829e-05,0.008480652805835593,0.01997261160254178
2017-05-02,-0.010018078921628442,0.002828682716714065,-0.002176068613927135,-0.0015632106047700335,0.00391012170572892,-0.0011933309770903963,0.001804625191639378,-0.002833647514448742,-0.00808951428148362,-0.00959254322518578
2017-05-03,0.000911348837116756,0.005523704307938838,0.009528775452871714,0.0060570566446805476,-0.021412240468301993,0.0018111807512333276,0.009575033899060118,0.02045630989205164,-0.01821031587753249,-0.014842986028530623
2017-05-04,-0.009147179143671056,0.022447840290767032,-0.027872362197006895,0.0046447724545794385,0.008378124520684599,-0.01749783722516919,-0.0035336578114967235,0.006215832829607689,-0.02980859780020855,-0.027872132783621113
2017-05-05,-0.018288864657515162,-0.002598641883687825,0.009243243803546762,-0.006666808807247848,-0.010899318637217393,0.006427011021354101,0.009332897953908896,-0.008228162327038348,0.023542810920266808,0.020013639597794744
2017-05-08,0.0017336918973995836,-0.005046042683022717,0.0072864668533127305,-0.015870425504800306,0.009755728847796054,0.00801398645155542,4.433009904900176e-05,0.00611818582957924,0.012248434708952205,-0.003632693578862473
2017-05-09,-0.002523937035340557,-0.026013312156712397,-0.008638617784354024,-0.00018301920080186003,-0.005009061066218959,-0.007551534614392461,-0.007177622625930484,-0.007116810366892306,0.008156276422955014,0.04097516284324276
2017-05-10,-0.008147804552577222,-0.025246555075202397,0.0012881101657213746,0.0023986095621777222,-0.01769845036564677,0.015613693332107758,0.011972440531330102,0.018210668990663564,-0.007825078570381366,0.01293236840632501
2017-05-11,0.009210570129496524,-0.007344958749499516,1.2368410925395696e-05,-0.0023185142729409544,-0.00033061465804988755,0.011674581241453956,0.010793255088996269,0.00485673050318855,-0.00030505230995077673,8.247962932803732e-05
2017-05-12,-0.012176804572872773,-0.02265393499247396,-0.009558079397831883,-0.001782755399363404,-0.0018043272470265749,0.002856700431871367,0.013969538100893776,0.0006978064518071721,0.0010785384296016867,0.008100416461677173
2017-05-15,-0.035547255592671995,-0.000620069418489683,-0.0025080347608630992,0.007226814698372942,-0.014250822276859492,0.0003830108164663791,0.007716442001154893,0.007510746523705688,-0.02594264182625147,-0.021107238490815982
2017-05-16,-0.00437249733035059,-0.019336410148832434,0.0035048742386694647,-0.004541904837495507,-0.005238870503700328,0.010745528371385375,0.02356951327974927,-0.0029246003322727404,-0.009047317064974962,-0.0014049211195320819
2017-05-17,0.12507937645186845,0.05750556695564609,-0.017865956184227958,-0.01975034316921594,0.020466088843154703,-0.003359682004162377,-0.0004843343427523511,0.016997658810235444,-0.003387967488234343,-0.004090321328004165
2017-05-18,-0.030330177026174427,-0.024369999279836144,-0.011220046177290697,-0.005023616269237363,-0.026513919575990003,0.016327583990275927,-0.013080922327646845,-0.004124073290967742,0.016746093642022078,0.020875802940640592
2017-05-19,-0.032263813169126875,-0.002825741405020466,0.016405028008215264,-0.009912938219502409,-0.004501203528420283,-8.285204159213971e-05,-0.0009858364067985403,0.003123667410469803,-0.002263187306993413,-0.003114777618102565
2017-05-22,-0.04305989257341311,-0.02357787538366574,-0.00148131656949798,-0.011083427340695853,-0.00029745803739796803,0.0007992114555881161,0.02123318311703609,0.0024115609482105323,-0.0033572246705539685,-0.01046595663510522
2017-05-23,-0.010004678973296125,0.018435486815759194,0.0011523384410365319,0.009885750844390312,0.011744728336098659,-0.000865313643688659,-0.003183653261617485,-0.00011163776915810632,-0.0032161349516822675,-0.014231291247278944
2017-05-24,-0.02545315441398235,-0.012949495191922778,-0.008413347320989353,-0.012814618913697068,0.01127629132971394,0.01131866254195553,0.008894642552880628,-0.007959551030270406,0.002077702130684056,0.015236292343511135
2017-05-25,-0.045146058565850126,-0.005174631552313255,-0.023144893999507234,-0.007209767962465523,0.008732599570846981,-0.0010108199547463137,0.0006346507547541943,-0.002589541342526696,0.003610446146220405,0.012437558295222006
2017-05-26,-0.009858886288915748,-0.012698758273359635,-0.003986789766852814,-0.011733643930745108,-0.008784567710269716,-0.0034834452430580645,-0.001613546092027216,-0.00544898623248447,0.01289891718950324,0.011706630173604774
2017-05-30,-0.012694247132539924,-0.01310789457733787,-0.014960802016087503,-0.010351801412520048,-0.005793022522891773,-0.0013131864489662993,0.0014750910984572452,-0.002714347221880757,0.01650037493681139,0.007323155707488356
2017-05-31,0.0005563693065454954,0.012128107625509886,-0.025334505467160186,-0.0035904266642769835,-0.005597046054044185,0.002066499386412437,0.001579577204451311,-0.006377944147892569,0.007648980963273385,0.009498481158092518
2017-06-01,-0.034317456574761644,0.02015032888894286,0.000358982936230048,0.009541759200426589,0.002769746210057081,-0.01095506834838861,-0.011284852781491028,0.007898734841752046,-0.0033532711532399365,0.0022192941097369575
2017-06-02,-0.043112036947779084,-0.020492376137496774,-0.02746217365957807,0.005756159772035591,-0.0012654725027834394,-0.0005540591811374064,0.016959425088568954,-0.014563291618094207,-0.015372176433608152,0.005406646039087482
2017-06-05,-0.003334725928206441,-0.02465674847700568,-0.0009610409775234628,-0.013676479714371931,-0.005062449397041894,0.008629411149253965,-0.0022676565074066083,0.013463855318545919,0.003465028659426307,0.003450391785479388
2017-06-06,0.019777708362448868,0.001853157035644992,0.009904305977770908,0.004504423995308318,-0.0056528831654946285,0.013333313174815736,0.011729565287948373,0.007247191076559247,0.010201153214720244,0.010445689382798806
2017-06-07,-0.019261549285848376,-0.006661227125991028,-0.003712313277407001,0.012151869064542655,0.001758249406319985,-0.002818642299055658,-0.012958814028520676,-0.012780099794933756,0.010492813494766568,0.02199138711796738
2017-06-08,-0.003850085284747619,-0.03907744553576328,0.01220762448825919,0.020710628822306017,-0.02548271026617641,0.006422736959662094,0.004934528637774451,-0.0006695828383926976,-0.010868451092511885,0.027256272164762757
2017-06-09,0.05298632291469915,0.11675976914795343,0.03374406649034928,0.024943701467773263,0.014543917314402318,-0.026268046658447435,-0.030622255724584005,0.009205435838707471,0.006084397133449813,-0.012069150622464473
2017-06-12,0.013401319122116822,0.016075269436520313,0.02164254772333842,0.004920037707334304,-0.02393602658197985,-0.003666987636644979,-0.0042353119602627646,-0.011137798820234666,0.019410578571549365,-0.006037304927504064
2017-06-13,-0.04185656403725725,-0.031065144029191357,-0.0007340699272383625,-0.0032045633069282065,0.014000621648937905,-0.0027534666919931693,-0.009192819700110686,0.007469188603640334,0.005229273870661264,0.03089456092342101
2017-06-14,0.0001565188237776151,0.020358598728235606,-0.02302949107127372,-0.007240067161021098,0.01062575498335559,-0.006321896805961106,-0.009676743064737434,-0.0065163516678171055,0.003485136955415391,0.020382872032779806
2017-06-15,0.018727178152884823,0.01877811072858141,-0.0008481306150656798,5.6630244366600006e-05,-0.008782663286835909,-0.0019902997964304993,0.016328004983256317,-0.0031950990015466195,-0.0020970570786873898,-0.015196474282708441
2017-06-16,0.005226969358246188,0.009673399025502145,0.013516463722866303,0.018916983409628947,0.022036906565148753,0.012061454948669136,0.03593389191686329,0.007328305494088675,0.006780249428377638,-0.02079576098168149
2017-06-19,-0.06470891681804196,-0.027471484569271794,-0.006457554578903289,0.015895320506594545,-0.0014758342380907876,-0.003978814431655919,0.009667053323514623,-0.02012197755327551,-0.01650648090723277,-0.001033232896350616
2017-06-20,0.03782546041784749,0.011760734897729951,-0.03122733849492551,0.01284428723561544,0.01677232297665521,0.010541122705000277,0.0021963962018453887,0.018189386394135178,-0.012440064634787383,0.0219882956833309
2017-06-21,-0.018566498699288378,-0.027041656667748278,-0.02849899606587016,0.017027659051884223,0.008130458467374327,0.0017822249485374094,-0.014153745399071159,-0.009307048688545561,-0.0057048364228168506,0.01293293016363212
2017-06-22,0.0013316580404670942,0.012885866906257048,-0.015501082546593355,0.04225952418869909,0.005888594772001157,0.01220322120310409,0.0016689974272447471,-0.0065682371607327155,-0.0027210373743706663,0.01382109329992784
2017-06-23,-0.007799599811180676,-0.008143156382801877,0.009329251424075022,-0.010103104419257049,0.01994518940315101,0.012482225139930412,0.022638658709417624,0.00842506027766158,-0.005318507358426943,-0.010011590937405362
2017-06-26,0.009396998770142348,0.026712949120738644,0.0003871607379817663,-0.010326519914151096,-0.001777082810503585,-0.011445602183808214,-0.02286743269631062,-0.007950818460072376,5.870945921572501e-05,-0.0069877912743908505
2017-06-27,0.06856744479863643,0.028221769886321243,0.020670614446682126,-0.0032917468351570467,0.020219173861204285,-0.02497137093087066,-0.021596719193897183,0.01698045952366366,-0.018021754363340303,-0.018144101541418697
2017-06-28,-0.06443553883312382,-0.033345106841285804,0.019182218391905804,0.003154845208178414,-0.007824165701371953,0.003432921849551226,-0.003153231247198065,-0.017826366670417537,-0.0020707719775109232,0.01581987617714939
2017-06-29,0.07999650223340862,0.030349422336159018,0.019205289150964096,0.012525306738065277,0.01045504873620488,-0.027485263067261234,-0.01821774065457649,0.00689872415236641,-0.006174985518589948,-0.003305998631427784
2017-06-30,-0.012097869576272723,0.005135783423025551,0.008621522010950263,-0.015139811745789357,-0.0012830454977062556,-0.021069418325808074,-0.00462480809442152,-0.001899496692801164,0.008589439585285836,0.0038423932210258065
2017-07-03,0.018096422571835885,0.04994307046566585,0.027632368121466706,0.014795933554047853,0.002892685821612165,-0.010713508078055076,-0.004522872588579805,0.010784777238223194,0.0015003263515947548,-0.012964175647230052
2017-07-05,-0.01934286501779967,-0.017678371992602436,-0.021195864930879986,0.015039798185151882,0.006685204462322046,0.009184935676556831,0.013894753584936366,-0.015570674053257566,-0.0402286455984352,-0.05413224940269168
2017-07-06,0.0570336463413709,-0.0013249249027676088,0.003338752801342508,-0.018766027479442466,-0.0016111518819067077,-0.005110592157495169,0.003970338498105555,0.010273041136363575,-0.027665342643415445,-0.026619923304946346
2017-07-07,-0.05179043643935108,-0.027460410246594083,-0.0036454024196942974,0.007553933735577304,0.004912039641970593,-0.0014331840460715395,0.016307730790849444,-0.00772280521947955,-0.0026922297311935935,0.007703618690976671
2017-07-10,-0.012437799302325405,-0.04287211681965879,0.005630339897956406,0.009126727530698703,0.015343159246795038,0.009507618752389167,0.02336461614673812,-0.013257134619602618,0.004827383511508788,0.0029911115887787257
2017-07-11,-0.004439147737530071,-0.021995083433611447,-0.00046837305985813045,0.002256875250324213,-0.0028993488401214103,0.0059019125177539825,0.0007487828373150653,0.006396412132680519,0.010501635204799274,0.017719489985485837
2017-07-12,-0.06341363331463247,-0.03037558693143464,-0.011732476747440448,0.0016137755599606527,-0.00715496350498248,0.014041169193575148,0.008308787999890219,0.0019932366143558685,-0.0013875219110176756,-0.006872698861217294
2017-07-13,-0.004138887176233031,0.005968153167705639,0.0010162661896181513,0.004496339479681322,-0.012165734882088412,-0.001503192339866784,-0.01820637029165801,-0.001059808864657576,-0.000977174565358877,-0.01828828901680085
2017-07-14,-0.046867137941170506,-0.010106385237953664,-0.015894122994614346,0.002728369012616322,-0.014124918906759633,0.006931741192819694,0.014327483267013372,0.003265542785218553,0.0011013955715120185,0.006525713556378811
2017-07-17,0.012189660434916082,-0.0001987757266015403,-0.008623698892937834,-0.010232532499249764,0.006697494516923188,-0.002834715856690197,-0.0021754554379970013,0.0035667805743612065,-0.006762132595021134,-0.023065586751587114
2017-07-18,-0.01443104252156921,-0.0198592254461764,-0.007555294888841818,-0.002883328230070675,0.008484951499568268,0.015286838791170598,0.00747040310405345,-0.010267570182978473,0.0074745750148601355,0.01319187841802365
2017-07-19,-0.033283633158601895,0.005495563407328277,-0.0037384695428812156,0.008856906438022652,0.002892918152243334,0.0052719968549516105,0.006012281763452943,-0.005215312576083552,-0.002236658379522364,-0.011211482992970215
2017-07-20,-0.005506956627343194,0.008821796399747932,-0.017315289619438064,0.012858140847226033,0.022179558669488047,0.016096072274715337,-0.004178603669598548,-0.0009969289475882453,0.018510200155184352,0.004971712368539768
2017-07-21,0.0021459696808134297,0.004957629946851817,-0.011337521353551944,-0.006861959424423629,0.011992178344687864,-0.005665121278499569,0.002265523049244345,-0.008067172389127599,-0.003842623602070983,0.006421869797456554
2017-07-24,0.010394260952481655,-0.021712303371495646,-0.0008290484052157728,0.004029523794313325,0.011179036901046277,0.013955833910778447,-0.015052937187837354,0.0054063070094253545,0.010522938819793671,0.029881749694563378
2017-07-25,-0.012694800637915902,0.007899908005142174,0.01923879815499813,-0.03429750561413846,-0.015279589819657926,-0.013190252269834772,-0.017824547283467627,0.002006215433365642,-0.01619842385497334,-0.006758909262100008
2017-07-26,0.002735545915990764,-0.016924744003834348,0.00440528948109879,-0.021643432698940264,-0.00051523850989082,0.02326851383170982,0.014949798371984598,0.008088831130253653,0.006815413189261914,0.007432071186172696
2017-07-27,0.03783818859150603,0.04057929756003651,-0.003949249056022959,-0.024403170295329735,0.011121839158357088,0.026352731540974856,-0.01073090256288584,-0.002677065693259254,0.02411897142578538,-0.03473657473421164
2017-07-28,-0.006898266042076874,0.0007752570029241057,-0.004907556167499739,0.00771755145818006,-0.016935948311304433,-0.007117138435593166,0.0010930124221671333,-0.0009287547192596641,0.008040513534458133,-0.002843451617440741
2017-07-31,0.0005234541127230938,0.03183333575281108,0.011660753179229655,-0.003971666813739734,-0.016093838439074238,-0.017422323136807447,-0.019162986079073366,-0.0027675923613958587,-0.001912119742082524,-0.02239337346586423
2017-08-01,-0.023610318287102673,-0.014926356285147194,0.014147016335799381,-0.00345362533635241,-0.004679792845709912,0.006125586895625999,-0.0035344410225918587,0.004785687824821991,-0.0037716198123621232,-0.01563379313103794
2017-08-02,-0.009506715893236836,-0.015472292824422975,0.003216793811899753,-0.004200151306701208,-0.011956624354336635,-0.0074705213778588015,0.0027616485327998006,0.01597649601594366,-0.011580161205313824,0.03185723323665403
2017-08-03,-0.005070736310144165,-0.0018792043835039048,-0.004193471266429249,0.0008510992519856211,-0.0027052834292983488,-0.0021126515819711272,0.004316456017042672,-0.003980366568613637,0.020217271743297568,0.04144547008327886
2017-08-04,-0.005341172083029834,-0.0077703007526880264,3.396873773341503e-05,0.007025130530715826,0.0034889298445945085,0.0030706086523009314,-0.0004975344553503875,0.001712018097835925,0.00974780850323788,0.015489167958361996
2017-08-07,-0.015231901355295983,-0.014090246170190298,-0.019568282080878754,-0.004581385335331692,-0.013958193003200654,0.005153908780052188,0.007532437558680928,-0.001611432436497666,-0.0032700203860401462,-0.0010822795839896128
2017-08-08,0.011194714556360117,-0.0019062500751888469,0.008885924370178091,-0.006878670591143541,-0.0030369678951718253,0.012218652689482854,-0.014961024006988647,-0.009543148521289829,0.01085346137144384,0.0260953143895525
2017-08-09,-0.004075266750400953,0.008241780963218282,-0.0051427561200311795,0.007723471850385488,-0.014201265751909678,0.0019931515818054956,-0.0010778280320351227,0.000967708670576564,-0.007762299327671751,-0.00016199399767974275
2017-08-10,0.0929836226611262,0.04319427043909919,0.0023281203627288864,-0.026068210176294293,0.008144919981242466,-0.010913237963212499,0.002567937146912687,0.005628330731028408,-0.0005570142962859323,-0.008875266616386162
2017-08-11,-0.017972744726893655,-0.005258271577761401,-0.01060193150709553,0.0011949582743053919,0.014836179407167185,-0.009196108557951556,-0.0012324674001679414,-0.009291580084277459,0.003174550090383221,-0.0029165740938589912
2017-08-14,-0.08211365737159375,-0.03950452561827715,-0.005074989659171078,0.005423985721389514,-0.012874488874980446,0.0019860420680295255,0.00844107067312398,-0.013761305475881652,-0.0040522577375321995,0.002155090236507152
2017-08-15,0.0010279565268407381,0.0026785506376991006,-0.006815996167788604,-0.00554892146820718,0.005743987534064655,0.017158793730542667,0.019421792282191108,0.0017354637343892734,-0.01216678617116063,-0.0009829465838969904
2017-08-16,-0.026348611387244935,0.004581023963837092,-0.010195880861915856,-0.009949655347596007,0.012386882998558087,-0.023633730683867607,-0.004004858968705177,0.012993129810853212,-0.0070336380337224285,0.0020675435743979947
2017-08-17,0.11322406148017695,0.015499672468989804,-0.004341286119286353,-0.012863072758549596,0.018554332860430053,-0.01004915148429777,0.005356699344967775,0.009597923745860668,-0.0045095724146632194,-0.007051864527054423
2017-08-18,0.02299017848082771,-0.0022971734358285755,0.006930435895353287,0.0019358026238583946,0.0006221223926293468,0.010994124327169634,0.014778052486778687,0.004049731501631256,-0.0014342028324049207,-0.013825492471844732
2017-08-21,-0.013948442348841019,0.021759597342384245,-0.010504316341213932,0.00514103041021931,0.006260978967694962,-0.005584479948239858,-0.0013001227134257975,-0.00581801294028552,-0.011181367693238471,-0.026715656534760077
2017-08-22,-0.07292377508506433,-0.016671513529582956,-0.005783825321060665,0.02212892364915989,0.005827915564075252,-0.005866660044429037,-0.006574930583702975,-0.0006807948260023315,0.007118298261145257,0.0016339579534453046
2017-08-23,0.020226943921195846,-0.016295070627212433,0.0028924085866436793,0.002079742243220318,-0.014510254381729863,0.011194214267389525,0.0042152900682613,0.010347221978483229,0.0028005583260781314,0.035531095789907464
2017-08-24,0.010915096841111638,0.00041985584377760726,0.0046479546082282405,0.030397740170283002,0.00956850253174234,-0.001285731268815006,0.02354034475108657,-0.006197277790440046,0.00079947044596153,-0.005169560116382555
2017-08-25,-0.0014234790620299056,0.02329282357420121,0.0009970429565696252,-0.004631520902877644,0.010627024728472179,-0.009885795444746555,-0.010228176347806832,0.010550560466932302,0.009613021783477104,-0.01611581365310923
2017-08-28,-0.013001165910265563,0.0033479561846194382,-0.012738019214380709,0.011466942119304583,0.005461811957841364,-0.006599935838350213,0.0037670042793109177,-0.006678350860894663,0.002015299075239854,-0.003333833531139965
2017-08-29,-0.015312722284520797,0.0013938485875500874,-0.0008443001448666121,0.002187791557492531,-0.0009242973398472384,0.006370162053110836,-0.00563162188079036,0.008077938215608692,-0.003023096514845871,0.007114494411337756
2017-08-30,-0.03259135751133263,-0.025193390975176342,-0.008911246336425144,0.011739371324966597,-0.005097207907446865,0.008624473563884292,-0.0013815029826428436,-0.009858092251111616,0.00020920722518016178,0.006822899689501321
2017-08-31,-0.04530378006634683,-0.00913260150346069,-0.034070353420402086,0.031169916271956387,-0.01097797702986539,0.00268247341949733,0.008820552206665496,0.0085658046449975,-0.0036172946715114554,0.00869794117435805
2017-09-01,-0.003648173029134231,0.0005334100962329306,0.008543876424884767,-0.011340174093210994,-0.0041003314360019225,-0.0004638639056045128,-0.007655040413263291,-0.0015611432527563734,0.0036969836210521655,-0.0042926350734866
2017-09-05,0.046602370261910865,0.018692603559130445,-0.022684843915591665,-0.013984399059189774,0.005259761537827752,0.001217135682645491,-0.017652803436388562,0.024896210166570006,0.008073453691719773,-0.016705027375327176
2017-09-06,-0.02573163514442197,0.008498588408533674,0.005214311620899987,0.023664685574975666,-0.016789254392426234,0.002257900668551495,0.0001900037920044243,0.004747818138910744,0.003830388960729867,-0.020682991377348376
2017-09-07,-0.030298710711844343,0.004822975813091046,-0.04077403490512228,0.035589573613380145,0.019839936274508998,0.00824037690985776,0.00803860821213086,0.036698705040271666,-0.02242117023449114,0.03002716974009847
2017-09-08,0.020229849630025703,0.02217728413765894,-0.0028823936636628387,0.033690098360082056,0.016709353501221488,-0.03200988636583678,-0.0002850867000652336,0.0049239656610673335,-0.005149524125816431,-0.010519630095390108
2017-09-11,-0.08518098417965951,-0.017369754181231233,0.0016442839716657972,0.012329660018937798,-0.0029784987029665266,0.010000887880967469,0.017070055075569343,5.416203778327509e-05,0.0032640564280901766,0.03895576782101491
2017-09-12,-0.013686719560998754,-0.0019375881739383898,0.014099365027945659,0.014355553085897916,-0.018718256681850096,-0.007758164077084691,-0.023481090257226177,-0.012731070120520473,0.00435858041946294,-0.010944200003142585
2017-09-13,-0.0011540695277494017,-0.0013768226709859885,0.007590313489722718,-0.006658379586763936,-0.011895752986887253,0.015130660502790062,-0.017231020557110777,0.0026327217819405785,0.013498902510465679,0.003441638759777181
2017-09-14,-0.007917071906286172,0.01255529899319409,0.005917428153514877,0.015086727443961398,-0.011016181051924676,-0.008716937111609202,0.013051182866664386,0.011141901145031873,0.0016464950674231088,0.030754526308294058
2017-09-15,-0.01516839921545639,-0.02184122302717634,0.015839081568677246,-0.013657777019812257,-0.03474860552719551,-0.007899350279642944,0.01777933681207074,0.0015494476700487147,0.0018660739917308875,0.011960004767502105
2017-09-18,-0.004045379900854782,-0.012886472399143272,0.011316013969268885,0.005078160774641933,-0.009179241845616564,-0.00397248822133949,0.01315835297519969,-0.002620412248950459,-0.000576027595529896,0.005566266395143315
2017-09-19,-0.006645326445491761,0.006253484714361874,0.02147768532699696,-0.006117898432351404,0.0017524413217867173,0.01385376330734785,-0.004257386558697695,-0.014920796180225267,-0.0038020947628624566,-0.024440780591038998
2017-09-20,0.003267003036186051,0.02411740767425561,0.01626293997180232,0.008078590128732957,0.009065596730981963,-0.015603765342181873,-0.033028212167272246,-0.005059059865469511,0.004048249261402288,-0.0008857517500603813
2017-09-21,0.025536195198626415,0.008556448193409946,0.01808130006590108,0.01293071681738797,0.006081053212425465,-0.01059918224245762,-0.003973853915239631,-0.002448696626110458,-0.012315320192896818,-0.010631194422839376
2017-09-22,-0.0065912171027764,0.014221873343605345,0.011153369460915556,0.0051879804406846485,-0.0046048685511994045,-0.01683640668128025,0.006632561370801629,-0.00380998617847473,-0.006635534569260356,-0.04806163838745261
2017-09-25,0.043859110025001195,0.054105773335822484,0.012413414379935551,-0.006649943487102833,-0.0242983744550941,-0.010848568418851652,-0.0071231553719776205,0.005894490618570531,0.006104527297610413,-0.014759933964350333
2017-09-26,0.0017431071982346611,-0.01761749628974428,-0.005918503426574981,-0.00884893753983835,-0.009274473606765234,0.0007437866050718341,-0.003731593828562607,0.008123158952426707,0.0004543497391238992,0.0013306195605533827
2017-09-27,-0.02152560314643046,-0.037038145357140353,0.021723754275924094,0.014604567886674146,0.006211897885148747,0.012116472474156677,-0.009324341897925208,-0.006518416241871823,-0.004483847759805056,-0.01415562489769455
2017-09-28,-0.01690780723120104,0.007564141976185015,-0.008399106404634043,0.015094899116896028,-0.0029599642095018,0.004499233471947625,0.010061694132529313,0.0030615027575368473,-0.010604498012557502,0.007794871277672941
2017-09-29,-0.026330118586155804,-0.016809071026205172,-0.0003002947227360664,0.011849826099249651,0.006881596735057423,-0.0004737216182628301,-0.0009183075219655658,-0.012079821101224016,0.005399621583117226,-0.00695442533140567
2017-10-02,-0.020626308005952877,0.009860022449941823,-2.6588448276842872e-05,0.023225961220508587,-0.005254876372219768,-0.014821155428268295,-0.008063871172050017,0.0017714877328250734,-0.005572387105553122,0.006241214158809127
2017-10-03,-0.012673317796096071,-0.0034658933052500707,0.004077444253390695,-0.007997420716730005,0.0010255614279493738,0.009385827735403793,-0.0033729032984950486,-0.007484877221430793,0.012424364661775407,0.007184769166287226
2017-10-04,-0.014788424596170757,0.0040867651435209104,-0.022011521873998074,0.002574089009360515,-0.0069820701179171794,-0.0020236622654168563,0.011752263478133573,0.0011785320709861253,0.013603152322336777,0.01693555816303124
2017-10-05,-0.033030890974848064,-0.022023688869999867,0.0014412934617291382,-0.00448251738497936,0.010662578381197631,0.013576694177138181,-0.0021690536350272246,0.010382367278462604,-0.009778697867403518,-0.002579316525898386
2017-10-06,-0.0009779976260788558,-0.012429261043780582,-0.002530908915116915,0.011534206426428214,0.014714656485069384,-0.005439092108705249,0.0213854502072697,-0.01166218955458335,-0.0020551291432473963,0.01040036645728556
2017-10-09,0.0010510481755781874,-0.00030845897896743485,0.0008928925954161838,-0.005029475008037844,-0.00867966879728545,0.016022613039598236,0.011745254895870185,0.007520968535167645,-0.01545041050181406,-0.031228650233093347
2017-10-10,-0.023027123359596835,0.002701251993092116,-0.002520041407250721,-0.01142284226877153,-0.019857893498510238,0.006321840164181827,-0.007058027255667025,0.004732934947218051,0.010599303640919974,0.03454054413489165
2017-10-11,-0.01781025862222045,-0.010743766910057554,-0.008376262399985545,-0.006187347651980545,-0.0020346376638693884,0.01438387370916342,-0.006481496878818685,0.01530255670378989,-0.012333440963484245,0.003919369782129213
2017-10-12,0.007609178271424316,0.002107805216971715,-0.017912291984266273,-0.00430998817490501,0.012310665691592455,-0.00042459783058683073,0.008141726360888831,0.03164085124091044,-0.014135175845602426,0.010964321742971437
2017-10-13,-0.00783201313782178,-0.018639145755470623,-0.014588593713991556,-0.013875402580648094,-0.005643567742501003,0.01463963445466076,-0.002744846958456569,0.004804133301083647,-0.009503571838436546,-0.0022734298661306364
2017-10-16,-0.005556672594657594,0.0012361758334470752,0.020993214407096852,-0.013655483382923873,-0.00045175833551361073,0.005766142674994469,0.005021367898961122,-0.008653454696507518,0.0032194857837257113,-0.016025690837063483
2017-10-17,-0.0072589109586419205,0.011988461989822756,-0.01407958038232215,0.022192825421443588,0.0024571239123744944,0.013524818932220696,-0.015141007160411954,-0.005725821151316147,0.011471453931943074,0.014364602211824291
2017-10-18,-0.010087685253107305,0.0018345176665145407,-0.011551274114770525,0.014813037197649002,0.0028385384136688555,-0.012973041681248866,0.0008612635122726782,-0.004882817694265206,-0.00168043684645334,0.009836783439908296
2017-10-19,-0.020528199974458216,0.006144905824010913,-0.01005395605783497,0.00939846043632031,0.0030180139885490997,-0.042158215421819356,-0.0011601867223213378,0.013408442253298547,0.012774699948262754,-0.026801476904053368
2017-10-20,-0.03370660832519525,-0.005096080556236189,0.019305472389800283,0.01079299982710514,0.00483400882847197,-0.012508367354954522,-0.014988587473920045,0.009336386788647427,-0.003290474248868487,-0.016996550542444495
2017-10-23,0.015436402049510066,0.0021477875303255243,0.012916066352002188,-0.009169945765076142,-0.03227068967466774,-0.016812164271304948,0.002235178405849514,0.01906909146866878,-0.02360365597942477,-0.01007247596419253
2017-10-24,-0.004348623978156607,-0.029924377515199597,0.020573547130044185,-0.010357981619974749,-0.006399035711550198,-0.007868598631943287,0.004634199826001202,0.002299615422409722,-0.007907632204576234,-0.0050246157181723095
2017-10-25,0.013758279870073322,0.0037555569319119675,-0.009259867007122858,-0.0006395100338757729,0.026778970607159915,-0.021834954383923147,-0.00916432591957868,0.008085265408896616,-0.0018239302689297776,-0.021279308751272614
2017-10-26,-0.020823243216683444,-0.015947050647548564,0.021688951805035588,-0.0333182530269425,0.0002487121577385618,-0.027824232394457353,0.0010907435079752076,0.02051567141635357,-0.009238109223590004,-0.008722945976292532
2017-10-27,-0.05645386065827686,-0.08563755519929803,-0.014981016478468723,-0.014394789390446939,-0.010162568591841501,0.03032973887387897,0.0068328683155375785,-0.03437539960270831,-0.013078975290459262,-0.03178223296787273
2017-10-30,0.02526169691191699,-0.04177642774069144,0.01572028457129696,0.00015618569542267868,0.004327033880504675,0.014874500080053088,0.01917241848383168,-0.0005149021961348704,-0.00928421616827875,0.013876206838363915
2017-10-31,-0.005500051455066532,-0.0015091075375015571,-0.007563413454632298,0.0014934925245868793,0.0008057614478712226,0.00516792306263928,-0.0012652272802356668,0.014790430687940163,0.009169496357646573,0.02886507252534088
2017-11-01,-0.022253507112321914,0.0007754224356446321,0.003869644108572445,0.018039501627768687,-0.012309841426733725,0.0022756866830520254,-0.006448069761074759,-0.009173170916977504,-0.00950296535905301,-0.029406854561975185
2017-11-02,0.008647192717171187,-0.0016923636502585004,0.008397299167676646,0.0014354828023213798,-0.004280351231151589,-0.007089654394093202,-0.002095510987778989,0.019476892928619583,-0.05586864007736464,-0.03530012405780283
2017-11-03,-0.049316005665586325,-0.02966388258464214,-0.02242567686099194,0.004467709614932201,-0.028416000043934426,0.003034398596939678,0.013336921715208457,-0.00803854519510869,0.008129314827924047,0.025311470411958418
2017-11-06,0.0032388226917866043,-0.02831704079289554,0.022760761860444494,0.006943162488940496,-0.0010009439593820187,0.007978991105620739,0.012383030702431378,0.0041105219711241175,-0.011842138084001289,-0.000640405196086353
2017-11-07,-0.017780378176879566,0.007571691686034067,-0.022215433030618698,-0.012343905575958762,-0.006984927563236847,0.014949414101954094,0.009492392812034744,-0.01085540158774777,0.020627055818399555,0.0035153394935651897
2017-11-08,-0.02301494138924974,3.598012890895735e-06,-0.03086944621606652,0.003260448397237515,-0.002458825352859509,0.011082908110155273,-0.006750788836138241,0.007076835437728354,-0.006931965138957171,-0.002157989812716943
2017-11-09,0.03708704752223104,0.017094239301261294,0.004323920720060649,-0.0031941213850830248,0.011543279672115115,0.00037974648207873927,-0.015049377470832466,-0.0025821433789628284,0.026462174106362975,-0.0008458612569758812
2017-11-10,0.0015207625355729277,-0.017831835399699483,0.01070671715583364,-0.035370124940870634,-0.006004646767797967,0.01098813062100079,-0.01316909452950747,-0.0058783923329123544,-0.004095976717073817,-0.002225449932360694
2017-11-13,-0.021025393575629728,-0.002675853367170525,-0.006074842655572369,-0.01379147746645786,-0.009831895997032537,-0.012441752221950438,0.00980747537515929,-0.0031234051289698007,0.017407256519359916,0.025811234504932428
2017-11-14,0.0014974120691258878,0.006739733253563013,-0.0071389271168944635,-0.011889926758493312,0.010783962279888428,-0.007070241809142108,0.0030277357641075972,0.01290932277997961,-0.02051766475407272,-0.0021190010962234443
2017-11-15,0.038233409286354825,-0.003588701105245237,0.008853237571341575,0.004184397294828017,0.002446969855711286,-0.007878108943004522,0.0034060532617831026,-0.019800065091206413,0.009047376223058883,0.003955388888716022
2017-11-16,-0.06677079780775853,-0.008215802201896912,-0.017135382173244573,0.005116674756028282,-0.012473712996211998,-0.00897070832790989,-0.01873534074747593,0.0012177133376555641,-0.01358680694722155,-0.0036437761121786
2017-11-17,0.031370699340237916,-0.011340454774908852,0.002907046013788282,0.0016157551353584126,0.0009614582739007814,-0.013120702653165698,0.004641143662529336,0.0066314791169745715,0.0131408132417446,0.005376009666930222
2017-11-20,-0.00927681670414611,-0.0037685258773497835,0.007299076067131501,-0.008737946711560446,-0.010156685697278333,-0.01206619753835837,-0.0015360627649605243,0.011397650513199327,-0.011754330811745607,-0.02189239579633686
2017-11-21,-0.05785846594691375,-0.01467248856743063,-0.004364439622854773,0.003865592128557725,0.013432222098060019,0.003998389733738928,0.0070301027039310305,-0.007584479593602772,0.011158445649356452,0.01938906989449158
2017-11-22,0.014645548593373924,0.007218789099942421,0.004678370758555822,-0.001084329708014905,-0.009954791759547303,0.007848968525929124,0.002833270690926022,-0.001461934690348758,0.009060368521926416,-0.01650850876746873
2017-11-24,-0.029144654729456758,-0.019932876524690644,-0.00617922229653886,0.0064518579107481246,-0.0018889429146553703,0.008583379712724605,0.010748066979433141,0.009975598432227041,-0.005431798187845424,0.008587717081716734
2017-11-27,-0.009293500659545076,0.006169860277221571,-0.015252181054953387,-0.0023329491554038755,0.009207790647001042,-0.001372004904100597,-0.010178525879303188,0.001134992519197304,0.005964778484048979,-0.0015890461845908083
2017-11-28,-0.044778729547746254,0.03397379522270583,0.02482629050636521,0.0037416297767618152,0.0058910335901799825,-0.0167375386242687,-0.013284922448292259,-0.011853870381214864,0.003034811904884254,-0.006863748976456619
2017-11-29,0.03955698526722818,0.10425719881133505,0.04330453562789787,-0.003150972599961241,-0.0190573837364407,-0.04321823972380617,-0.05842944849965446,-0.015079083628403841,0.013793841240390516,-0.015669670656014427
2017-11-30,-0.07508007038938264,-0.004274705638530464,0.00850378227167844,-0.0029627868166879536,-0.0059588570808324845,0.00039893005754357806,-0.005634850387024264,0.011188339259215129,-0.009422582097544764,0.002815803699074288
2017-12-01,0.017942207807606962,0.03259447939382053,-0.005020176897241092,-0.0038942616983750847,-0.002897242542014433,0.012110973822842784,-0.011147260016776028,-0.013303052827590468,0.0064863806195483665,-0.015443759624887452
2017-12-04,0.043229124841305255,0.07903289010886892,0.06266159905221855,-0.0369408992978613,-0.03263457034267092,-0.019628759966857433,-0.0500075806160684,-0.05090985947710224,0.025411550918541238,-0.007830286633192966
2017-12-05,0.011207612971734303,-0.008821860392361335,-0.01581005463582501,0.002189705623838198,0.024694287652792576,0.012166628728879702,0.00835335356984298,0.014853749312316075,-0.02025759000077686,0.016180688124222704
2017-12-06,-0.014097978181197464,-0.0399254319996211,-0.014513570785810321,-0.022973448767138496,0.023124119694935295,0.01667175290337673,0.02876625800416177,0.018956737536413557,-0.007330709132673696,0.019558436311453015
2017-12-07,-0.015528022679100978,-0.026140985759224702,0.00898874264732865,0.019305116574558055,0.01834917389817403,-0.009920671952302293,-0.006401056996323981,0.015406470942290224,-0.0014661521672917025,-0.0009066286490350419
2017-12-08,-0.02893929138651217,0.014044974422019244,-0.00653962895105407,0.0172553323858352,0.00904847879161244,-0.006118680599881518,-0.013401060077971243,0.0052853832412372605,0.004121340307507812,0.001687500417535194
2017-12-11,-0.03830727238091529,-0.017360525647379343,-0.007370765630879675,0.00425407008637823,-0.0069489457732322,0.015756591637558468,0.0017520266626141528,-0.010473840586631774,0.02419062223995225,0.018764006468664263
2017-12-12,-0.014310255015582219,0.02193943703758268,0.016588402013476968,0.004186012412823484,0.014329056098394693,-0.013827667768225341,-0.007333629000450736,-0.024370539113266063,0.018138620407022615,0.015007939636777889
2017-12-13,-0.016621850324966117,0.007798002328426938,-0.015565603494790966,-0.0037857471797191765,0.0007644606437760695,0.0022495307016688697,3.9079195168534894e-05,0.01539316453413833,-0.009124846623597903,0.00991473658163551
2017-12-14,0.02377246038724061,-0.018643239478709273,0.011778047344760302,-0.03003495706026439,0.010599192627532533,0.010526476294691452,0.005815192072895733,-0.016133712260156,0.011159242864401259,-0.00833956732596178
2017-12-15,-0.06857040791009686,-0.012501900318996563,-0.004798707449998578,-0.0009930826552507458,-0.0129791953745836,-0.0038027402682482775,0.008153714396859217,-0.008569975648941379,0.011735670669540713,0.017392123664100534
2017-12-18,-0.02352895764254737,-0.020243704230777534,0.012438122904495965,0.013538096510089316,-0.02988061599939189,-0.01675266245219643,-0.0016060675424343159,-0.005475558050042733,-0.003528655576284474,-0.012847434520472382
2017-12-19,0.01943023473258418,0.012958016682087771,-0.0009359259859454141,0.004410455495158421,-0.011838017411334126,-0.007859384759663442,0.0025275479733487876,0.00040353451483247764,-0.014086819738749715,-0.01985365325263687
2017-12-20,0.008994214526130147,-0.002164481203914452,0.011123406163041173,0.0038188476196605926,-0.02148896949218834,-0.0063964935291151055,0.005474320341030099,0.009406514172414155,-0.011102762881720879,-0.009414963798202993
2017-12-21,-0.0072824264865540824,0.01566470177634256,0.031684723112574725,0.005152336093001509,0.015651262521219397,0.006688736212512394,-0.012758702442251454,-0.006173100072946165,0.030864101503334403,0.0038011576068076305
2017-12-22,0.011305010103194155,0.0040395693649422455,0.0027193697575896634,-0.005470787324491041,-0.008114445709873795,0.003954934411738526,0.0066956470800004515,0.003676479768858473,-0.012004365796683765,-0.018833132807338237
2017-12-26,0.009542692078380679,0.014423019862409847,-0.002346206625886158,-0.004476634233795057,0.007469626773784445,-0.00480944452412348,-0.012473961053130552,0.011420170492543118,-0.005416886233405347,-0.017787689151837927
2017-12-27,-0.011679415881979955,0.005612344667049468,-0.00671450022725695,0.0040911841032443335,0.0024645630810821695,-0.004692288636447407,0.008643033463851828,0.0052315522635439276,-0.010841761626414483,-0.010060577847635654
2017-12-28,-0.008160990035779164,-0.002494822339955208,0.00201035418776783,-0.0008189677238519603,0.0013087229481702893,0.0015826413615813476,0.0006626799920687063,0.0037475838642790174,0.002434052212309679,0.010988072701910039
2017-12-29,0.037574508014839976,0.008606050946228667,0.0004521346893214749,-0.01587782140661417,0.005831760796706315,0.0007009647823908189,0.007121031775546799,0.001281626927447876,-0.006451985725772162,-0.007986596263408417
2018-01-02,-0.0735223013593104,-0.044867321318195236,0.02324067846945764,0.023076870576468424,-0.015967490052145653,-0.0006678620400223133,-0.009403167987722578,-0.01937461700420207,0.039819759384915505,0.0029513146962671395
2018-01-03,-0.04953799423199995,-0.03292343271277831,-0.0015680705428341747,0.029983630258120966,-0.003858903825779537,0.0031278857136859094,-0.014070748402423755,0.02667453739669066,-0.021521364335943535,-0.007611065818046705
2018-01-04,-0.02767353240973898,0.004734098798906758,-0.00031356962964434754,0.0034194427805138033,0.023153097452723422,-0.006297043013066363,-0.0022592615828113077,0.0030307578390572844,-0.012815073297458325,-0.006605059677247447
2018-01-05,-0.05345767033488488,-0.01402192745905999,-0.009959328583497113,0.01243862431238201,0.014484399063986788,0.0007592747406959021,0.0017296736059272525,0.0007428402214325109,-0.004239141284118706,0.0017849107819523757
2018-01-08,-0.019818490501120282,-0.030440818413829163,-0.0014325210322046786,-0.014488959841190066,-0.011384647064718523,0.002096506289630664,-0.0022962088464409595,0.0213262354041693,0.014386030685428099,0.03647512020476525
2018-01-09,-0.00927129821851428,0.013866982820016808,-0.006955330164665821,0.020664837769720314,0.02295200334729963,-0.025531285616095998,0.005991352946966709,0.0038755062537136017,0.000524221450858366,-0.004533022661888757
2018-01-10,0.007980522627766601,0.006062665018824151,0.012393178948321492,0.005879017547313319,0.018747312555471705,-0.0015553193049241138,-0.007568277403438209,-0.007295856879962167,0.005242120721322171,0.0026415849534285048
2018-01-11,-0.0454828035941222,-0.0054943295555857025,0.015568369718645073,0.0032117236551355765,-0.013768844572460854,-0.002136155239542973,-0.017808410983939614,0.00017765825134033347,0.026006877485313263,-0.011746267799161957
2018-01-12,-0.04534628894200207,0.0012406434271846052,-0.0029785149779370623,0.016574821962985636,0.0009998997813401007,-0.0021472116513625416,-0.014527822455513578,0.017508960692024317,-0.011714781105318829,-0.0028099967033271343
2018-01-16,0.01928834261724887,0.008443802779883559,-0.014821986715282849,-0.00045955011452645844,-0.017889149091926588,0.00859134259499952,0.01667046025847944,-0.002144443463854813,-0.012681199360452027,0.012779553955009845
2018-01-17,-0.0783168044798208,-0.0040646971448220475,-0.004626893242504829,0.012529027024096093,-0.019220729855247337,0.0011599285259590605,0.0016552559743017027,-0.000958144122767654,-0.008907593052097054,0.018812289019903363
2018-01-18,6.12244901230876e-05,-0.009653349869267126,-0.004799182939945448,-0.0001846463111438213,0.011078697498536403,-0.004656019808152261,-0.00927412236033567,0.005975715143148774,-0.011165463709773504,-0.00224266026872215
2018-01-19,-0.03875468379607556,0.0076034726138928845,-0.0031263848110820256,-0.014166506620116724,0.0035168858028285337,-0.0070401816009307595,-0.0006349804219357813,-0.017615852695478516,0.008538370165522707,0.015957020078411863
2018-01-22,-0.052014579126245235,-0.004418145642763068,-0.00406824852281339,0.006259393460329613,-0.0038698112051201053,0.02070166843537281,-0.010368435990627417,-0.011673322387168564,0.017953951325674903,-0.017022380091457602
2018-01-23,-0.007938242549369109,-0.03576023551530018,-0.0009301369693388373,-0.007946537428710975,0.00799061176829299,0.005760966060724152,0.0007344973808469618,0.0055136715099111866,0.004382681304496645,0.006889996831427368
2018-01-24,0.008204201125031988,0.037610914141869595,0.00812304845181298,0.0025202776455041484,0.0269838068057226,-0.02623697752921938,-0.017416606079823843,0.003302348622343931,0.012468132855614633,-0.02195172470140595
2018-01-25,-0.0021102441510255426,0.013122637073176336,-0.02782319562338179,0.015262877648182032,0.023387215881299186,-0.00824523419129829,-0.016673235105966765,0.024412713052555806,0.0025845555365603904,-0.014372968305515793
2018-01-26,-0.0984351146404657,-0.0070500577992507075,-0.013057510086305818,0.01616112872728273,-0.030525358913235313,0.017345898541244582,0.012503997198321133,-0.02193134215738004,0.005323365689807661,0.004693202175729168
2018-01-29,0.04661765354458264,-0.011772227357314495,-0.011813722325176319,0.017255597649431582,-0.0027674416102271946,-0.010866463801660549,-0.023105937865733363,0.002483790814400801,0.003557917668789736,0.018854026542792335
2018-01-30,0.08303325703623862,-0.019177086893143007,0.0021762072866307524,-0.04135176638761058,0.021499724062403157,0.00550841781468018,4.307373802043344e-05,-0.013047676818205583,0.008646495966625808,-0.01314462352965855
2018-01-31,-0.006531725100447244,-0.055431176687786216,0.019810107437965702,-0.03690180662532747,0.014569154131459755,-0.019869642017953038,0.035830156705703574,0.02674597362536783,0.014981838415345622,0.014050876432873134
2018-02-01,0.01569908058232337,0.030445319484371392,0.008896994864733589,0.0335937806341184,0.042701324965374376,0.017332348265570355,-0.001207809582502932,0.003058076690912138,-0.00524690031460044,-0.008197719818178793
2018-02-02,0.13160508501978185,-0.0010692466607523667,-0.04233314265357793,0.005647486897783128,0.00867641518320011,-0.027670194797019907,-0.008337853656772264,-0.023512298467144813,0.0015101501003714712,0.013203732125737512
2018-02-05,0.2750763145678481,-0.009415493773800326,-0.0192391063911458,-0.028007552227264254,0.01966471930937212,-0.016220625017805444,0.009597730176255717,0.007170322371821366,-0.008393113581945468,-0.0078059796832218005
2018-02-06,-0.11869377391880599,-0.06325712272889195,0.01543892375418106,0.009492861893386812,-0.01573718458717903,0.015351638415685627,-0.007335560776420862,-0.0034971712190183923,-0.03233398608970868,-0.014283917218705313
2018-02-07,0.02577535509904201,0.021701661592640212,0.000988534398028271,0.010917321891443729,-0.00524189722296659,-0.011555655746418167,-0.02150001048213226,-0.025171948819614497,-0.0017825233290887665,0.04586023075222475
2018-02-08,0.2542844829542617,0.0450298379587868,0.0011163554684265147,-0.008402727843017432,-0.0026004929955319783,0.0028534982423506694,0.014033464539232425,0.011265696859817985,-0.024502448678485066,-0.0363419238189008
2018-02-09,-0.1106678274556707,-0.037196549308313925,-0.00746410930957978,0.018058561397320143,0.000917077972713786,0.000919141905412342,0.01863861378631528,-0.003930284586776789,-0.006081182935370364,-0.025628644628751716
2018-02-12,-0.08568556286247847,-0.008453677759307198,-0.0019070586951047388,-0.0035613213372840463,-0.00042036622819118446,0.009937755807762117,0.026116388681001638,0.002749511630219392,-0.01044505516149268,0.01731841482611288
2018-02-13,-0.023748769955332136,-0.008907288222412497,-0.001570921992222127,-0.009718359764049512,-0.005232622108782725,0.0021038287953262583,-0.02165941705795317,-0.007723666639107221,0.005658559054260937,0.014918097846014352
2018-02-14,-0.08509080729947363,-0.044595716677417845,0.010486650622016388,0.042293510451601284,0.003926996698567611,-0.01170620092403721,-0.02297521828842247,-0.006130813860318969,-0.007495343129661799,-0.009376394992310851
2018-02-15,-0.10507538232457563,-0.00035580232456631263,-0.028436701229884075,0.0011560103954895763,0.0023278327848939508,0.00998181179232453,-0.0010651933269789835,-0.00279207694031922,0.0015539447624809764,0.022343219925230043
2018-02-16,-0.0061238898747372995,0.030954114264903878,-0.012643541370389687,0.010966821541987769,0.0015135534396459008,-0.0011149788070649262,-0.011217416448138454,0.005460358385265453,0.010989633685519314,0.0030681855847200473
2018-02-20,0.04731587909273831,-0.0625632651140441,0.00973276475939649,0.006632801699312833,0.01019365004113869,0.004359235562350368,0.016359798575694324,-0.012466799418612829,-0.0067381742256302675,-0.0020475272991857013
2018-02-21,0.039900582394147115,-0.007565316501224808,0.006870358550789139,0.015956420839068865,0.024937633834175552,-0.016433282351883252,0.008359946268214437,-0.0035598590299887743,-0.004200289542466451,0.008556379519050522
2018-02-22,-0.015431130498445139,0.0035708081620027823,0.003999513857948046,-0.018650891571375776,-0.0012102866632293988,0.007005575526803662,-0.009508391160877193,0.02096791634831919,0.005129588000620088,0.036339856146698546
2018-02-23,-0.11711777660422217,-0.01078434005386392,-0.0003214728607067248,0.012091541863849472,-0.010275544572310117,0.016704059518196993,0.016034860756348603,-0.006508261895712448,0.014289393018058325,-0.001419052100039453
2018-02-26,-0.09861214693172353,-0.006557170881946927,0.014500651471544277,0.021011126465045733,-0.02093469919916109,0.001943591167235245,0.0023195769832597296,-0.002013951057854668,0.005604438375412953,-0.004370899710751989
2018-02-27,0.09590021752235352,-0.024231609244725186,-0.01054947898708062,0.006317934531338001,-0.014085825124823982,0.0017372570711308604,0.023709893488516175,0.022401730951072646,-0.03506930623771049,-0.0019051827613514576
2018-02-28,0.07675665163928401,-0.017342070569622697,-0.007251305048077098,-0.017474232872297654,0.01717340338377071,-0.001966282584269257,0.005159379045209315,0.0060337182667277115,-0.008965535253450443,-0.016979250170880623
2018-03-01,0.08572229943891672,0.0237420152763735,-0.004658413019294801,-0.022065051468684968,0.002937527277974844,0.007873973666594931,0.0023342725207550975,-0.008839308407905117,0.018126745665516492,-0.02922540567106237
2018-03-02,-0.04156210347508858,-0.014566362304579505,-0.014665776835118735,0.01807942558025563,-0.012396753889158504,0.020323389492031763,0.020484364116380393,-0.007757243377540831,-0.0012130139431581089,-0.0019751373745310126
2018-03-05,-0.05797017181499678,0.01784061764339646,-0.0036571148198965256,0.0031850416788932433,0.011593673300193242,0.004490870289839112,-0.01425682627599145,0.005507987127034824,0.0013958028037971797,-0.013489114021137926
2018-03-06,-0.009882712870592027,-0.01950817864788569,0.008558526936887296,-0.008075331156044304,-0.008094829603969185,-0.01732725345283793,0.005983413756466424,0.0014712203894420063,0.0026184642222755647,-0.02643615990374378
2018-03-07,-0.0013282989897435663,-0.020631003691223584,-0.025021969126132984,0.02104004005216894,0.02948668289954349,-0.009701334989901849,0.025917427873070782,0.011312571531550627,0.0007275965142348516,0.0015839130282361167
2018-03-08,-0.032235419881497585,0.0295443824683707,-0.016540188876585066,-0.004525252500357714,0.01362835049234202,0.008590850477696846,0.005084247747394284,-0.014380029733365104,-0.002693806572252226,-0.0040136863732161635
2018-03-09,-0.11796293299644753,-0.01192963115201014,0.01629104858083847,0.02444584668688724,-0.006836399031795694,-0.017950163456127398,-0.0022464558938193133,0.01051044347083853,-0.013374997476672501,-0.008605130957283222
2018-03-12,0.005031380307054219,-0.03972333206243319,-0.0027733656738090236,-0.005573896685421096,-0.008038835922757987,0.013468320003653585,0.008132768052102859,0.004065892674655867,0.017147739621036915,0.03729967943124062
2018-03-13,0.04056215640963919,0.03507044994425149,-0.014627607265373441,0.0027214217530369344,0.004116068764301961,-0.003062506886277887,-0.003384018002998213,0.008812743440836919,-0.010879480006043394,0.001737875467229307
2018-03-14,0.0334705448248079,-0.015346067053444623,-0.013103338034863715,-0.0007115010278809968,0.007374599773980497,-0.0014255058966586482,0.0105928612771625,-0.005767462507744281,-0.0021831858110902937,-0.031490565298580894
2018-03-15,-0.009018283396510422,-0.0020308863760163764,0.012706858728749408,-0.008203877929137602,0.004156915666027432,-0.005545726858342795,-0.0022223914971956117,0.01578225466653293,-0.016399089503502367,-0.00031376201890013757
2018-03-16,0.0011700244635048456,0.010499401843116402,-0.013384870471069597,-0.004358753758345146,0.0033213587477054335,0.0023313796226460968,-0.011759575765302456,0.018367137207253862,0.0031714619979105172,-0.017361633565655416
2018-03-19,0.10663238299543656,0.02427120116957255,0.013316941953827403,-0.01416757189894606,0.01967605983112093,-0.03466483682585506,0.0022648609255859673,0.017573331007022783,-0.007385413056623909,-0.01003912192540862
2018-03-20,-0.0169091938615103,-0.020583539341577715,-0.012522489599203341,0.007106432589926391,-9.833589934474378e-05,-0.01803390204299052,-0.0009461869595040669,0.026469788693862618,0.00048453876742116965,0.011062904966512096
2018-03-21,0.025374968203412587,0.0009352975135285385,0.027337256158540612,0.008866663463200265,-0.014730467223800125,0.008612541406313184,-0.007164722095354863,0.008052401287765104,0.011214732912488154,0.012900912066593221
2018-03-22,0.170075856663183,0.009922960806933872,-0.020801883779243167,-0.049271958358087106,-0.0077127856491861595,0.005978078567859331,0.023723103060324803,0.008888281056149711,-0.00021327506685363964,-0.0023329622654569794
2018-03-23,0.1407616695845975,0.019745943066858184,0.006046558387028104,-0.01622659000992642,0.003217104956010539,-0.010297176195756822,0.004525943187330962,0.013706063003161153,0.0001935650262535787,-0.005896414228505601
2018-03-26,-0.18275004973510472,-0.049237509148588744,0.0031833118740523638,0.005500151560165264,-0.02279268574755486,0.0021550467002328937,-0.002683860032785542,0.011031248247583407,-0.017547351066750313,-0.01397026939686524
2018-03-27,0.143979292257849,0.10295232350761956,0.005167741618968987,-0.03334922567284652,-0.003492131365598126,-0.02609546373377182,0.020594019028068452,0.00940642479071997,-0.016885378198507536,-0.03799561607116688
2018-03-28,0.031301630296039024,0.07302924926685969,-0.025371107047710652,-0.00678966276158641,0.012011827156092055,0.00438871201379047,-0.014421671518349895,-0.01776449705417403,-0.026696471879261375,-0.04437858585433621
2018-03-29,-0.10861942106563889,-0.05262500014813569,0.025740257566210654,-0.006644906174990178,-0.004255519248165679,0.0057331625959346575,-0.014117415875986146,-0.0010894915334506018,0.017871641275049893,-0.009878624585581587
2018-04-02,0.16208984816489447,0.027359639877863877,0.01228847819146118,-0.007618583920822935,0.04116239347442751,-0.020948738083030945,0.010110242082536022,0.015268316584716425,-0.017970366872638803,-0.016304241154206516
2018-04-03,-0.0982516533067842,-6.989767102595728e-05,0.004629072831758387,0.008774942344410506,-0.01998433257979931,0.006504560081493201,0.011231386001693005,0.009843420973961762,0.014612808837730015,0.04652305231669546
2018-04-04,-0.08879861657796032,-0.010725220143620384,-0.021545562630700916,0.0015268038673302586,0.006703087597367711,0.0064269959591605535,-0.014507267849288194,-0.020384398942656694,0.02233909459126831,0.047759603837530355
2018-04-05,-0.043761554589989544,-0.00649267360729445,0.018793561615702503,-0.01739229173042632,0.018790932361895583,0.007625628869434272,-0.012318092282650461,0.009953015717994203,0.03725686056501637,0.03256623549792871
2018-04-06,0.15948187655791896,0.016655317104070994,-0.0014132970067520585,-0.029509098527202425,0.006851665136042146,0.008319476496200013,-0.004195636654600531,-0.0025869346968370615,0.0002878050938454547,-0.0061262884173237265
2018-04-09,-0.026160182119485575,-0.0013517078063649917,-0.010861194517374792,0.031180861697537376,-0.00490182295818598,0.0047853286006213245,0.018692117659028024,0.008666953637097654,-0.01687227262551215,-0.029376250043079
2018-04-10,-0.12237428413637434,-0.04045106194748009,0.004019614922976287,0.03835926998043187,-0.01333692538309364,0.0239763825967164,0.017414150684500515,0.004406627748752101,0.021786845931948278,0.009279607918289084
2018-04-11,0.03716127975497999,-0.006424461005357939,0.00542453625141363,-0.010105234334932937,-0.014586359573197307,0.008543588406309083,0.0027869795938892427,0.005543760296646076,-0.007015708319270969,-0.006415885485628725
2018-04-12,-0.04821328930125003,-0.028495803491234505,0.014801360068796971,0.006515679371152818,-0.006354727156900229,-0.01658842925841509,-0.0029806872705795506,0.01617570390220284,-0.030673507993339275,-0.028812114805749724
2018-04-13,0.009747098691582641,0.014461718994504463,-0.021595959050834317,-0.012987901779363637,-0.01562569411780749,0.018979449976781988,0.015635005198182114,0.012608446672462918,0.007905398444050865,0.017605675948025885
2018-04-16,-0.04443755722239989,0.014119390764512255,-0.006800340868920033,-0.011948718194417889,-0.00813767228030934,-0.005408678957533456,-0.009118683875393867,0.022170579298977793,-0.0033523475110086806,-0.03903204619102794
2018-04-17,-0.07790798047795196,-0.04590041496439514,-0.01064218421537255,0.0023771366516045236,0.0135532376790844,0.007816871913709734,-0.002152404678135277,0.013906763566373706,-0.003041904762206468,-0.028931547638201563
2018-04-18,-0.0022213218370249507,-0.017448373801035328,0.014490378713335816,0.009904845576357069,-0.002646853405566857,-0.009259572624321387,-0.01166254518241563,0.024552036343870324,0.012625434751465214,0.002951225233982281
2018-04-19,0.053398749962398157,0.0017321375442425789,0.01981281269450526,0.010098844956137323,0.05500985117519896,-0.0015337842054619873,-0.04805214082318026,0.010714922553215243,0.030023403347300543,0.006478909972826044
2018-04-20,0.06546589303638806,0.013242449275679007,0.02042637541249465,0.015987461898022033,0.021238736297807734,-0.027621915698470858,-0.014871563166266814,0.0009913604022720967,-0.011354022642411317,-0.012309319515095785
2018-04-23,0.007527671591328806,0.035340142047105796,-1.5654676361336048e-05,0.012313504704005229,0.01687605214528087,0.0024936361740130557,-0.011621611579935031,-0.0035135657833016715,0.016166632138725386,-0.025057315823711766
2018-04-24,0.0834301843094451,0.0379413921647421,0.0056054667017792015,-0.00296833434483494,-0.03646188618676545,-0.023074721864816364,-0.003962449534904789,-0.00569330764399436,0.0034841152764550436,0.0103835499052407
2018-04-25,-0.016346927405894753,0.0076725542946720895,0.01402062189782854,0.01835892485704766,-0.02310029086522387,-0.009764018584769123,-0.01899434936529663,-0.015785633201476267,0.010292749846363936,-0.020780281075266197
2018-04-26,-0.09261374793108125,-0.04117389698454182,-0.03079113534293871,0.003943429936414052,0.02004536193643113,0.02772621325137122,-0.001479795322660667,0.024594368822603713,0.002091464055673499,0.01010050051863167
2018-04-27,-0.012811370099683769,-0.003066738068454046,-0.016092548966848114,0.0036110955116588892,-0.01347917672359261,-0.008089825366860265,0.0014412430237466585,0.005058620299511402,0.011516239263627147,0.02446612818243357
2018-04-30,0.04734457816180838,-0.016745647221407412,0.004027743692217552,-0.030745842049782653,0.02001309268563056,0.005459321375413448,-0.010396499233862166,0.009768765674118468,-0.019130683354480822,0.017027619505212515
2018-05-01,-0.02071082813269945,-0.05411976962852606,0.0033442492540988965,0.021653905933242377,0.0031794257918723633,-0.0012421781877205533,0.0067026041984488026,-0.015885860157432215,0.015730017989377964,0.0015953676622833975
2018-05-02,0.05120688237129073,-0.03338037140527639,0.01386513618545428,-0.002197929345166848,0.015991930560818754,0.006740990222907574,0.001659833960180755,0.015000896582728282,0.0011367711901132897,0.01573177593380944
2018-05-03,0.0095220784177964,-0.004315091726331558,-0.005839196871189152,0.0002847711296636733,0.008104699119081704,0.008069895522333162,0.01800035380665056,0.016735804558320355,-0.024273772015064216,-0.0461808045390454
2018-05-04,-0.09814972359971015,-0.021076031214103064,0.0029733974569629467,-0.021922191165384648,-0.019742488795681343,0.0015703230033651194,0.0053169844359324024,-0.02414517260089753,0.0021069980589792396,0.018245463096736227
2018-05-07,-0.029302473101127387,-0.04787425025394805,0.021792673013240813,0.009345778258912429,0.0037861309015341914,0.006865361965841365,0.014168044412630355,-0.017194597872207663,0.005683045420316983,0.014998999783595913
2018-05-08,0.005380357625460863,-0.029640885013725634,0.023348825763145002,0.013750690633508627,-0.005005061065806257,0.002586079512067321,-0.006470988480346454,0.030633358980302634,-0.03138678289979108,0.007655805651074758
2018-05-09,-0.05485205079704671,-0.018169265952350862,0.015564292670387937,0.03314256904280547,0.004012258631784955,0.01902824863504139,0.017105144007538084,0.003442490652148047,-0.0054945523372872465,0.0011133732257549206
2018-05-10,-0.082021277716901,0.0037661588403301097,0.002938385663115691,0.009407305415502193,-0.018730916204779787,-0.0032991192110799388,0.01830473310661791,-0.011365586769483259,0.00973199829131151,-0.01740133534085019
2018-05-11,-0.02674599085747573,0.035815873352788255,-0.01587508905231208,0.025440000214371192,0.003245025258592038,-0.010055973863378455,-0.01847145775556617,0.0005882130288850062,0.016589293945789823,-0.01654175029441482
2018-05-14,-0.007823776068778557,0.009857907546777078,0.0003950120376105318,0.01882033744121442,-0.02846519322503172,-0.005751905457147011,-0.006040614385005489,-0.003385263685099108,-0.0038637634159293817,-0.015754366980345318
2018-05-15,0.06509610864294248,0.014606707901292482,0.026535393306938115,-0.018077387291762892,0.022197385467668005,0.008392883153170952,-0.0214466786805031,-0.002977659176944706,-0.020450983918744645,-0.010227647194694142
2018-05-16,-0.034764283723299705,-0.0015442306555193898,0.0016626679947505162,-0.0015853318704044958,-0.018486000007820115,-0.005134758560076011,-0.013592622329810322,-0.014577247530449807,0.008612369897115548,0.006888748122554366
2018-05-17,0.015855442417310347,0.012085793713818217,-0.0029873793040523155,0.002759154311563591,-0.004700828110024499,0.0009967602011365236,0.015288444255270109,0.0013857771580957714,0.0010774483230692326,0.004385160651756294
2018-05-18,0.006270361176881812,0.010396562348561714,-0.016451517502808335,0.013944078498057608,0.012082808546395648,-0.02674802538392968,0.0007886718027604401,0.000316742488583182,-0.0018155422713151783,-0.0165820679894227
2018-05-21,-0.05057321843420892,0.00034189919666496654,0.012248361614113187,-0.018173625666525754,-0.006848804294164083,-0.004414051848943611,0.0015972699814912376,0.020565833148743048,0.005789905555764198,0.013338069889975285
2018-05-22,0.023674103445474524,0.008244656736242915,0.003271455653963613,0.00948713055700081,0.005642170468937992,0.0024166136791491963,0.007219360203662286,-0.021004088620440276,-0.007140067219282833,-0.020031577654046468
2018-05-23,-0.04054979134124376,-0.023191864850432283,-0.006897257138937803,0.004533668909155455,0.0011474129830037066,0.01824802665046086,0.023365581084893634,0.006671321348574143,-0.010209874687698808,0.010711842574363467
2018-05-24,0.015171453926327657,-0.015826807964042705,-0.022570793388739088,-0.017066369418409843,1.6611536607993717e-05,-0.019043455533220923,0.006548674804108811,0.002076066746891051,-0.00559142482421484,0.0007907096578037462
2018-05-25,0.0029404960454066753,-0.019155323942949266,-0.016932081090165023,-0.012163284838101958,-0.016313790423872265,-0.011092938937117613,0.008135625662877793,-0.02702650368745504,-0.020476415983669075,0.007110343127955386
2018-05-29,0.0682640231921623,-0.015050806939960179,-0.027748018767120027,-0.022272893651207347,-0.012035931889428158,0.03036495868627262,0.011177446310141264,0.009431310020917948,0.011573996748818441,0.011503744805755948
2018-05-30,-0.09062911677410952,0.02030605730846963,0.015416094087345008,0.019410767068804523,-0.0027264438280472283,0.011713060100668046,-0.01779399698000522,0.023111667542387887,0.013942013073391345,0.018470812203338422
2018-05-31,0.04099959647377003,-0.037263553427532785,-0.0053080884788374045,-0.0023845750590041318,0.014655262771489276,0.022538688086540155,0.005215696666267517,-0.0010207679176266623,-0.0064877022766071085,-0.021964465072436004
2018-06-01,-0.07738777896458224,-0.031236968567869103,0.005622022464788739,0.022728099567009972,-0.009967722974791732,-0.012219741879639633,0.004511943879593748,-0.004740198440965336,-0.012306062570690262,0.0022457068745618276
2018-06-04,-0.04036581633216021,-0.019780634355213215,-0.029540681214320356,-0.010078730964119861,0.006737673708292968,-0.0016140358506065507,-0.015417675032066319,0.003640515156718386,-0.0014347194592715827,0.014322849446952123
2018-06-05,0.003085702917098822,-0.020546264270607566,0.00017831831354522468,0.005325768027030759,0.005243948012279003,-0.004292850611002726,0.005329117881810396,0.007542263726176517,-0.0046098095237365145,-0.017225879282890145
2018-06-06,-0.07132653889455345,-0.0046025860096814775,0.020283879849189113,0.017718502331738835,0.004147012575651387,-0.0008090857088670986,-0.006966363756474495,-0.02237450960472251,0.02004841564381674,0.06004047910801433
2018-06-07,0.012102632776274614,0.042135838560591436,0.016221716229570072,-0.021816022896597155,-0.025357723613250303,0.0040847196870026645,-0.01028757244048058,0.015301128184415001,-0.002034700676959766,0.008417693874762064
2018-06-08,-0.022955718293219317,0.027936831301494585,-0.008125425455488632,-0.005930266018419338,0.026671672320053214,0.001517850231132067,-0.0037309123523560548,-0.0019513452840875544,0.0069155147949564065,-0.0004374591108965283
2018-06-11,-0.006751561893487774,-0.007967394352482969,0.0017626954865319147,-0.007231191588015648,-0.0023432194179350656,0.004647509840457642,-0.005327510559711175,0.001851737462764044,0.016390706966639784,0.027716754055419013
2018-06-12,-0.019829538337830823,-0.019592666530708857,-0.009523103776850112,-0.013595867787293586,0.005507661830371265,0.0010182099374869858,0.002695366529941622,-0.005896560165368691,0.0074244780484243,0.018831549234518054
2018-06-13,0.017087582441392205,-0.015121182550764634,-0.004688321616937794,-0.0010675165422903323,0.011255154404949588,0.007261639917385613,-0.00425190090324039,-0.004763320315952009,-0.004707063292450614,0.011535247098497453
2018-06-14,-0.031545501427191695,-0.0244936767573912,-0.008000953557388337,-0.00044498147961336893,-0.003318964895762864,0.013478779428820807,0.003681519148578276,-0.03146225195913003,0.05054005284522083,0.022450294646211205
2018-06-15,-0.00797131351053934,0.027484089375940216,-0.015841949112877514,-0.011825421885616501,-0.00501907297876561,-0.00751280653710795,0.0013037449203197782,-0.021973048040310972,-0.013289323172665301,0.014077225748171437
2018-06-18,0.02636830173666346,-0.04013615273250393,0.015070390598265702,0.0016768571355563115,0.03901341314288144,0.0072725350871603285,-0.014306544539902667,0.04128536974447862,0.007439662790950973,0.023899136339329566
2018-06-19,0.033835644708414644,0.03409561033974614,-0.02282878853008045,-0.008987664711652755,-0.0028999262652133445,0.02584957025778229,-0.004062905035992777,-0.010774330959446209,0.002002021655457857,-0.04332979915023479
2018-06-20,-0.001834001000441262,-0.020517967420666382,0.0007231079953898827,0.0022814099992744604,0.0010388970075316348,0.016002589634739793,-0.0014967823467415989,-0.02459851035361286,0.02982098257848045,0.028406636599358513
2018-06-21,0.05084450253037053,0.01931842766040648,-0.01787815210460665,-0.02282287818508675,0.0013105596163237748,-0.00694351753261659,-0.017053573924748742,0.006039350459251253,-0.02016542387933006,-0.03062916218950681
2018-06-22,-0.01368252633578951,0.0516546463249094,0.006897894822410798,-0.011348819004597355,-0.005091176633094198,0.004986281794607494,0.010256256456696108,0.006746024874356132,-0.00016281702944591264,-0.04160336522118288
2018-06-25,0.09606591493404816,0.0524211035216525,-0.02151494316760112,-0.02026461340627756,-0.004836884632343248,-0.00344359827735497,-0.021388928898383574,0.007499568975971358,-0.003343000052659094,0.01870087124777427
2018-06-26,-0.012444570508905923,-0.025968480624463015,0.005492484106489085,-0.00043494161305402095,0.022012469931595745,0.00863032072559101,0.006061002082904869,0.021837898919567517,0.01009024839208324,0.017744684306005926
2018-06-27,0.06525644152935296,0.031347302650383595,0.007367976275205862,-0.010609574955179316,-0.0045779856114692334,0.010679167196594074,-0.009849808879314477,0.023891139912769185,0.024883139382327613,0.010444615066931912
2018-06-28,-0.05284479757865138,-0.01023212697422215,-0.0015203447909488928,0.008216133513395412,0.021476683051430117,0.009838131295314682,0.018162463881183574,-0.015681072262835632,0.0127996937038041,-0.009834759602168794
2018-06-29,-0.01706174406182171,0.006113638609592615,0.01777447636681579,0.002029315743125359,0.005631652279665896,-0.01637952390222203,-0.0058154765455989835,0.002458718141240304,-0.00634287282461851,-0.006122609833242055
2018-07-02,-0.018818338207968688,-0.017859363510296305,-0.0033695257125256435,0.00497415534745684,0.01663475728217018,0.006859461645710272,0.006285129644276437,-0.02584538612876206,-0.012903592885195344,-0.02549114411461863
2018-07-03,0.04553459841696584,0.05820077598118678,-0.010233032338993536,0.012852037500636689,-0.0009177156561985758,-0.002240720802802043,0.001215704593614546,0.014391198124937773,-0.018959515882261694,-0.05026654047860906
2018-07-05,-0.07038735954650294,-0.016509561403484738,-0.016238525903058097,0.004454563094553136,-0.015851779480976335,0.012969236148430395,0.018547498533641477,-0.018262948982989868,-0.013435106772838382,-0.012329114240178877
2018-07-06,-0.05079489901635453,-0.010549389436251904,-0.0108904940906326,0.01957067383911663,0.0005250789745809623,0.013621927183302102,0.0035780626155129695,-0.016726678490474885,0.00043816178646183094,-0.0031843182329410868
2018-07-09,-0.04722937765309219,-0.022344768609529594,0.02811823462262107,0.02349371526331634,0.003022090892324779,-0.011943315932309443,-0.035300798871891484,0.006208477266111613,0.00231039564975285,0.015724591832716513
2018-07-10,-0.03963998671180439,0.017447208871912593,-0.01691589990859933,-0.011470539571181807,-0.01893918770022485,0.010741923956894061,0.014131519988213407,0.013067376003382026,0.0010634268007417695,0.010478781181774605
2018-07-11,0.047049670962457615,-0.011258079616996609,-0.011226141358836782,-0.030805644386223966,0.0508117112606619,0.005021763329269813,-0.016255840526350377,-0.018390287348017193,0.006536304205216296,-0.024144019061206362
2018-07-12,-0.07072903212289515,-0.01836112982499805,-0.008038822330152686,0.02300668774015998,0.017754835001705317,0.009202130189999472,-0.011439092152656937,-0.004716639955270989,0.005961719836110233,-0.02297474349930539
2018-07-13,-0.0034216212610931156,0.009320545476827737,-0.01327445794198144,-0.007037097809862587,0.011387983195501706,0.011851418968283223,-0.025740704857050788,0.006091134015326374,0.019932654213552437,0.007543114973903401
2018-07-16,0.013209408640796522,0.006539843823561833,0.02805127464629904,-0.01321189874627335,-0.0013215512333120112,-0.010864104732800408,-0.01616037475765166,-0.024790667316968593,-0.015930746790455915,-0.020195075135281036
2018-07-17,-0.04125795934722835,-0.02293458554696386,-0.022955124115816298,-0.012136440332421264,-0.0011402799249698424,0.0022742112366791714,0.01831438503873589,0.008930939763842453,-0.004413316611888433,0.02991265722798649
2018-07-18,-0.0038930711087630907,0.0021485049426215232,0.007845993474439511,0.01302823790977581,0.008821526874810555,-0.013435448219011208,-0.003644415205178442,0.007695322204804182,-0.0065277518649243665,0.005422859444855515
2018-07-19,0.011982755570726242,-0.01328499408195378,-0.003172480931786006,-0.026237776665036995,-0.018733338027147398,-0.036026136490027755,0.009538531331870288,0.00785938259883443,0.016563723843742325,-0.01897336059703373
2018-07-20,-0.003506736283550682,0.009400653606182353,0.011935212438031055,-0.016271035144231064,0.01270621904623432,0.006584693061953555,0.004144484024092843,0.0041340649589585695,-0.02662278056481065,-0.004172932353076762
2018-07-23,-0.014812446514071795,-0.010465806721853871,0.01320108623705339,0.01744861891962892,-0.00467429732419742,-0.02237734895180851,0.001596468000772008,0.0009736834873761475,-0.022082619491779757,-0.029574364719331697
2018-07-24,-0.03914255566574879,0.036419364821809797,-0.012383377672436057,0.045464322808524735,0.011521183108111592,0.035516099762387864,-0.001678016907194141,0.019481789183558383,0.004370832768845268,-0.006201824560739035
2018-07-25,-0.08520280028714607,-0.026089868987162708,-0.006998549187577819,0.02357876624519589,0.007976125000676609,0.0020691541895796503,-0.0003370525791391024,0.009585897135723982,-0.007647088567471383,0.02244920542862665
2018-07-26,-0.0015733115576749602,0.02222560712439452,0.01616618476482229,-0.005090358086704388,-0.04203479575806483,-0.02702158078814645,0.011271348514325931,-0.017044364404223866,0.012553712715723178,-0.006276911027794097
2018-07-27,0.06273585943995134,0.04405543323626703,0.010117114756014697,-0.01864310419035289,0.008080528869248699,-0.0055718357460505605,-0.013347965928421182,-0.005059623116945118,-0.006435423935895743,-0.020477587929518124
2018-07-30,0.04608085590426306,0.07105679729622065,0.00617119214454166,0.01748781212714881,-0.04073726629877419,0.0011483986509744082,-0.005512348130192079,-0.01957109263594843,0.006253015211140858,0.0006633082623625811
2018-07-31,-0.03024580309607031,-0.0038226908509454336,-0.021479994479507748,0.006736507670427036,-0.010756581616149322,-0.007054675548348172,0.006857555564026662,-0.010012457200273365,0.007467549114488858,0.022309365153700016
2018-08-01,-0.0001068927211440664,-0.024835887153097425,-0.00906556329870725,0.013732858599927062,0.017067515353849035,0.008006810982270548,0.003116783336894116,-0.010607994699621278,0.0059335692729931494,0.014196169841482432
2018-08-02,-0.04792994622914001,-0.052044484412073946,-0.02037468644780624,-0.011510258135670727,-0.004621832190043301,0.023123414451756728,-0.008932271932549979,-0.00038319244328075913,0.023304632765520552,0.06907465193516339
2018-08-03,-0.03369047691716825,0.014984828593488026,-0.004464532568738663,-0.0011847697167758507,-0.008378967627471345,0.009595459257367312,-0.0012218379027915142,-0.01534363445917005,0.001305754754954822,-0.007926428716251342
2018-08-06,-0.024774358442620745,-0.010865643270177276,-0.011001529551355069,0.003600031887167687,0.011774047891909004,0.006280382593635628,-0.006908515454851434,-0.0021514414309599154,0.005376360737175899,-0.02165136404254668
2018-08-07,-0.02697630201599199,-0.041351739655699424,0.020708110718802797,-0.001920133397588324,-0.014819970581968045,0.001867454021029154,-0.005642561881277068,0.005166224103357395,0.033434716863921354,0.0661200545535241
2018-08-08,0.001867756046689787,-0.009738837968614156,-0.009056213677672396,0.0058488797879921025,0.006977480025458634,-0.006425805587212678,-0.011665978131160151,0.0077870693986151025,-0.018384048322458282,-0.014352960395294125
2018-08-09,0.01722901207151788,0.010797237576526827,-0.0033280409328977955,-0.0029310607589710966,0.019871222646482202,-0.0021646583817662183,0.007855429646625604,-0.012728008939983528,-0.0032656134875162423,-0.03838657451758905
2018-08-10,0.042315113389949935,0.009917833080102299,-0.008712940823280425,0.002319590520249417,0.011341294050572652,0.008890508072727387,-0.026447323792294523,0.02451840892810411,0.0008839648880692905,0.013262494837414044
2018-08-13,0.01916318775657818,-0.003284566998560393,-0.0181652038390224,0.010064010650470861,0.00228858470019067,0.009321939178078666,0.00325721993828826,-0.0065064144677821475,-1.690000692250481e-05,0.00684797141063182
2018-08-14,-0.03249667113900406,-0.0028935733710066117,-0.0013941136669654813,-0.007422147307998108,0.01175191453128238,-0.004977207957663083,-0.012151089941158256,0.0034873431830227996,-0.003648249949962205,-0.024158785147582754
2018-08-15,0.035264409031275194,0.03644151577374406,-0.025330907091843994,-0.0036801945683019913,-0.010120850417169288,-0.01084458913738314,0.004508058955767163,-0.02835681232210776,-0.016538543346461293,-0.006104071216560766
2018-08-16,-0.05329362845874195,0.047022438508848005,-0.00028669596621804763,2.9370944685731413e-05,-0.008365774441188679,-0.0011739841953616267,-0.013277081042334892,0.006307792605437898,-0.007518865362964425,-0.005526830308016953
2018-08-17,-0.0032345952672303844,0.045309718896264596,0.0023833911426252396,0.0036920660306707207,0.0021454426207818456,-0.00805288997867394,0.0015126442891976093,0.001584674782005212,-0.03368347601938249,-0.07211140427156369
2018-08-20,-0.010031917786451105,-0.00014306987872255157,0.004934547588829282,0.00041196663605159127,0.013915067215393387,-0.011554547790826146,-0.002997299032971174,0.009449679204076298,-0.0022516948153656962,0.0057878991787586
2018-08-21,-0.014440394365182836,-0.03477969776096048,0.016063327599558218,-0.001521582847587507,-0.03380886890282083,-0.013484978362615028,-0.0025620608080322077,-0.009296196235106574,0.015036165584631032,0.028064037133155462
2018-08-22,-0.005311426238988554,-0.03212294483618451,-0.006562757515727709,0.023252421190014343,0.009609825751580722,0.00619371029271349,-0.0007177058834095334,0.020733096031027427,0.003824844729897001,-0.008414088736071459
2018-08-23,0.001711735521019154,-0.01377961481936267,-0.0059044476330512305,-0.004143640864151809,0.006819675017047314,-0.005883119823447442,-0.0002925935139884515,0.00044651790610105157,-0.006643788721958221,-0.008743352932591975
2018-08-24,-0.0443735705424915,-0.027327623583783645,-0.0007449789278932987,0.007368951032954548,0.0018475306418100695,0.006746342137571598,-0.002508878374496448,-0.0014029741367052046,0.0081246984924123,-0.011554885474954292
2018-08-27,-0.04910263518671774,-0.009845064376540227,0.015986904665149144,0.014047719741239325,-0.0016084866923067058,-0.010718218123096443,0.014472536255743662,0.005046909056106445,-0.007372535861598298,-0.009899445202737793
2018-08-28,0.0007527944601132486,-0.013294518422228894,-0.003619850115392306,0.0014725490642223077,-0.011806607589936818,-0.004332396855924773,-0.0029244740376567235,0.0023998774745606845,-0.011764922016807445,-0.01230624456075741
2018-08-29,-0.03753851852574473,-0.01540967546331264,-0.015826918616289536,0.0076154620084876055,0.01727610153838145,0.005700999998730071,0.0019021479905515064,0.005433690954215317,0.00037704632913585715,-0.024854223540647168
2018-08-30,0.029903562904514625,0.003589995278849561,-0.012477627746931548,-0.003655776803131173,0.002557580676381355,0.009626573507918776,-0.009158460432453212,0.003505882672370214,0.0037566611413349348,-0.003936689268113233
2018-08-31,-0.003956014235421992,-0.014864615563225688,-0.0017506045136743828,-0.002979753543838763,-0.010915880310112763,-0.015308753386525731,-0.005158055260326486,-0.004136684355253697,-0.012099092177636654,-0.0037906956507459473
2018-09-04,0.012113721082900776,-0.01089987554638603,0.01549649417316081,-0.005171137359126683,-0.009173363254329369,-0.014148828668421277,0.004573405356803565,0.022562626727434563,-0.03622600021803251,-0.021958517760923092
2018-09-05,0.02208213703283344,0.07594440598410893,0.0058661027588962945,-0.006843207132211984,-0.04524596600872766,-0.007052707561251272,0.004858835706235031,-0.0022265271527664872,-0.006836106997737827,0.0017915747341752327
2018-09-06,0.014296481484540506,0.024391895811773995,-0.017143170891981478,-0.021167587962200352,0.02413756109184191,-0.027408601209727535,0.003089644375550373,0.0048022539641009365,-0.01069067370258892,0.007591375932920071
2018-09-07,0.00610181657374489,0.004079693207900758,-0.005148528010403477,0.017617005110473195,-0.008451754788416239,0.0031837184997547995,-0.005323348532142133,0.002994988628967615,-0.022133342602773914,-0.04238907586841339
2018-09-10,-0.043040858438133905,-0.030215954438617118,-0.004231129488625126,-0.01692575832473324,-0.02186637853796307,-0.005818644241281487,-0.0012626955914829192,-0.008729186891019123,0.010692415304704998,0.05387578717712992
2018-09-11,-0.0035420386009277645,-0.00661643694037881,0.00044822776714176617,-0.00935248630466128,0.04218894873063487,0.00595772065800683,-0.020111348418922998,0.025435567827823323,0.010961925819141034,-0.025508989568270947
2018-09-12,-0.0025754539420753866,0.023059416400969517,-0.013825346505685315,-0.0037731369524396973,0.014091736989744055,0.003617475318463086,0.019576202313207405,0.015232045507587144,0.014561648354242226,0.02419348891766794
2018-09-13,-0.04967539845353318,-0.01229114834881275,-0.019817952111384228,0.03138725065059809,-0.008005118717872437,0.002494981838132924,0.03399174971262983,-0.01657167682207031,0.007606394622179349,0.000773495531748044
2018-09-14,0.0036938052024897096,-0.017541188444237073,0.017457901714260426,0.0016483085012802055,0.0010193301786965948,0.0064513452044504555,0.01566175616840895,0.009876129698008553,-0.003973865685239704,0.010714047213581216
2018-09-17,0.04063068220684041,0.04775034883895772,0.010302558959083576,-0.0034002482923539876,-0.002994775779553228,0.007510801115177532,0.0031512653722598634,-0.007917588327721953,-0.0003272006238300125,0.005308528130550763
2018-09-18,-0.03927445325346864,-0.016030203184020556,0.016910056584715623,0.0017498965482706475,-0.007022424663367391,-0.017782659067068163,-0.005365548038123226,-0.00014920679560641255,-0.015943136579860632,-0.029231647090884126
2018-09-19,-0.00473621640553992,-0.010193595176441436,0.03051104878056533,0.0037662993337291457,-0.013637043724200399,-0.0024182172990541754,0.0011427435328542198,0.0042294864097936515,-0.0037409312268061414,0.039195219255959625
2018-09-20,-0.0627739179816478,0.01013782831602702,-0.00415249462779912,-0.000201729593811342,0.010559541335229823,0.013062069490376067,0.006286503157104906,-0.020979972134357226,-0.0067644114479234125,-0.00880885029354708
2018-09-21,-0.0071758203357153005,0.03092213192835142,0.0014381490697626008,-0.0046179867965029375,-0.008770534527118927,-0.005320847731468253,0.01075576216893385,0.01292041623193189,-0.011630488318217874,0.004086506523081802
2018-09-24,0.018151670044439197,-0.0477534376756988,-0.0025118121679574977,0.03937402638727926,0.006418606638758127,0.01573650345442006,0.006563110752913942,0.03051240273563439,0.01042856216758407,-0.004294241423277213
2018-09-25,0.0027989336971701007,-0.01818233701657069,-0.002916648383123045,0.006409615688893447,0.030380741525450738,0.0009936582255626403,-0.015416012423024289,0.013582029367657343,0.0029937363486129335,0.004473849878262041
2018-09-26,0.010320649677572308,-0.0036709288872804036,-0.017430553528298004,-0.0005981251551593331,0.013148623277059398,-5.783187706260147e-05,-0.005665243962519275,-0.007315824628673216,0.014557285916935626,0.011493121192698998
2018-09-27,-0.020960404284741576,-0.009487328970865736,-0.007930489650475665,0.004429622184029331,0.0051450607052578035,0.013275635725808756,0.005548315562896935,-0.0035155559947612114,0.009670535325980707,-0.004724489100781607
2018-09-28,-0.00389699200392802,0.011574730011747164,-0.010858543846164151,-0.0027110887458955658,-0.019209102364366747,-0.009405515071107717,0.018930401651737642,-0.0012865910241648387,-0.034919781600725064,-0.06217980224487697
2018-10-01,-0.04538394875459694,-0.022423684538632745,0.0015433406353321934,0.01128724410756892,-0.00787678639117016,0.002418964229138922,0.004536097309312502,0.021003229804699687,0.031204841128897126,0.06735435161633979
2018-10-02,0.009062413848562007,0.03179762118557232,0.009165238531749186,-0.0003159321352114284,-0.031606019888200394,0.009481909772247684,0.014080698629401403,-0.01416080328000275,0.008101144738144297,-0.019034727980043138
2018-10-03,0.012863742926886211,-0.016647109004165765,0.016546920628340716,0.022956629769382352,0.005605399435249068,0.0045827526526056985,0.0016830148883087452,-0.0028648107921750397,-0.008395708837202583,-0.013130772861394944
2018-10-04,0.0672764880293343,0.05925337459619626,0.016194201274347005,0.00208871419699044,-0.015279212737046792,0.00016541436240776605,-0.0029547158071739346,-0.007955226167712392,-0.016003702665606485,-0.025608871659197563
2018-10-05,0.051605638891994314,0.04904138311315301,-0.008965673550343271,0.012337896739316626,0.03044491164727667,-0.001745804710822446,0.014345603800729165,0.011423435033245371,-0.014770583982696067,-0.04585497772506958
2018-10-08,0.015197724082138339,0.062488739282308546,0.008423132088607716,-0.0171545535535219,-0.026675082507191496,-0.004218783725433689,-0.028258572437933407,-0.018038624018389144,-0.006693598773605272,-0.01887404557253159
2018-10-09,-0.006712646442843131,-0.007834578580145336,-0.01653329607057981,-0.0015506169142096716,-0.006101666420588175,0.019283945976861793,-0.006152138625534997,0.006992853489893856,0.03342987196177102,0.030516013593702453
2018-10-10,0.2259620840889484,0.07571183784255263,-0.008528774623415494,-0.03309037134305374,-0.009814488343220374,-0.012738350039843582,-0.009780608408391015,-0.0032519720360682926,-0.00612521359574715,0.0050024185232191406
2018-10-11,0.1311800996995272,-0.05648643116491308,-0.0044854685776119126,-0.026241142549273056,0.02675907149965642,-0.012718964388046084,-0.008389433707366925,0.000964918166339225,-0.005462599852093138,-0.014810306142797639
2018-10-12,-0.12239665411866303,-0.0575579629185786,-0.029736408465375036,0.010506543350503834,0.026037649749633244,0.002788814616590979,-0.010463134365052081,0.0017366206065987785,0.0036852856734312035,-0.0044988942250098266
2018-10-15,0.05347266990223304,0.05017509665792935,0.021250273302412175,-0.017998903535721804,-0.005448156809010639,-0.002441742565751194,0.0003568542120148555,-0.030211877737794348,0.0015827173937086772,0.013659005366036812
2018-10-16,-0.16391651732487217,-0.04824450021862674,-0.02326527436573866,0.020993953623559616,0.0069516497184028535,-0.0002453697907232306,-0.0032593604452042374,-0.005322280774143503,0.015806205682633533,0.032119909428389576
2018-10-17,0.003821437377795882,0.030829462786669842,-0.011403786069357259,0.005815633117391621,0.006788235254498234,0.02977912502345324,0.0008888629985294697,-0.02076902977644197,-0.001460677714700405,-0.014006429881273336
2018-10-18,0.10515412546562562,0.05378311320976197,0.009771161165504345,-0.029381894801420793,-0.008732732033854574,0.027358076410475596,0.005596469869208883,0.007344516206399155,-0.003724206349797538,-0.01772732634918647
2018-10-19,0.01049972976594614,0.032439328693258045,0.004945952591362627,-0.05470530983080835,0.007464724492619791,0.012684412952652381,0.0006251417258396505,0.0029316959788425944,-0.005255403812910037,-0.019808247558974555
2018-10-22,0.009148233828731926,-0.06207036704405508,-0.014390759854560477,-0.02560052509435902,-0.0018819282672286803,0.009528277786535904,0.011098380999689647,0.011612540748750734,-0.006226435470687314,-0.026920567911514218
2018-10-23,0.017043422564546176,0.0065611426754216655,-0.015068204656203801,-0.035114388100236905,-0.0023926436182042216,0.011200114861156652,0.00018068718535271236,-0.02663028749917144,0.017594668929301113,0.08270184722377805
2018-10-24,0.20263332277898405,0.09588489668330066,-0.03170444909323554,-0.08288589844815364,0.010191399555365977,-0.028260952979749846,0.02368964492180038,0.025421515065925947,-0.003750334351159744,0.011082332546125586
2018-10-25,-0.15221298397885571,-0.08778130917989635,0.003970886163770602,0.02731495910434051,0.03674263669973052,0.013888692776948926,-0.02135607425053987,0.002575786770467266,0.02762171308188828,0.03769922744897709
2018-10-26,0.11040240791100588,0.027127879003077334,0.013435574583695688,0.026629918822770455,-0.019364871324328632,-0.007576527602141734,0.017624705187640324,-0.008137853432167512,0.016330867266835282,0.04913301352627824
2018-10-29,0.045398692377590553,0.08903153804917883,-0.004389488463867016,-0.02219810284865423,-0.03627130934521605,-0.026477400071352318,-0.010956633784240815,-0.033535705796575103,0.007872580771152037,0.02070200222758334
2018-10-30,-0.113258231385992,-0.001971657816580897,0.015255936368717363,-0.010294071487174006,-0.06862773987375358,-0.003479187472090898,0.000116940766205859,-0.014042024077748395,-0.005589041221679495,-0.028010900494985613
2018-10-31,-0.07383152112638011,-0.07541947590549608,0.007285100649318108,0.01889212349123176,0.06466494671133677,0.012872353807340576,-0.0028312441147958743,0.017162977234293487,-0.0008413040507660847,-0.0002555547919572363
2018-11-01,-0.061269106144230596,-0.03696761364090078,0.008222974813658761,0.021886775279361986,-0.024376013340357043,-0.008299195932624312,0.0026454131474564126,-0.009543226630855689,-0.0014983061885299935,0.03194201012482687
2018-11-02,0.04182536690933156,0.03593259736869237,0.026992481482140607,-0.021909477167830652,0.013889123579260561,-0.006200548937476578,-0.01176853365463092,0.04230847570535498,0.01364349148031996,-0.0053020017065189455
2018-11-05,-0.04399084782800482,0.06403691153197087,-0.011548879545416568,0.00813535631064755,-0.020395370076809437,0.0024626518468648514,-0.004119555942416435,0.001171905923589349,-0.007426657742533894,-0.004884585622354583
2018-11-06,-0.02825901329541544,-0.009153812290929224,0.0077324253281795974,-0.01335733654111975,-0.007618966174963083,-0.00759829834881077,0.005736891841553706,0.0040718494507893275,-0.012684199348502134,0.001274387118062908
2018-11-07,-0.15432587619879762,-0.027326531318011785,-0.030646703020876923,0.04795145487136081,0.03194918173718182,0.009941889069841158,-0.01865994986379353,0.017626643767144682,0.011389253060527805,0.001184886927360265
2018-11-08,0.006216741090827159,0.03114598206894584,-0.008771690495144743,-0.0028494963965482894,0.009996716243220044,-0.019418352097946956,-0.0050375859717899955,-0.0005205301432910201,-0.011497154072851875,0.010384150096226733
2018-11-09,0.046826279980951846,0.05260168491032415,-0.007530684304308512,-0.008413983268845402,0.0010296163856600077,0.007368906510820567,-0.0017267221069741069,7.177866881607986e-05,0.006136549905932876,0.012742547078719444
2018-11-12,0.1518413937498168,0.0948089014681449,-0.008325940708268972,-0.007126333270086381,0.020498676861411574,0.003594754170176286,-0.0071989312722450655,-0.013790262283871441,-3.555493960902362e-05,-0.02624599135454862
2018-11-13,0.001262026507217123,-0.03706609585909049,0.0002658214034965196,-0.014425894930921966,-0.010778359945554634,-0.008745232311653162,0.004507617361018919,-0.018107045381089655,-0.011504187109705353,0.016022489270773814
2018-11-14,0.03256874481600266,0.0020387048355952767,0.005958068535134861,-0.006335217116906112,-0.00262386370763764,-0.01246737652018412,0.007569303471361602,-0.016509809663964044,0.019469574607410795,0.008365414455989527
2018-11-15,-0.09051461266672264,-0.03015612163160564,0.01393868596088301,0.04209408608923629,-0.01727602038208649,0.015491638685307008,0.041184957508637744,-0.0027028555900893187,-0.017098182618477863,-0.009183716517394228
2018-11-16,-0.022794692661178464,0.053095342067068604,-0.00529526379649458,0.01973731464997284,-0.0049191937127297854,-0.009991248252118357,0.01980319282619177,0.008546788431099683,0.010276590599829463,0.014066861744744771
2018-11-19,0.12707737793545146,0.11620698607801215,0.02899334960986196,-0.012912222506311407,-0.03139013088901501,-0.005683044578224619,-0.002507507020734853,-0.013766496533852866,0.008776342026648714,0.012633162332016595
2018-11-20,0.10490165425777502,-0.04124546889590365,-0.026195431956812124,0.033678256901317045,-0.0009769933717526777,-0.0072863806193037865,0.03792804361664209,-0.009661898835038298,-0.010189386780518821,0.0013616457525865507
2018-11-21,0.00021100480819275004,-0.04034469728445643,0.023692664465888802,-0.009826293502464922,0.02568112124066565,-0.009504188071496899,-0.015993990791665455,0.013794026479817374,0.0066581654247797,-0.039504719962626306
2018-11-23,0.03810829152406983,0.021888141563138896,-0.027988658361260087,-0.010881466855975462,-0.011101155367847991,-0.021675650923471873,-0.006941913844658814,-0.003361531007523177,-0.029849876849184026,-0.010727910174318551
2018-11-26,-0.10257741582723488,-0.06836631628435219,0.0030606392664675815,0.011321556040266209,0.019302273437588578,0.017498527774290663,0.0041878025711532055,0.0025964925003821456,0.028787427850582213,0.024134324730025344
2018-11-27,-0.0328643381378352,0.021979591659604537,-0.013544551746643476,-0.00244529682315139,-0.01374727214251652,-0.011702413954633154,-0.002367770064028468,-0.009051824711289012,0.01457338233875853,-0.025199364041925833
2018-11-28,-0.16329080139621702,-0.04159363050713921,-0.015533102900202695,0.012990854197376393,0.028593771571365695,0.002399811622312959,-0.025932889925659786,0.023486916913199075,0.005091440302041874,-0.00411303876849613
2018-11-29,0.011781054828914103,0.013643844482600136,-0.008926496685537823,0.015246120357915085,-0.008669337773239378,0.004022398205250718,-0.0013918288245793069,0.0010636088566121104,0.010306463386088044,-0.012119367770516684
2018-11-30,-0.09386620489632215,0.006851519594526007,-0.02329173588038877,0.014070967136060286,-0.010213105360395375,0.0021068705588429683,0.015195006651669557,-0.005477653307728947,-0.0025459693613951546,0.018474685195466738
2018-12-03,-0.06586971405895377,-0.06982963249240375,0.032337061360982605,0.005657527429566543,0.006200148726026586,0.005696241258244729,-0.007866869731894058,0.030265371366453533,-0.008127507513256436,0.015998253213836938
2018-12-04,0.20674521857820408,0.05308832220388746,-0.026115695343729043,-0.03075308777265009,0.014277291217934595,0.002828793017575528,0.02018144925835939,0.006772619251971013,0.005951671364777436,0.014424371727141219
2018-12-06,-0.00916980873256227,-0.021060330143388848,-0.023259600479597343,-0.007229799505979457,0.010687467217302491,0.013233239196899742,-0.01331448748839936,-0.02082770535416691,0.01949575791791151,0.007970245029518524
2018-12-07,0.16635469704869218,0.048582643384350054,0.019185564310325868,-0.024734995522506277,0.009385605330106704,0.0011209494554551445,0.013281226047401623,-0.0031135035417136263,0.005822463585417056,0.005588975209785031
2018-12-10,-0.03910873200889897,-0.049151536124193755,-0.03722898647098143,0.0031149856815159073,-0.020774237971753817,0.024866066145841047,0.02767209276469722,-0.009258491995532313,-0.007978603718629315,-0.0025839257351332563
2018-12-11,-0.010719347036924969,0.0023532670817472843,-0.022336016487457113,-0.004406701273880374,-0.015466006858727423,0.00890262129139077,0.005759158833277913,0.0071455564929922165,0.003626913754245261,0.0003938690943051335
2018-12-12,-0.03709146849423129,-0.030223976820275507,-0.008434978421868656,0.026648951765222646,0.008009737074455944,-0.0027601535117272448,0.0032878968364775454,-0.0022012044308451833,-0.021082785659335423,0.008463771633848805
2018-12-13,-0.018994631311397017,0.0007934794716155692,-0.013749908019240722,-0.007010879751361576,-0.007170884185088264,0.021794974023219123,0.02146930239427332,0.0033795108048219674,0.003036608847761642,0.018865544820240294
2018-12-14,0.14037254344359382,0.01143061686509253,0.030326794478336833,-0.02694306071456852,-0.006306572976049494,-0.015539508601734142,0.014021805086161443,-0.018186608568506582,-0.005762463166080082,-0.010181005328476394
2018-12-17,0.14892505269461223,0.01154007327195523,0.020243120340923532,0.0069125285211531365,-0.01978819737005407,-0.019244892815068682,0.008606112990437184,-0.015885683618872482,-0.018506892970060303,-0.019460663063960233
2018-12-18,-0.013207656741734132,-0.05640244531098894,-0.021746358464169006,-0.008966544011152346,0.0057811445585716536,-0.02804476793435298,-0.0036641920746851193,-0.001511739003276237,-0.020772444863369325,-0.02684554248293344
2018-12-19,0.11212902657845185,0.03510148554421756,-0.01894501736490356,0.005862895717881967,0.0276563511485083,-0.008969855806128956,-0.016952685671534108,0.017898941850374644,-0.006856372886172527,-0.009770686335311881
2018-12-20,0.11431468579844657,0.01540078258100638,-0.013113389525156385,0.024365368070572397,-0.013876645777398104,0.0017708829541963366,0.007648702665819053,-0.03982425947079527,-0.02337421795924821,-0.034172338624344996
2018-12-21,0.12901765340314922,0.05014728025918239,-0.0016640813629840822,-0.007713090549825429,-0.04675946737272692,-0.03728267474451637,0.009066288418583056,0.01009384060560398,0.008530488089088187,0.04319122698403299
2018-12-24,0.18934363535627866,-0.01196819092136038,-0.01633118487660438,0.01162959111672157,0.02691544379248172,0.009827228754927893,-0.011195739134992338,-0.014231897115258312,-0.03086700956812872,-0.042895433616193884
2018-12-26,-0.2895196269883303,-0.0463127542040126,0.009577590514151623,0.031217636920242934,-0.012680046612485176,0.021359202939292457,-0.014723922818322977,0.00321985646699412,0.03390561417504569,0.04391893858919217
2018-12-27,-0.059012972057435754,0.027980419367111525,-0.011050563015473643,0.0049030170137570155,0.006360302549551101,-0.00986105139026421,-0.002647184782489825,0.012632145251826009,-0.007939496188301977,-0.030618631911285554
2018-12-28,-0.005880947715028631,-0.010670409063061957,-0.015086372233114183,0.00952438687973746,-0.02557321924524324,0.0029023539871526533,0.00041783830913688126,-0.013175078836556248,0.021355836664364643,0.04836715684778706
2018-12-31,-0.05829865703985318,0.015143133184267889,-0.010045832268528992,0.015139846150814484,0.005633370747589652,-0.013286619858859148,-0.01265054843913797,0.00041802398657165977,-0.0005844454701016069,-0.003497092125152789
2019-01-02,0.01448717897080646,-0.02000386208601372,0.0536328619096051,-0.012899274040135468,0.00486009385140858,0.03634905434563997,-0.021171924502246423,-0.005399058507900325,-0.02494661086798578,-0.053467604076903645
2019-01-03,0.19066246785653135,0.054296791968959576,0.0071447914456575536,-0.047290924624352124,0.019064149925671167,-0.002072804106403276,-0.023255960320584603,-0.011553544245783805,0.013650291677542383,-0.022050827497807884
2019-01-04,-0.2367168279251842,-0.042247113157349435,0.0031032202633668807,0.022741067430761246,0.012708645422312504,0.01887257109340604,0.004471230010879781,-0.006186280474867557,0.013847718957866415,0.01526944731865331
2019-01-07,-0.053361896626388086,-0.047889408307667136,-0.0076294012450587876,0.0255220511368415,-0.00677712404634361,-0.005222882347137084,-0.016448013823219934,0.01356434273901509,0.01855838699875057,0.036609088968585515
2019-01-08,-0.05933188360049741,0.010524505551462265,-0.01299385360205122,-0.006340792816701276,0.023421086984988747,-0.006480469149884888,-0.006910582976905744,0.007496637847623499,0.018269217123967854,-0.018658981925037343
2019-01-09,-0.02917890078818375,-0.05581544844908272,0.017075721611326478,0.009449601152214012,-0.012498352444861723,-0.016107222772950187,0.010184779091304025,0.014465748029603195,0.0035035466836910683,-0.0008014932219995541
2019-01-10,-0.033815794164403876,-0.0026961126568354303,0.0025508141918385106,-0.00679279390632637,-0.01490044870714147,-0.015051297836654197,0.017998589563520444,-0.0002445156877435236,0.00011931693393870778,0.01918986615743807
2019-01-11,-0.0032954818904969378,0.0035955453668017,-0.010145742029618434,-0.0016043484478447648,-0.01769824102265179,0.0014172329566670826,0.01733649081698502,-0.005658564972221308,-0.007011343201295478,0.007585469600889685
2019-01-14,0.041314693146069656,0.0011000690572534812,0.036637759741150334,-0.01591727523651516,0.005109542996060104,-0.009704285148312727,-0.01657252226898802,-0.00910806342252951,-0.02333183318471296,-0.02502518666159123
2019-01-15,-0.07407435531909211,-0.011387827906873834,-0.0505234644048834,0.016640871215549104,0.023576563201549064,0.03345218020639124,-0.0036503195346584806,0.01091020769333692,0.01591885824068034,0.020756883082310322
2019-01-16,0.012570176553144125,-0.004849320236077701,0.013413599890386554,0.0055780364782910185,0.017220116350739802,-0.003151887644372227,-0.016495970402883697,0.0030038929893247443,-0.0039607530541856065,0.012179852676499075
2019-01-17,-0.05553839601767726,0.007257983286542422,-0.0038109521357528793,0.015191064273563001,-0.0013660829385059724,0.00037354195846707103,0.004862152355194881,0.003485877068994028,-0.0056915622394494506,0.006136564663351219
2019-01-18,-0.0782282201061442,0.015900346073760344,0.014958058727183005,0.00661712943901291,-0.01117402990223893,-0.02018507555256202,0.004204879691077679,0.009183641079675333,-0.0368958408542394,-0.06796074113634652
2019-01-22,0.08082011382584742,0.03952111342205416,-0.015929994153451997,-0.00887383405634531,0.012463868920413632,-0.026000310218546898,-0.00203859519901877,0.011194468511460163,-0.009954685393572341,0.0048881609546910215
2019-01-23,-0.00890757430284093,0.041238636813666074,-0.005807495270809978,-0.02665010933477832,0.021915347174342306,0.012856644665714798,-0.012617156274440045,-0.010338538428920439,-0.012594510234772231,-0.022588713177202523
2019-01-24,-0.0023473126042388185,-0.05829235255965527,0.032140839150625926,-0.011634458645927001,-0.03473726292801959,-0.023426387533413303,0.023642273914300682,0.01837169793225925,-0.010309011440464703,0.002029594689625199
2019-01-25,-0.023695821480258925,-0.048934153832522434,0.012080015482325276,-0.00048070658225183015,0.023571035825329,0.0009927201173679906,-0.0020421184827813348,0.012111911908681824,-0.014497133100168418,0.0021142993568053813
2019-01-28,0.06984226525315947,0.026594131133944435,0.012727947725208768,-0.03257797195152804,0.004336297016658134,-0.006681309642494158,-0.009699971570473913,0.008392509941408137,-0.01642153958383269,0.008200197918639724
2019-01-29,0.024209815840773044,0.0475638142547791,0.01678971626643951,0.006568773577340214,0.007119055822907488,-0.014724146179777756,-0.010372576670131832,-0.004565857645772704,-0.01144497161382943,0.017715839019647475
2019-01-30,-0.10274516342108257,-0.05968515531798391,-0.022583178039665346,0.010284428858678597,0.016453942406313034,0.007791656447302827,0.0343047200379967,0.03168009794780878,0.017256161827686606,0.01115374069789532
2019-01-31,-0.06666765951440988,0.004595265473371442,-0.03713023964976444,-0.007391951445566369,0.01402498831380944,0.030525540182504834,-0.01267136870364417,-0.00426833085170592,0.053860709315805014,-0.031028064269672116
2019-02-01,-0.01828984407265596,0.015181559966918627,0.04352431488730748,0.027595542656944014,-0.0029306770815841266,0.022136448899766698,0.031337619293203514,0.006256970736849707,-0.012241340195572247,0.006343371774781151
2019-02-04,-0.049871495135110334,-0.03713555854581158,-0.005320308894869095,-0.01769268860193268,0.008073796629840537,0.006932274175562159,0.0033159619397922046,0.004091519733461881,-0.014144067272354824,0.0027861409613064016
2019-02-05,-0.03692968058261552,-0.022611449659665356,0.002275133166563655,0.002584198246496636,-0.004066730045402626,0.006186997460582329,-0.005279101810157627,-0.0050034826409039055,0.017608569247915172,0.011412018868280522
2019-02-06,-0.004714910807687684,0.0006839953338486435,-0.002586915893370155,0.013668664567668524,-0.03895179742930448,-0.014782469227660171,0.017107815811170546,-0.007415660762808052,-0.021321463496772754,0.0011131917114687259
2019-02-07,0.06961273517319778,0.037668866187617916,0.0029697948550306305,-0.03753134762620075,0.012955781461403384,-0.0064451084922114215,-0.0014084172125756267,0.0055220345921260005,0.007571207057934601,-0.014278008502886916
2019-02-08,-0.021352431676383184,0.007228963349285722,-0.0103696319008313,0.0030422773686383238,0.004778779445493293,0.008654235758233108,0.027256118882866748,-0.006813032043316758,-0.00675529296714581,-0.009899487126887872
2019-02-11,-0.002325328584847961,-0.013736133788265877,-0.0005072285186775789,-0.008765806491215103,-0.006133026144829448,-0.014837650266870757,0.0032879795065165005,0.016126241787410473,-0.0014494684996145214,0.014938028762832041
2019-02-12,-0.08601920551090082,-0.0049351363108024755,0.005942143524295198,0.014423725374042809,-0.015864274825985968,-0.000752705329246688,-0.0004969325266669512,0.011517336974267375,-0.0005860654601842491,-0.008433951479849471
2019-02-13,-0.02240939976744916,0.015113836845543441,0.012452740867651945,0.005081726295084362,-0.009990631969087092,0.0005243610561033998,-0.00799210830887159,-0.0013348177347597223,-0.009676456076631786,0.0002056897737669726
2019-02-14,0.008605158166412365,-0.009053283850879362,0.002010045347527364,0.00999725904175111,-0.011494047789712834,0.006827146814115889,-0.011003661180742575,0.00010330828365910222,-0.009664626772398436,-0.014318521455741194
2019-02-15,-0.07477894825581922,0.034570859113096604,0.013672010088621045,0.004432891470894221,-0.00953197766633579,-0.00988332162700769,-0.0037580237882773528,0.0008440907544723439,8.965848726406153e-05,0.014987354658977594
2019-02-19,-0.0013214442261186424,-0.00025278369124413536,0.0018077316842636958,-0.01781255943144374,-0.005292028617600412,0.005991776223795567,-0.01640311597460566,0.013215669531076805,0.002800828493859943,-0.010635886884215856
2019-02-20,-0.010911670142346922,0.005900634760466388,0.013096117917329403,0.0042598057974411385,-0.0020129693982555096,-0.004732838517479248,0.026962181982939672,-0.008316357530050639,0.0008210197607514467,-0.006960758933765827
2019-02-21,0.021060533396657016,0.014866000995967625,-0.008303725492816282,-0.028085688447936935,0.009557187134702197,-0.005669935300438264,0.009930233466724033,-0.00926440434040075,-0.008095722806063965,-0.0417325586378932
2019-02-22,-0.05119610699486428,-0.0057745541819462275,-0.015598217121343926,0.013609079516541504,0.004339381795361133,0.01667481858652258,0.00845320629342374,-0.004263911261704471,0.013077091959424251,-0.00048556524299106415
2019-02-25,-0.020350476236182247,-0.015286810091467106,0.00059266537471877,0.01784959028904806,-0.007745370859454466,-0.020516735447907844,0.00858579926234819,0.007710740016987503,0.007488044709289345,0.0019134987212313256
2019-02-26,-0.001451069887183381,-0.0027869561020243253,-0.004832076682922383,0.00033688513451384135,0.012797485679397078,0.004526752712532458,-0.0010706702292243681,0.003994648014786241,0.004218300667815287,-0.011362986469036183
2019-02-27,-0.0018349068522537342,-0.005682399419041688,-0.0022509750599164157,0.007144305168229672,0.007915714618080655,-0.0049118615177610216,0.015697170589825657,0.010212859982930849,0.03081628926409227,0.03421185422791267
2019-02-28,-0.00271024623969526,0.0019174984944307716,-0.016228408203372482,-0.0090867280092843,-0.0025475737997349866,0.001121933238799307,0.005152152275599781,-0.005475486619075402,0.005479700117025149,0.011811554150271228
2019-03-01,-0.047451201411265694,0.014759705366203718,-0.0007048792349401707,0.028120588297167744,0.013786839147466487,-4.995023371933343e-05,0.0033728968938423008,0.0029220244897967085,-0.012073433926885776,-0.06126226933082659
2019-03-04,0.033797805705609814,-0.006962109691388147,0.00935937700477408,-0.010996952836384194,-0.013930221724565452,0.02534745742070551,0.008914839060850104,-0.011497352488447365,-0.005227376748647489,-0.024865160651245975
2019-03-05,-0.00013501203878526916,0.007422312870273032,-0.0020527220880979637,0.0031351226914835962,0.004617008817686298,0.01862502708970686,-0.01279613733802946,0.0028395001776034016,-0.016336916748807193,-0.019532533483845003
2019-03-06,0.03265560666395155,-0.002805142803405781,0.010455657457043372,-0.02795932821023486,0.010026474385093888,-0.0008525543011182558,-0.0005770714008265447,-0.000669857449585261,-0.0029546948827145836,-0.004476184067933636
2019-03-07,0.05186386487016942,0.017790589687655768,0.0064669287470950805,-0.007472357799480018,0.004299829065138348,-0.004851946270385789,0.010093855412060374,0.007735472491551089,0.007233398970652575,-0.004437260479973294
2019-03-08,0.0045149143502746765,-0.012303645297887014,-0.01101593664514118,-0.009214626463234538,-0.005572000934010402,-0.00034689073176745255,-0.016686233345998964,0.0055103658250382805,0.007374887104100451,0.018543523614710816
2019-03-11,-0.10639954720077735,-0.03125248339362662,3.4125766144123596e-05,-0.016637479933878648,-0.005689117533435571,0.011774504782566007,0.01648378511007106,-0.001852163697884722,0.014770509267930491,0.00610029511537998
2019-03-12,-0.01956856212131177,-0.007034848824698884,-0.012363134466979205,0.001139806262006803,-0.0009734902882048479,0.00019127361135236085,-0.0006607577762763302,0.007466933274412575,-0.005491733470080548,-0.024871831996305188
2019-03-13,-0.0535517830611625,-0.007785487156527386,-0.001677447639800852,0.01241622691705879,-0.01765655485278873,0.0031349948742097076,1.6352322846135563e-05,0.007244504889100877,-0.0005180842534827498,0.015065125413433106
2019-03-14,-0.001020780411589394,0.005131797750687584,0.008265587399038482,-0.0007870343361321777,0.022714946378398302,-0.015759896937048913,-0.000726099214150901,0.0009271283551947682,0.005689346211577543,0.00222454294401945
2019-03-15,-0.03692960668068684,-0.002738155079692718,0.0029082083171568384,0.014038960399994959,-0.04398860554447556,-0.001520456406133015,0.026597867024360018,-0.0226023797385025,-0.029533660198895282,-0.03102940544019729
2019-03-18,-0.011601041193031607,0.006258489698232495,0.01223260481474421,-0.002589541863065968,-0.011676711971611915,-0.0015091196480951836,-0.01898486324472042,0.02668566552222652,-0.026453198774519196,-0.005661219017394241
2019-03-19,-0.012937615049704707,-0.022587549594071415,-0.03388204500806309,0.016250535075267965,-0.006412149612611432,0.008939162577385138,0.007171275817645443,0.014497395708165562,-0.016674214568924203,-0.0056556294584484855
2019-03-20,0.014776530575443142,-0.017318526510298336,-0.022589605909201935,-0.011066137002267756,0.013668523866932679,0.023078852350409143,0.009116630929294496,0.0014394264847721458,0.0320957596223548,0.010198258477152443
2019-03-21,-0.08346654906062237,-0.031799746559621034,-0.017040399942345977,-0.005899327147417792,-0.017093957330818095,0.0008920298251308487,0.017697841972564018,0.016306619835371357,-0.006838934971881217,-0.011996083778792726
2019-03-22,0.11848717189348203,0.04353506973262135,-0.01890836216063154,-0.0387855391400342,-9.40197433496441e-05,0.013396711401703672,0.012422586152573948,-0.0060087218493301295,-0.0011489028766886846,-0.02148868671768602
2019-03-25,0.013230136942790158,0.005116219505379638,-0.014373990089069718,0.0016723180547266996,0.017440992956419564,-0.01084704026653786,-0.008433108122109945,0.014471282235049607,-0.0004693289689257895,-0.018227694569792226
2019-03-26,-0.06395811175668141,0.004460164207989884,0.010042149081912,0.0040999972213541045,-0.011920976428322027,-0.0008454604669015342,0.010322133975602627,-0.013833452990867032,0.009009463796158917,0.015655108258726968
2019-03-27,0.034569454379855924,0.004316503181404767,0.010592468929933454,-0.01866343349375209,0.0004504705580950553,-0.012938288255761526,-0.007864469537372229,-0.013841730943231748,0.009451181707090708,0.018091414348305593
2019-03-28,-0.029967697507310247,-0.006044998177295629,0.010816379545345206,0.003509946908222673,0.012047037797219889,-0.014759009194904298,-0.009472833861650525,0.007145692106227903,-0.019157496305019377,0.015180679996250326
2019-03-29,-0.047859939866696906,-0.00537042100248578,-0.015141029913441482,0.0057715988930330964,-0.005594366509127979,-0.0052479012457770586,0.00905326305933105,0.012993706269863741,-0.005030150884095618,0.0003442462341218403
2019-04-01,-0.06871904138525256,-0.04080226082884191,0.04183288902315818,0.0027708587994523123,-0.009313049282859226,-0.0037721972926584397,-0.015096412185544854,-0.0013868901380269779,-0.0006956410358669365,0.010561439020690625
2019-04-02,0.007151065118725128,-0.014988028994549214,-0.007390615807096864,0.016841817861394735,0.005462721197132545,0.016684518546588038,0.011147549469709854,-0.011373629538297443,-0.002635268629336314,-0.009781595165007666
2019-04-03,-0.02237051477433414,-0.031115456087987655,0.0007916294817969385,-0.0017504473243628287,-0.015720492009529616,-0.016501835193104084,-0.011655269597921488,-0.010333425262807899,0.005977902255174678,0.009075354206358665
2019-04-04,0.006904052185211667,0.020854230262171255,0.028601399315340153,-0.015433309505660978,-0.006230871739805866,-0.0015084894526286498,-0.014356318142113106,-0.004779146975040126,-0.018303789099106262,-0.0539603037970542
2019-04-05,-0.02447366310837021,-0.004480602641289773,-0.006764725480905559,0.004310963530112287,-0.01115618620035329,0.0017149193864216513,-0.005157769486475643,0.011991253478575251,0.013296752008409999,0.020443020056762875
2019-04-08,-0.01141236896364587,-0.0004427752188559382,-0.000144023210113499,0.00044873522012638947,-0.008029761973241388,0.003188889121093756,-0.0019818519401329235,0.0013399198776341478,-0.0027015304213307903,-0.006471316978408291
2019-04-09,0.028597963013461427,-0.0019503589105933639,-0.012366800559347479,-0.018099452708756285,0.01646857766519172,0.004672222982610002,0.008428593534282689,-0.010432191856288048,0.007687789975649919,-0.008803007837987334
2019-04-10,-0.018172570553895092,-0.021613592450061957,-0.008499101268429876,0.000687077055465109,0.0010676996146486365,0.005705916672067189,-0.00448986865682757,0.00015172545345497275,0.0010989044588401906,-0.0005678973135492954
2019-04-11,0.011717521121734435,-0.0010384070579133342,0.01690993465151265,-0.019543848438885146,0.0003744430508215998,-0.012460841179567247,0.006787265043062468,0.005803114780507936,-0.0021972568127309445,-0.022358411927547846
2019-04-12,-0.03391393675138956,-0.021626603590117817,0.011199258179607137,-0.036396985587888626,0.0008714279737199824,-0.028236606348662457,0.0005012479848562577,-0.044342245439213564,-0.017735182637173882,-0.007282349272382417
2019-04-15,-0.007635125842529261,0.01909501590549316,-0.008891694073379012,-0.009853837863865544,0.010828851540861172,0.015352154865761176,-0.02373576871253831,-0.009448240455455392,0.00018505979711159538,0.0021678467022088928
2019-04-16,-0.0001785966681029363,-0.034584716784879926,0.046197187300552944,-0.030046179359353754,-0.03391921857375128,0.017169635195780207,0.008691625647452302,-0.01844822366840044,-0.008145468734923403,0.015436731647633505
2019-04-17,0.006326013284469044,-0.031537621678453205,0.047182204548684444,-0.06347855771737552,-0.026039080920903217,0.014766019627493444,0.00278186152337359,-0.03300621050816985,-0.02391353759501537,0.0009829600063909801
2019-04-18,-0.018144724779967508,-0.004575341503248671,0.012699112864187598,-0.014632918905393167,0.008346796369587612,-0.033095526794776155,0.006782023066711487,0.018364323209374388,-0.0065889227007514765,0.007011253419848097
2019-04-22,-0.010050753236258843,-0.005855669634905094,0.004776065151907829,0.01969434172491013,0.006751777282820278,0.021209688619094773,0.014639335528770267,0.0226653291526524,0.0003730645207359687,-0.03885303510157689
2019-04-23,-0.06483362613963116,-0.023583752620109408,-0.0097038062951823,0.02442782405127773,-0.000979368167110096,0.006536798181254362,0.00276959797707605,0.0040639778155626485,-0.009647661479134803,0.01152108607692032
2019-04-24,0.005292101735620826,0.0009818365515898706,-0.012011721890443097,-0.015692263903153432,-0.004907064491558716,-0.030772722636655418,-0.005288192336393834,-0.01352050082662035,-0.02254176818006718,-0.011474534006930496
2019-04-25,-0.0056001866691952045,0.004291965034220031,-0.02644577074757342,0.03613203687017064,0.056018249902770635,0.008608182336547556,-0.008776479427346974,-0.004134719566771747,0.012489365726944899,-0.03046916887200582
2019-04-26,-0.01360311960777313,0.03369815744500238,-0.013716695348692232,0.0057739593580301935,0.05755103096785614,-0.013072122797856724,0.003582411521219553,-0.00752615268337941,-0.01210656662201405,-0.03313315528920357
2019-04-29,-0.014522907129778691,-0.008398975799642069,0.005749557482011546,0.0040009139745404345,0.012631508655837478,0.0063165482130919165,-0.005167998321321439,-0.0056593798459464535,0.01049410755923808,0.022553459043975724
2019-04-30,-0.020326952449753428,0.029496889187295625,-0.0002742581001331495,-0.01915224662885328,-0.009079841005686927,-0.018344909467537668,0.02410810850379354,0.025659643856945785,-0.012456896781795136,-0.008256421824549769
2019-05-01,0.0609088898978008,-0.004475180766894429,-0.011145504328390671,0.016700415115054282,-0.01080471056392103,0.005078698218910657,0.01265547960992906,-0.016942282622362265,-0.009026857584810708,-0.003919572332323047
2019-05-02,0.011235552025129915,-0.005011140928346149,-0.017291544894959522,0.007663974678780412,-0.021029454581458433,-0.022450421787090943,-0.0014499618168138451,-0.0015677945572731646,0.006475098877736166,0.03503576446539588
2019-05-03,-0.06092627793716575,-0.01834777119950862,0.0011563577043192787,-0.002579808950074968,-0.003670418015042714,0.01356695251649889,-0.0015111155768574545,-0.014286637901985123,0.019917145887718705,0.031828218303951036
2019-05-06,0.028197220473023313,0.014629603735738276,-0.005597124248106612,0.01078693632796217,0.015511749899319046,0.006917225312831162,-0.010973439170414628,0.010556900947031704,0.00029662270714842984,0.0022056103907814257
2019-05-07,0.12298710003381812,0.021577992267173603,0.007336094026115043,-0.017338792496971078,0.008795313836092939,0.010723593133957675,0.0032061427288494673,0.003610868084727956,-0.003902870042496177,-0.020436513161714284
2019-05-08,0.00993752801171562,0.007213534944780466,0.00030899210231178113,0.0038949065064806682,0.022013453259809544,-0.004102631142953657,-0.011136370689924254,0.007499700813213978,-0.00663549424538053,-0.0009766058272583774
2019-05-09,0.0216275183691194,0.020782413867838287,0.011198613463595951,0.0010867980711569648,0.01670147322523965,0.002621199351077795,-0.013580177463876669,0.02001763230272388,0.005822167312949779,-0.005641856906641296
2019-05-10,-0.03358926821433506,0.015489832529476822,-0.0023839448901097266,-0.029145700020745152,0.0017156966074732929,0.004709256521179752,-0.003129460902010351,0.015238021189504748,-0.0073420671968659435,-0.007672461905286102
2019-05-13,0.1630795783397612,0.06858938841661068,-0.00823923734226786,-0.022912663457339333,0.017288860001954277,-0.012291242528113765,0.01004583694271063,0.00818796537830531,0.0015544317050600932,-0.02512905049098323
2019-05-14,-0.06824480022867843,-0.030567801154163965,0.009934154756010451,0.00664670885333514,-0.008550218627541817,-0.00826802947523149,0.014565592827211416,-0.00026830368275098765,-0.000923674888500727,0.013053280072209959
2019-05-15,-0.04411036807796958,-0.007247373000693335,-0.01268674326789305,-0.007047286930059196,0.012579733056690067,0.030307263969642947,0.004235675604412618,-0.007648384249500683,-0.003632816815173048,-0.011511378520177432
2019-05-16,-0.0527243297059968,0.021225347121630316,-0.019552215657074556,0.001797881514334266,0.043783293315543474,0.002691914783285737,-0.023635326564283916,0.009785048927813862,0.0011512725573785537,-0.02547484911496837
2019-05-17,0.04620461442971381,0.051842611415986034,0.0012158057883401305,-0.010487797124845124,0.013566735228585012,-0.004571199271800645,-0.011700325416209358,-0.0057997767911431575,-0.015482040499948366,-0.05627880566825926
2019-05-20,0.060331888740101126,0.05913083526545418,-0.0043011839580375435,0.003114313675026208,0.0472976341846989,-0.012360654111906929,-0.029610833558176522,0.033687511867455895,0.008615158706010519,-0.019466908661982474
2019-05-21,-0.04780441798825918,-0.014276561598040948,0.012793377347250317,0.025960212489674478,-0.014578859344748712,-0.0007900453430182059,0.0004798513445690106,-0.013125969145104655,-0.003740665316500643,0.0004104545890076999
2019-05-22,0.01353293315128399,0.04447966759106032,-0.04055950355181937,0.007662917664339978,0.05091439211732727,-0.004779174503041132,-0.005201762140835235,0.018308592437037603,-0.008642465465600206,-0.04057208748237031
2019-05-23,0.07598639607974167,0.032050432089073155,-0.032095805273318644,-0.016018566806414673,-0.014345934966481897,-0.020030105126515294,0.003596578621328706,-0.016520371297356236,0.01618873471035123,0.01987355027106881
2019-05-24,0.006419775970412131,0.013953447588135737,0.009634243747516242,0.0021660860450022574,0.025057343902872963,-0.014145436224649874,-0.016569057418727818,0.018631401967274964,0.0011696317186526636,-0.02607093058337431
2019-05-28,0.0628203908233017,-0.04187376641664812,-0.0008017650142852859,-0.013078157445642986,0.03624977111572812,0.010344146638838751,-0.017094233809510303,0.0043843121814099,-0.0003405620905030294,-0.012433106262325805
2019-05-29,0.04349803051899961,-0.0026337854340023367,0.007165872815313765,0.005887782684278542,-0.017973891899664172,-0.009250821760566083,0.015332711149435,-0.006676462290618752,-0.014156300133191128,0.008382369872200176
2019-05-30,-0.024266699890351993,-0.010814471793135813,-0.022533940501842493,0.0011445764151462822,-0.002922950233871627,-0.020657008668870644,0.00968302386463802,0.006131252853522476,-0.017515379062470124,-0.0023881802019268617
2019-05-31,0.09242456650887694,0.008579633619897368,-0.00961961444119858,0.004145346398536649,0.0058976691043881105,-0.018344039424350502,0.0057798475995326885,0.010357346763065128,-0.012900035362820222,0.011924794095736633
2019-06-03,0.03688229824364775,0.10224448896385126,0.027302340740527436,-0.0063522099684404955,-0.06471242073780784,-0.019308214956994852,0.010893507276445204,-0.009176307103682604,-0.005557508238105781,-0.0054934829488052445
2019-06-04,-0.15336199533356076,-0.06891539915177952,0.02133670232418259,0.014148181933625693,-0.023539978580487432,-0.00038987369230484686,-0.0079700370362927,-0.003044141790902454,0.0014700184418270006,0.04558310170231894
2019-06-05,-0.06415427797132225,0.003205636165879956,-0.020034893778863753,-0.019659844246344628,0.02927391551682401,-0.02141414240364318,-0.0035797333079853823,0.02419511254863438,0.006705599140228268,0.005379466637559591
2019-06-06,-0.05079087408511346,-0.015728268697365017,0.0007001948918558137,-0.010450013936618716,-0.015507604467330162,0.02150735070548259,0.01285254471030757,0.018783148671366334,0.012971325484464929,0.025600925235730078
2019-06-07,-0.08038071766373082,-0.02226339042400931,-0.025077380921704896,0.006102950186453609,0.01081860296926768,0.013815284362100678,0.0015978865963720383,0.008317998675454196,-0.010560442365504087,-0.01412906009757113
2019-06-10,-0.020477057645590643,-0.047436699412916686,0.0066852119429964205,-0.003997842840272682,-0.039615869408303646,-0.005188762392643866,-0.003271773578877074,0.0052937105893837745,0.003483397568721144,0.013333007912771231
2019-06-11,-0.0031780091288614275,-0.004072599578073066,-0.015721925666366553,0.0015781686341897882,-0.02299963115853931,0.004542249104096908,0.005789688055650468,-0.01951124346910061,0.008373981517457581,0.011807506740665344
2019-06-12,0.012890787869626085,0.04388386896144988,-0.03370480170574195,0.0050626390007329995,0.02875159860285868,-0.009214076759782032,-0.012527950279884183,0.005738915428747411,0.0003671612555049784,-0.021504970863869276
2019-06-13,-0.027138903538216408,-0.020526924049004427,0.015190143378559826,-0.01951658237585339,-0.011706468109216404,-0.005924825562865596,-0.008028786026311227,-0.014988930849451847,0.03139822717667739,0.006630244537417084
2019-06-14,0.021112852368995436,0.0333244981605913,-0.004622349053693519,-0.013164006730303728,0.04170884569954382,-0.005818716365509032,-0.030079546985671054,-0.0025005514260208216,0.03158773244131153,0.0038754839449486357
2019-06-17,-0.01269860401281714,-0.022212917726678143,-0.01580967032315449,0.016748125134227475,-0.0019508040819734662,0.032760476099326495,-0.009577273083337895,-0.004391384562882229,0.024838788321360328,0.025779503867092553
2019-06-18,-0.06830930707091389,-0.04167063830131931,0.017397208046939276,0.023508764438332483,-0.05315276895420696,-0.0074224056247379185,0.016068461189847696,-0.002505064597926179,-0.014784772872260658,0.002778326047887768
2019-06-19,-0.02430776146745372,-0.004458169738870634,-0.02764393944372478,0.006679438727266489,0.01910248824302505,-0.0025620273344216134,0.004896714120312996,0.011306613097835344,0.007728000832927066,0.0033084592451623116
2019-06-20,-0.07404604312487519,-0.004407506108339965,0.009245516011575087,-0.010416747501954128,0.011309888680522915,0.0055632930447273255,-0.002362177772540697,0.008513388306366085,-0.026278888212263332,-0.034859645421429844
2019-06-21,0.0011284632983483947,0.01965645597337706,0.0015651207610480505,0.012824430861462927,-0.002281662367671837,0.011613637905420587,0.0015452132947114852,-0.0007975034120683365,0.021704189931684686,0.01363048085851123
2019-06-24,0.01196085122264891,-0.012664455672504545,-0.008836554277365325,-0.01753925202202039,-0.011362210855533864,0.01880398892491351,0.01733721684135338,0.0077760142656979935,-0.014156523082988866,-0.004857299138645583
2019-06-25,0.07530690315508892,0.03490276949697335,0.002125181501533134,-0.01251417910831737,-0.010213836719470373,-0.013203552416421495,0.007386099294921216,-0.0015017247479189324,-0.012980943323239328,0.004068053856402942
2019-06-26,-0.003529403473939857,-0.06732979487079367,0.028822979231839303,0.006484434394187746,-0.046476565036267486,-0.006322464132600445,0.010430836808324772,-0.0054368000052967425,-0.016225392618282222,-0.004990944537357067
2019-06-27,-0.028283874027983064,-0.011593870054202907,-0.010619723352498715,0.010483418911765971,-0.0018546393184117114,-0.01309187747958306,0.0004915981764217984,-0.00331344306766766,0.0031459635430082537,0.025084279519317552
2019-06-28,-0.032854476116411575,0.00157711818020793,0.029992713276433835,0.014284267343286191,0.010503680074243512,-0.006878923609676924,-0.0026379881490670256,-0.006846451424073308,0.002308233697303392,0.008207928410555709
2019-07-01,-0.06739308961080807,-0.02678799735447114,-0.0009295659841231993,0.017667780549980625,-0.007963905282027168,-0.0011132059505637054,0.006397449981258067,-0.009981900482041372,-0.008708593268499116,0.014025095710760466
2019-07-02,-0.02542911099608438,0.028959700328800356,-0.028738563800325048,-0.011070028312227274,0.026416954353310415,0.009071550471149086,-0.0039664667940512354,-0.012885151355358143,0.003780298756048996,-0.016992834356089843
2019-07-03,-0.05604434423451998,0.01194132768841535,-0.012653236497225141,-0.0054772755711691365,0.016635601705349376,0.0011721303117586841,-0.011276203436086533,0.003873695968100557,0.01719516948962801,0.025060786209064045
2019-07-05,0.02794497992902121,-0.011770702385910053,0.017640848660480542,-0.020481450313478287,0.010901664837405095,-0.0018563312231617561,-0.006738586390680593,0.0030889229088934362,4.607509833143574e-05,-0.013165705684025749
2019-07-08,0.03485977645452736,0.008018716898921543,0.002513265402104784,-0.027669641365936082,0.008456899989492088,-0.010813381900051846,-0.012685000635431787,0.021343424929253535,-0.003975401749386956,-0.006826735122561175
2019-07-09,-0.009804259784013685,-0.018778804695478876,0.000536529445043456,0.014431503794058897,0.013188685604890912,0.014172257143072757,-0.012158761469721667,-0.008280926474078758,-0.0038078857102022026,-0.002699621950186566
2019-07-10,-0.03998460557110118,-0.009205250064095595,-0.009307558402335497,-0.008790159195081372,0.01192953940044103,0.03670145713458301,0.0004129027542748026,0.002942043974957513,0.027751895031863278,0.007463542605990768
2019-07-11,-0.019581395728248192,-0.02211135241057798,0.02349336732251781,-0.04451210794281562,-0.0026223173986979703,-0.028360195233545674,-0.005536300454059728,0.019299886865036354,-0.00795829306075738,-0.0014308921604594006
2019-07-12,-0.033415692610098496,-0.034779385557616144,0.041213463871453845,-0.029246526728353924,-0.0286188930519746,0.00327840105015289,-0.01088851758336485,-0.017289175643157864,-0.0053989731201831825,0.019087359958701828
2019-07-15,-0.009695193736255532,-0.011087016417314216,-0.02172997173733856,-0.0036033401116446397,-0.012831775667095667,0.010009840972346862,0.004158899408759198,-0.005857259618284753,0.013301797812291866,0.022481079253259168
2019-07-16,0.033337558716939115,0.010682264006841464,-0.006253939130210584,-0.004920977552268796,-9.9732521330812e-05,0.0013864685646256805,-0.007190713205392547,-0.01255806452481427,-0.0017435950147637218,0.0011070345113521536
2019-07-17,0.0335994440600312,-0.016205148673943254,-0.03481862460461698,0.0015156219279171869,0.00010491502535177666,0.005042529081798388,0.018577094966395695,0.015159425878406317,0.011139918298008679,0.01094030406913198
2019-07-18,-0.04286580469015332,0.017525695008365955,0.0031705325820416915,0.004783344434990442,-0.0063148695401252595,-0.02767732818210824,0.022975226259359136,0.003431147602374234,-0.012428886777100138,-0.0020812896696404772
2019-07-19,0.04127480436851271,-0.010643078600323493,0.025841505912757842,-0.0003630836960984805,-0.014200973051322454,-0.001614070717492266,0.005714168114610837,0.003119922013289404,-0.000719381321769231,0.01658084521573086
2019-07-22,-0.020322284338040612,-0.045274124937521136,0.008708725817484678,0.0014381021670217763,4.4901247159176776e-08,0.0053645195877224,0.016578461594412897,0.0047914823287681175,-0.01719612571280028,-0.010042914313215369
2019-07-23,-0.031661924838034,-0.0021337105108121942,0.014751525081964445,0.006581676431645533,-0.0016549587747267589,-0.00326645682723631,0.0020935574112088684,-0.007383094392098557,-3.069303307925723e-05,0.017434955218719038
2019-07-24,-0.034155506534518806,-0.03848004993744229,0.02186085923791942,0.003890452676398907,-0.029638031713756487,-0.006882654545656573,-0.0004335306380592682,-0.017410577282470578,0.008792317185940337,-0.004183496917865956
2019-07-25,0.026551750473259705,0.04525909069754361,0.00014290686715097808,0.0015651590855859992,0.013891859081768602,-0.03008099062184959,-0.011818512879268824,-0.0014583708754518801,-0.024268282196371546,-0.06281591123708566
2019-07-26,-0.03651932257089788,0.009608924295560595,-0.004843626382264677,-0.01775422678617677,0.01395437586794304,0.006541377324793752,-0.008521790231492165,-0.014941840617667077,-0.011726585406910258,-0.001986803320502443
2019-07-29,-0.00774142278132769,0.01829578295834445,-0.0020613366472497967,0.0020090241291952026,-0.024361422088145412,-0.0038181261827865114,0.024367642277994376,0.0020457092636869795,0.011478258726122376,0.024136979806668044
2019-07-30,0.022171186654865702,0.001655284335514995,0.0029995753794236396,-0.0006005510042404873,-0.007547620794722274,0.0026313512672586723,-0.007909418737813197,0.0038308712354325836,0.0029346495641166437,0.02176799295075371
2019-07-31,0.09411396606497119,0.012413389234898684,0.0041574723344673095,0.031929933513346186,0.009350709948860015,-0.00622584343815021,-0.024125185374918378,-0.0116429632555848,-0.0001115980019686868,0.015934703109836586
2019-08-01,0.06034376617041556,0.01714224255404577,-0.04866985181196263,0.009518681325987412,0.03153515685170872,0.004124697395430781,0.000906960435251122,0.0026313926103145742,-0.00798512472166288,-0.02433642580991418
2019-08-02,0.043799547158179374,0.05762814629066662,-0.007443324925350138,0.001959906159382559,-0.0005622863600498364,0.005257869193169642,-0.0014624212012740358,-0.013423521711381305,0.0014080419595702686,0.01759153799407704
2019-08-05,0.21357400870161045,0.03654537140849195,-0.0037354693124893035,0.008663399099974064,0.009271374463324322,-0.013111539255755202,-0.001564429040840336,-0.0010731579068742243,0.021470160850067675,-0.0060715791250889155
2019-08-06,-0.09518584924460403,0.004663234192369425,-0.007075941857266079,-0.006489256722227883,0.02456134153175728,-0.008353376778181142,-0.006700882906297425,0.009160985439004154,0.001431399270765018,0.008954220186050117
2019-08-07,-0.007560995647673617,-0.013145167761454973,-0.03454879498355049,-0.02086576225497146,-0.013070153990373626,0.01814155719275873,0.018527078511103762,0.01724234434472557,-0.01620082826863213,0.0203881675416534
2019-08-08,-0.13067768754355732,-0.01402717677766255,0.01765283981492368,0.010013126947540658,0.01013910931492388,0.013920579390856705,0.004680150744256873,0.0049555557795970175,0.014756909137812434,-0.003462286136260498
2019-08-09,0.03490046856109435,0.032149319809707415,-0.015025131292959442,0.01835225805126271,0.008536153549484332,-0.004052635666567316,-0.0007128125048337926,-0.02764292633295145,-0.003620463022152536,0.009534352979524702
2019-08-12,0.07794948265439891,0.015700436919672194,-0.013870718397536872,0.005961756269742326,-0.015235951185388352,0.012245424813134986,0.008917171118502234,-0.01395192829496051,-0.003953034550707376,-0.017680870480396398
2019-08-13,-0.11649359526884367,-0.027715871965677156,-0.002782250771149148,-0.00046342361505268887,-0.022007583479165694,0.009725232130788944,0.0023015423052877284,-0.0027825915520591758,-6.321789345425951e-05,0.0068826578400214816
2019-08-14,0.19615530361127664,0.024914435664451343,-0.02424021541016914,-0.036523861158817866,-0.0007847632068205188,-0.017055130967885978,0.020208527788668152,-0.007980114096014951,-0.018246922781801574,-0.03122808843808724
2019-08-15,-0.013499681374579825,0.01594247710212649,-0.028694527419082596,-0.026474225217426973,0.021209459939039207,0.006740680831114156,-0.00779210101760378,0.009555657023410736,-0.0009352232516903979,-0.009525852742424984
2019-08-16,-0.10657802615700883,-0.019989583356561706,0.007243948789261268,0.021246252845944495,-0.026916836561980056,-0.005024670677157786,0.008478025384921027,-0.017019918993895485,-0.0035179100937538575,0.009205789448688769
2019-08-19,-0.09006237298690443,-0.021263996868773106,0.004422814872085042,0.018386742680748823,-0.027944693905779718,0.011267066577351393,0.0019035914349965339,-0.00629085528609752,0.009738233369821304,0.01440450841066439
2019-08-20,0.046661732316470354,-0.017926899783198162,0.004126221445115558,-0.004838445974094176,2.1276479354957215e-05,-0.011373436511745922,0.0014293869291561827,-0.007125669672388186,0.0012876292808891856,0.009186637931844405
2019-08-21,-0.05944379812097796,-0.008739050664231437,0.0029923748753070507,0.00519614199180338,-0.004727816023645534,0.0011202572999941642,0.005147918510708574,0.006471093399401308,-0.00858664659886017,-0.017422707474078116
2019-08-22,0.011782199350089662,0.0038778837918848363,0.006201124132204981,-0.011721125021014134,-0.0035137607810851574,0.0007310479518190556,-0.004408760517796147,-0.003529705584793222,0.0021336961053658923,0.012674468446826868
2019-08-23,0.19263693203164914,0.023736349073869414,-0.023064838809468746,-0.016570360768651878,0.03912244377139453,-0.0015765960297983868,-0.014297191045932836,0.017382487621602643,-0.00011450048006209926,-0.024753895268698298
2019-08-26,-0.08775024604596587,-0.006911670546461189,-0.016883825300972027,0.007983155898358237,0.0061160810188277985,0.005064347681230965,-0.020239684497616945,-0.01279676459884601,0.00793137574498262,0.004962195283893796
2019-08-27,0.00394237316174199,-0.004182954786946186,-0.019814033561444077,-0.016945648496246746,-0.010395976139307178,-0.015583725715223424,-0.009897184048123092,0.005036837603004859,0.0037829168590108515,-0.018579873575293806
2019-08-28,-0.04013533617475454,0.03112116203087113,0.019549471120846488,-0.0009232491153663433,-0.005309326239879931,-0.01141606636149856,-0.004158710823452451,-0.009915937850449159,0.00800557329850279,0.01667319488540688
2019-08-29,-0.09193647522084969,-0.04477773541725445,0.016226191044194264,0.004469523656858274,-0.009338306474226352,-0.02287294924145436,-0.00784872823670326,0.01307948667306917,0.0022130181091027687,0.016328720554044933
2019-08-30,-0.004726175816537416,-0.002913718226229984,0.008464569621469038,0.011395572023363769,-0.013378497338980532,-0.005456606991814974,0.0006281498155797827,-0.0028133819032943237,0.0022333020997316244,0.012250937850076919
2019-09-03,0.05660110376824163,0.03825239644564268,-0.016713119069410007,-0.02357111647447622,0.017430034753170856,0.01574471699929516,6.055584871383611e-06,0.005477995865901678,0.010633879010273371,0.005680914164842143
2019-09-04,-0.08135462614714227,-0.023736755744630158,0.021652646652092076,-0.014310044422870068,-0.0267872597561774,0.00571166953363771,0.005858344667378606,-0.02430305413039195,-0.01915621869280778,-0.026817590870247498
2019-09-05,-0.10099703630842219,-0.05880689187353078,0.02593355034677032,0.034168403862493625,-0.014373770514267177,-0.02181418911812858,-0.00516571551732844,-0.005915430595517649,0.004534788315864151,0.012668042996285826
2019-09-06,-0.005380928853941062,0.02105113969062487,0.0025961788549561608,-0.008913548653703585,-0.0158043986967673,-0.0045581629149833314,0.008077091394163407,0.004752018147691801,0.0014824737705222536,-0.002046187051439095
2019-09-09,0.030031967724684677,-0.015842791631096868,0.05425422272712771,-0.022126837765876095,-0.03222309737847126,0.005229971885670605,-0.023040209027608234,-0.007908402478533872,0.0034456569196946616,0.01451146760676798
2019-09-10,0.02096559118256096,0.005920916198517265,0.02411797618366932,0.016977562435009808,-0.05039556916276918,0.023020001998734975,-0.002811314754904178,-8.380251259332733e-05,0.014313978610063512,0.0017819009047081312
2019-09-11,-0.05771532299480764,-0.013181941781531072,-0.01328416986779131,0.017502595288930996,-0.010860938149634321,-0.0013504299426244104,0.02786966175851626,-0.007515805672455726,0.016061860402173316,0.030486383859436847
2019-09-12,-0.024623361066522624,0.001960495569219861,-0.0036870022501154127,-0.008346242861017138,0.018581020258900408,-0.005214146729356997,0.009050454497270148,-0.00405369346799856,0.013838192911008764,0.0036239273575423238
2019-09-13,0.015778828160840298,0.011710680190330508,0.018790277348089586,0.014578621759906638,0.011605645895721297,-0.015710488587295943,-0.03364739646823631,0.01187703828905516,0.002026310548486681,-0.004695728793004168
2019-09-16,0.03819160129579703,-0.003504244721049262,0.018612803274271488,0.01721819781612491,0.004218683168179573,0.00982134036328521,0.011835055721875001,0.023654637113191875,0.007684031293047848,-0.00190730172351847
2019-09-17,-0.01937343711720614,7.143345622996775e-05,-0.025927620409913442,-0.00587306082736204,-8.535964163391651e-05,0.008818868231562955,-8.428508915444848e-06,-0.00951874722569643,0.011238530415076435,0.009056070715396563
2019-09-18,-0.004633821701001132,0.010153270872040434,-0.0011351466333949518,-0.0001628214133768404,-0.0001510968442278537,-0.008357311490142558,-0.004256957211141851,0.0020974936132112714,0.0051803502743414396,6.245867495679398e-05
2019-09-19,-0.0009111861385571879,0.0009691019562924375,-0.02384211928210419,0.015437321312938554,0.016903960323571852,0.014694447493772638,0.012428134547010736,0.008182803354388831,-0.007101377644277761,0.008279460133200424
2019-09-20,0.02927937065941547,0.040728590963604094,-0.015788330962833576,0.02792818719662824,0.007466955011466626,-0.006238202862406602,-0.010066469204694551,0.00900337658180474,0.004413232503314554,-0.024165253120571776
2019-09-23,-0.0029964850986693666,-0.0026056069047518298,0.01194483607619868,-0.019850630588476713,-0.010502851473436757,0.013186404004777486,0.0036411512029507183,-0.009965545815811981,-0.015067375898053034,0.010728594034783942
2019-09-24,0.06432878957971956,0.0495632161663181,-0.007244700203228086,-0.024414070446703545,0.005798962772305818,-0.011697058627247535,0.000967342948853623,0.004926170360533058,-0.023706669653222878,-0.04027075380786812
2019-09-25,-0.04510901547637167,-0.04058321607326693,0.016655543118005586,-0.02677941827755053,-0.000791509969733829,0.0061553593713056486,0.004820664917956946,-0.015195538843984118,0.010084319538033725,0.012652993163470079
2019-09-26,0.0009930172343148224,-0.008448777940563786,-0.023877719414732147,-0.0067653590832073025,-0.0005278414698659231,-0.009098890092304735,0.014380666673839375,0.0009622485057723865,0.005322354867215097,0.05489126062602721
2019-09-27,0.031083618826220464,0.03641551465883543,0.018066851369868128,0.004054885283226405,-0.007657056448251334,-0.014615713987455122,-0.013718767337458764,-0.011318385212721825,-0.007278613787232572,0.010257446296584113
2019-09-30,-0.041672995250192794,-0.0010380334851347835,-0.020869141509175532,0.001333917956071288,-0.010068576915896892,-0.016990750221956605,0.008789261795200913,-0.0006780710560371818,-0.002387129620271004,-0.004832510319683791
2019-10-01,0.0761554312861816,-0.00930805465466848,-0.03221397545026926,-0.018426869429232603,0.011249413405832237,0.027327493650543135,0.017052650988214832,-0.018716423538168468,0.00684033183047821,0.025399312684165322
2019-10-02,0.12813045926908503,-0.015094562826786966,-0.000460470017346897,-0.016162114811834286,-0.0019804214250373274,-0.007312127646068854,-0.02217282361420231,-0.02001165684897461,-0.0015701435079667598,0.002728310710865156
2019-10-03,-0.07262502817932828,-0.011277214291865399,-0.01855741914414302,0.009779552171562565,-0.0070470610506818444,0.009675158407476507,0.018981794635959406,0.007349469879741044,-0.02536818911496208,-0.03210821052724417
2019-10-04,-0.10643552268351231,0.016978824976916933,-0.0053416984835432755,0.009981669890516165,-0.003893441814780345,-0.0027542008237861383,0.010202586472918692,-0.000959909084041909,-0.0062120450604086185,-0.009209104204157683
2019-10-07,0.029801431105877716,-0.012556485971214545,-0.0020653604092556624,0.004927930158403019,0.007160052715528804,0.00434560544515944,-0.0179986046653179,-0.010199255449940216,0.013563698560404404,0.021239378115033923
2019-10-08,0.11880387915517482,0.015878535474712945,-0.013867803767031232,-0.018440961547660676,0.015612221670323606,0.027754609658533422,-0.030529532300894332,-0.007844994095367578,0.0009430888963411521,0.023196211770879795
2019-10-09,-0.07200579331317723,-0.019982334225142367,0.0037009116421825826,-0.00797202946712672,-0.008658801823585898,-0.00027058810886683064,0.006692019606670659,0.01265181811319916,0.00378799481870118,0.008462872785809067
2019-10-10,-0.036042051936921046,-0.0004693147350859491,0.017598440253789538,0.012408318757330662,-0.014139883184618661,-0.010926921906769537,-0.0031251446581784473,0.006799185854533863,0.002914611013928565,-0.001884584787043177
2019-10-11,-0.07101025815041914,-0.02504316386549674,0.024803847458918987,0.023494144280002356,-0.017932553231891284,0.0060888912019166205,-0.00675676396746048,-0.01402856380234353,-0.00421797585140571,-0.0033116769282221133
2019-10-14,0.005200050150230917,-0.010399105667820891,0.0002997360621102941,0.00703477780686405,0.007069113646818645,0.0006615852179036627,0.002782381400132633,0.0009712237309063415,0.014892121746828623,0.033274963400752124
2019-10-15,-0.07079296801065234,-0.030154699090036534,0.008767414999430092,0.0363778923068192,-0.011429088863234176,0.00545637472823921,-0.00632461642597097,-0.013849552365554806,-0.0010454050868704814,-0.004890566798299349
2019-10-16,0.019684211381600068,0.01574994094789161,-0.0011219039113917451,-0.0234204696380154,-0.0022431333679924946,-0.007006251912429398,-0.0032458040562442537,-0.019408092887409047,0.0019772646085910893,0.010327004835489373
2019-10-17,-0.02392391435966895,0.014102317350661734,0.0036632953870935022,0.0031453269304731824,-0.005424556440859148,-0.006612556229744094,-0.010226447633524321,-0.00729673110446414,0.011219747065298658,0.018003507016967277
2019-10-18,0.03163190211056234,0.041800436903795125,-0.010153174135941155,-0.0008530475110325478,-0.0011138898505653032,-0.013016383403780791,0.0038632392421654393,-0.0007045819307615822,-3.077868644593444e-05,0.004080598687593299
2019-10-21,-0.05087931138366458,-0.012958806169505706,0.03238413425088713,0.004310349093285608,-0.013147110469338051,0.007442071738468267,0.008502996021055882,-0.0007998176302725583,-0.014207875180404755,-0.013837655796983466
2019-10-22,0.0344605224091953,0.04387197281864419,0.01673269397321951,0.009766333599689734,-0.03667554251000042,0.00018736435010890235,-0.014158294414801957,-0.0032120334772435337,0.02096780831670715,0.025672815398686
2019-10-23,0.0014402920155577304,0.014675933365478618,-0.018610188808700436,0.006108652659156072,0.042451837956166805,0.0024380930408652523,0.012669509850272015,0.021320350820152614,0.018304327379128838,-0.011680511120992323
2019-10-24,-0.025418880911146375,-0.05588530788652022,0.002037750364067581,-0.015560300149114305,0.015789476898597988,0.02458684644794681,0.013747089915063118,0.006985422156038394,0.006395591912896366,0.0775557469166165
2019-10-25,-0.04994888410306072,-0.050740565521449676,0.015708236213867893,0.022901911474798028,-0.044832140338388345,0.011090753928986934,0.012669259190248,-0.02226956913906014,0.025670380019634145,0.05345587281080311
2019-10-28,-0.04233577021958151,-0.02476603312702767,-0.020407390024233463,0.031263479596741174,0.003049247410227287,0.010421716812467334,-0.0078038376982761705,-0.0034590053861493822,-0.011818982806352962,-0.005452569352093148
2019-10-29,0.021018956526744615,0.03747420172911924,-0.0039403126005531225,0.028413076324626557,0.011872775791007867,-0.015205676099359026,0.007438419078782086,-0.0034312802316045065,-0.014812112255863853,-0.026737491091027268
2019-10-30,-0.040627457790200966,0.012575527816638721,-0.041012190368841885,0.004701578568185216,0.019382638222911537,-0.006025215642818869,-0.0048723718056419285,0.006172765363968919,-0.011393761333522892,0.007903880985755094
2019-10-31,0.011557763554993555,0.0022966658865482045,-0.015162507382642717,0.004326208841582771,0.0042150718904344995,0.021211313537734575,0.012962837071856857,-0.011580980406753667,0.007920115868610524,0.007226346345269086
2019-11-01,-0.051299378155256696,-0.019576587551634512,0.04945136210858418,0.009286156036254791,-0.010662664406486522,-0.0032386704293231147,-0.008656174327247976,-0.00977966173867505,-0.00430685669186191,-0.0054241469711392935
2019-11-04,-0.021187717405080082,-0.043779196285401924,0.06339308828518699,0.02913595083611034,-0.05124086355985496,0.019033958296580358,-0.0019785730887842763,0.0231818539169453,-0.0005262966617119296,-0.0003822926030214157
2019-11-05,0.005591328422958944,-0.014808142528889337,0.019821181488079168,-0.010129602379910748,-0.016066343881288463,0.019692393986731175,-0.010311640051611832,0.002013200186797499,-0.012243875301617453,0.0018368337600746128
2019-11-06,-0.016966509247493274,0.01367485540522645,-0.025655561128249234,0.0011580517584100073,0.0004930858144069516,-0.015879918266265936,-0.007336851050829509,-0.010792931529508738,-0.003064354654701577,0.022229421485061147
2019-11-07,-0.03253448015860424,-0.022487768612264362,0.028928642448901688,0.0174314454195604,-0.01811672048980527,0.005261010137678668,-0.015536331647173563,-0.0009241465446632168,0.012981954495596425,0.011183700587025282
2019-11-08,-0.033915133875987866,-0.007931379026639766,-0.007799578839681065,0.024669978611878925,0.0009787833006194208,-0.000995316670994412,0.008206560594821182,-0.03822961686800058,-0.007391072988989799,0.006745120810069585
2019-11-11,0.019032332218977172,-0.002346502511266223,0.0008372246664158982,-9.18149974059212e-05,0.012620113486521018,0.00021917424086753857,0.001010348458291718,-0.0018265788467187142,0.010519515572779877,0.019566696467920038
2019-11-12,-0.020229165781025772,-0.011734629812331114,-0.013632187060331787,0.007474917308617152,0.00933605680948739,-0.0003811966372108241,0.0008840094283042681,-0.006103939390862978,0.006542218033214589,0.009363898509270826
2019-11-13,-0.019526740523308835,0.01954421077634621,-0.011639946162572226,-0.02760010485129897,0.010670127892530155,-0.013926171305698381,-0.00038560178447887326,0.005693487391679372,0.01638027347753554,-0.003912961842830265
2019-11-14,0.004736024519916833,-0.005044174653857768,-0.006049801964779107,-0.002653265362888049,0.013607182189806775,-0.00405444909703368,-0.008698827053682554,0.002086768746025344,0.011286786424119432,0.01371803170693955
2019-11-15,-0.046701187683340355,0.01660917740351324,-0.0172346692828196,0.032620623145328924,0.008387705074056694,-0.021296787684360375,0.020598022469855093,0.02368392097488135,-0.0005094626710413687,0.01039698494236639
2019-11-18,-0.003302898004692642,-0.012725966492491799,-0.0018349059180145007,-0.024578472430123236,-0.0005630505845776368,0.012484289630313219,-0.018556906340503523,-0.02058077001098137,-0.011034260200008719,0.0007716451129381927
2019-11-19,-0.003496458350474673,-0.009674326994714051,-0.019112218204603917,0.015599939962397377,0.026038708559800876,-0.00603490333999496,0.015073406366988786,-0.0015027415183784699,0.0029351668217564267,0.011983036308496026
2019-11-20,0.03637704986454809,0.01685063413696732,-0.01576375488913836,0.00038815034405269294,0.016560325602359316,0.012028142081356925,0.011851916255306936,0.020800982319193702,0.0012025995959254814,-0.014307078124887932
2019-11-21,0.005255905621462288,0.008131305340881561,0.016305669659323216,0.013752018541483023,-0.01611603955314083,0.014966139736440712,-0.0026631920933314675,0.00673621281223104,0.012579185269581248,0.0030646541729823056
2019-11-22,-0.004115871166426121,0.012938574206543794,0.0039138479937753,0.009984261648690611,0.007466139988297257,-0.014177576126501314,-0.008556352229806396,-0.008578895344922058,-0.01996636042366809,-0.04774025772034957
2019-11-25,-0.04711832445062321,-0.03310962206200335,-0.01321089140245888,0.025250314399796796,-0.01299008334782972,-0.002740617403244925,0.01357975922093589,0.008763315168561395,-0.017092996237166865,0.0070920036523938615
2019-11-26,-0.022950529627273477,0.02265755081072801,-0.017503033103503117,-0.01449135745477621,0.02274229256352382,-0.010259001009657502,-0.0008302473953415802,0.0001758972615264013,0.0007709553668748601,-0.018262622409484872
2019-11-27,-0.02856921075946782,-0.006529572624856471,0.0023817233055987447,0.006752855322644907,0.005952965000960575,0.00239761246324886,0.001719084575385969,-0.015350269454886684,0.003011797165184236,0.009434631843137658
2019-11-29,0.022591007292293824,0.006693526323518547,-0.005487420757534681,-0.00962615285241169,0.014506812918028349,-0.0009861001208121133,-0.0012280822516484114,0.00030387241477484306,-0.00041049564453273245,-0.002893643559014538
2019-12-02,0.06034109339960961,0.02613483041853484,-0.011610411890392367,-0.003004110897280859,0.00018757262438248254,0.00582974145513665,-0.0018825090813318654,0.003452306344112032,0.014021440932746715,0.018186948279351862
2019-12-03,0.04241675278279218,0.009017464338108478,-0.030772857277088252,0.0006487582170708632,0.026899394590047174,0.01123618215254108,0.00786451605302688,0.007261362324429875,0.016436825646542814,0.0012196168930351848
2019-12-04,-0.03839432092917814,0.02361379452324,0.004322968477821805,0.015715509370648452,-0.02345310377664115,-0.004600917471103641,0.0093758408213182,-0.0014804883362071553,-0.006650644135962982,0.006073050724303316
2019-12-05,-0.012214701699186398,-0.000792688190987349,-0.0017152110531528015,0.0036373511199793425,0.011004236208269751,0.0024945064884381927,0.005681184267154128,-0.008591751837476565,-0.006231494253828235,-0.0003343085398774375
2019-12-06,-0.058319202883767456,-0.01088017517599012,0.019540726858740285,-0.0004039513018079148,-0.018151018686542692,-0.0007826726566534999,0.0014452338046617857,0.0033577965590709897,0.005065318138341233,0.009623509900170071
2019-12-09,0.011729257893597012,-0.00359572284803357,-0.005292455811697288,-0.0007420601841887262,-0.005033367543345185,0.01086462645356977,-0.003797544210652325,-0.003666032923423799,-0.003374208067739151,0.006697730764769351
2019-12-10,-0.0006754567671190164,-0.0009443618509530882,-0.008982356642643552,0.01418034078356435,-0.0059919522910194326,-0.006908182121019554,0.001283911697245213,0.010361894245783761,0.004377676893959911,0.02260782749356033
2019-12-11,-0.02511552710068449,-0.017020871992815392,-0.006336200734016248,0.001646101763975186,-0.016694178496474827,0.004595814572531336,0.027547184001658995,-0.005109445647516241,-0.013081400203599793,0.014448548563729043
2019-12-12,-0.06571698123106133,-0.0033853290483307945,0.026357874521869527,0.031803564113079524,-0.025473024916269824,0.000989344944317986,-0.0009527267949758705,9.869358432912624e-05,-0.003591955504189294,0.017192354764174075
2019-12-13,-0.005029141168638287,0.0017206393187478174,-0.017530716983820086,-0.017187359398725417,0.030388426811050168,-0.00706500048790938,0.004176577981733407,-0.00594581935409363,0.006781566894540918,-0.00011401955675495825
2019-12-16,-0.05549255060267061,-0.014444824361205743,7.82815919616471e-05,0.012673898202368618,-0.007855861439884464,0.00945276571543035,0.0004726835885111194,-0.0007685716298011371,0.03331132238534397,0.04593869956549992
2019-12-17,-0.0005117490207855285,0.002252080046848731,-0.012608281936552028,0.008381975116879964,-0.008230393636205565,-0.0001485969608169149,-0.016425782833369734,-0.006875761007165261,0.005990445896197438,0.000604511190419533
2019-12-18,0.0034929275402974165,-0.02001605052894155,-0.0089364926076876,0.012095635808792159,0.004791292015844225,0.018235601833863094,0.008682894645282546,0.006500368948074203,0.005307346955671073,0.020932537878988466
2019-12-19,-0.041340243061322154,-0.015552910039607026,-0.014967024639440822,-0.0075512164914920375,0.005155917725226047,0.0008096484353122874,0.0004513499251577086,-0.0030844133636124594,0.0027497094045330155,0.00994353663191578
2019-12-20,-0.03306248108979265,0.009186129943831726,-0.004866473813571071,0.006251701664474812,-0.011430686517172725,0.006785282998351944,0.014227590506305676,0.0038032061858035682,0.010714504575396029,-0.008067501794859317
2019-12-23,-0.004392663328731503,-0.010094424911367554,0.007315282059350558,0.016571319621814923,-0.004436511133710798,0.0018446497680183508,0.005004956051112856,0.003124273494808703,0.0043431624252572125,0.022286483853399014
2019-12-24,-0.0014442377554133117,-0.0037222228350272443,0.0026376717783473344,-0.01043359377553866,-0.003855610161051817,-0.0035139396860868785,-0.0018848039433440778,-0.005365857894605099,0.0066239236528141164,0.01322272270099939
2019-12-26,-0.03269268525816207,-0.017795761689149467,0.002237092675285994,-0.0035916446197901946,0.018255905025359877,0.012504073393616843,-0.013504794206601963,-0.005139313145937195,0.013727200865542664,0.006978674560191984
2019-12-27,-0.0034493815217902964,0.007175300817005442,-0.0051740602150927885,-0.00811252484063938,0.005037552296972271,-0.002091277189464029,0.007322452877054291,-0.004352322450560342,-0.00017084665536606938,-0.001397557555856962
2019-12-30,0.05135696837431251,0.015685324778815506,0.0003464001290316022,0.001190556394812755,-0.0030495648149094744,-0.004260937292183638,-7.313089247870171e-05,0.004776935504286154,-0.011864904533885223,-0.017468187906188294
2019-12-31,-0.018567870590826294,-0.0062034188713414335,0.00547921776311582,0.0044506812578684295,-0.00357212719289319,-0.001997684588403136,0.004425516102406954,-3.967667873995052e-05,0.0017261291368207657,0.004304498627204683
2020-01-02,-0.06648557519561543,-0.04662651809430992,0.021087108473341366,0.01393446678916709,0.016028973109268124,0.017037654921816667,-0.0003629227359434448,-0.0013449129282744419,0.002206797505840333,0.010494175547385846
2020-01-03,0.05189956552725624,0.002647868445758438,-0.0018537244610512319,-0.014720113410808653,0.012091895270120242,-0.0004998883813664344,-0.005469745227977231,0.007423623565772772,0.013800788949880594,0.02725170328260193
2020-01-06,-0.02346868401947458,-0.01709526705111477,-0.02159048833723161,0.006187098534542931,0.021983185274501837,0.019766575551652198,-1.829832993942293e-05,0.008712284219071987,0.014194631023323055,0.012660899535000988
2020-01-07,0.011062859994313825,-0.03253106731074333,-0.008033285503484108,0.002648812413956286,-0.008666703853275191,-0.006437087443015995,0.00997533357209155,-0.013322798774150922,0.017954639434042567,0.03079452277703487
2020-01-08,-0.03669875233259076,-0.010266520191729639,-0.012094506150797558,-0.009459788144421607,0.018863167284106024,-0.0015805822944015295,-0.006423969796091484,-0.01234185397066529,0.0004937294773024707,0.03536518869584743
2020-01-09,-0.044088663975589235,0.0008498211087701991,-0.019670338432157135,0.0015305175881783106,0.0033745870314410677,0.010214933156929666,-0.00216661197063698,0.004604729301662456,-0.011123367458861572,-0.010625362996347433
2020-01-10,0.020868289398288487,-0.0027973858565704082,-0.014463152423111816,0.00014090554540200316,0.016858671416491604,0.003340609602606233,0.005588064024776277,0.003848113217765409,-0.004028122370485984,-0.009159432181103358
2020-01-13,-0.057948320700774505,-0.03873662032601246,-0.004046060680131213,-0.01637987976046052,-0.0028364603182430377,0.015108591218948322,0.01577456567139711,-0.003936135826829897,0.033451830371846875,0.05351386019019139
2020-01-14,0.002658447718539994,0.013880519560007118,-0.024042763646375403,0.010847439560513343,-0.016821887643379448,-0.010875868200259233,0.003637658119812963,-0.0041398828803914664,0.009205570948904798,0.019634440219150534
2020-01-15,-0.013874935956548113,0.037062002507387455,-0.02944764543396545,-0.0004967230827134452,0.027909650645734203,0.001778805344989579,0.007076217945309529,0.007092482927020414,-0.010100315454573494,-0.023550765326154757
2020-01-16,-0.0571441484903716,-0.012053020761378208,0.009686986949429216,-0.0038552255408957513,-0.006197515049709537,-0.008999927980035507,-0.0022232452881822402,-0.0033941462181824402,-0.012250169433669182,-0.015510596982401221
2020-01-17,-0.03159819559811512,-0.014867489250838492,-0.0014483394295611068,-0.015314629975637935,-0.003238757431093535,-0.016134155647559434,0.01913025911006444,-0.013256363561031277,-0.005970308827567864,-0.005927262878611748
2020-01-21,-0.0033913669219072106,-0.017715380792351656,-0.03267021518998022,-0.016987334331562468,0.005204596469247749,0.0052409319360649746,-0.013007348475975407,0.0009325796975073756,0.024297171464331916,0.05355498984385953
2020-01-22,-0.015195306635585376,-0.010858331184743952,-0.012551896511334778,-0.010643954186828038,-0.018021697929691046,-0.0021702100877539015,0.020399895191856227,-0.006964976991976295,0.013529839382090457,0.026438031902488147
2020-01-23,0.0094100311697274,-0.023060435950265194,0.005118305194005111,-0.013762351940172668,-0.013501402102270294,-0.0011002919450555804,0.007985751077173238,0.024090633328460315,-0.028699560407267247,0.005202402440631809
2020-01-24,0.06313975897825101,-0.021129630814344862,-0.0008866649243977225,-0.038571033454785235,-0.01602047366164419,-0.010299186848076803,0.034049941141336894,0.018445660193472508,-0.002910334906168051,-0.016655295840725278
2020-01-27,0.10825642519547563,0.04457460062440001,-0.03659076616643393,-0.011267938924628055,0.02495087077368105,-0.0075722478365662154,-0.023131531309966268,0.012816058598704246,0.014529354320201955,0.006577008480442194
2020-01-28,-0.07359219406532147,-0.0384993428462886,0.003121007406009658,0.009038746740511765,-0.014979117258261395,0.0036553046976866973,0.0037847049893625206,-0.007593153248987587,-0.0031064243436233043,0.002944493610783016
2020-01-29,0.008413722999657862,-0.011444482892451669,-0.015072625785246131,0.0059213449523290345,0.023559248945060333,0.0006638204987272053,-0.002109620778287378,0.009416480230965314,-0.004757119062476244,0.029013094092691608
2020-01-30,-0.026661920524542408,-0.0012503243009509967,0.01580876409819401,-0.028889957474350084,0.01574593314857548,0.02890024103819128,0.012929486982534813,0.00620292935156751,0.01588298519317686,0.07439638925240584
2020-01-31,0.1446387966120617,-0.008371743052061639,-0.0290544155934612,-0.029637201161904755,0.033914114443418755,0.005598560398630077,-0.02012956004494121,-0.016963111017986986,0.02503955889087562,0.014279038435437662
2020-02-03,-0.06001667773682197,-0.04842427299844399,-0.020333110009379176,0.014985551543944667,0.021248019886148262,0.003895327316144982,0.004933199383399414,-0.016600503754027093,0.010144526671328584,0.07848151958203559
2020-02-04,-0.11641974765365287,-0.04140241855395296,-0.006533600145924188,0.01753098680820933,-0.015889677769297225,-0.002653841458243824,-0.01030431809160094,-0.02897087875628287,0.023957482064779493,0.06428174427579315
2020-02-05,-0.06634848158713075,0.04510398873254246,0.02131772166054416,0.04353868072272221,-0.06399448716329746,0.0022156052850095358,-0.00046893650171146207,0.016152378848268197,-0.03339116963401798,-0.06717837900852675
2020-02-06,-0.026822867661048855,-0.014802006263161787,-0.011485976540007038,-0.004958853191684719,0.005590843435033346,0.006272576595125236,0.0053337117049367545,-0.015625568974082068,0.010073569189898669,0.012002239097490586
2020-02-07,0.04021294787476467,0.01629406421016647,-0.010377007724554313,-0.01100663104015542,0.03036995592498471,0.032128362926930776,-0.018858552675010503,-0.0037514672430647824,0.011445091935436441,0.007853867983734204
2020-02-10,-0.05784352759674529,-0.03187432908157432,-0.011274758186182185,0.002662159781412553,0.011738181535626278,0.0012830946848352426,0.016703813232085196,-0.0028295212869866035,0.015637811427076924,0.015216811305048669
2020-02-11,-0.011998255119649848,-0.004354673034443191,0.012479602466761918,0.01807861697448361,-0.02971487771727884,-0.013696778198981099,0.013929514765619466,0.006597268680769662,-0.008043911127201887,0.015776269624220938
2020-02-12,-0.041614786650023286,-0.029483598836949045,0.017539018062968408,-0.0002626872459216966,-0.004009397724457244,0.0018905006169426882,-0.01674186401943976,-0.0007140332737235556,-0.0095200920954684,-0.005996844771596233
2020-02-13,0.011859050222618938,-0.005660346255619991,-0.005281984465306509,-0.042213136184460334,0.004693242783955544,-0.004005387201680718,-0.0019346881071019232,0.005965785439816376,0.02586130796079499,0.03797002257061386
2020-02-14,-0.021789474073602832,-0.015251615052735592,-0.01754865814951912,-0.006976293429907786,0.009785715074027193,-0.011849014317266348,0.009154285263299948,0.013276501530371809,-0.0021332719710834805,-0.0048144090421613096
2020-02-18,0.01755376052344899,-0.03205925368862556,-0.024311121307140537,-0.010715648033900847,0.01312998063785299,0.016827570462247747,-0.02621632385434288,0.013696728590381043,0.03278249564616778,0.043225039066327235
2020-02-19,-0.04632121204915596,-0.048869779064344504,0.01561940611677036,0.0105365507665595,-0.019214733203589268,0.006837629869678888,0.01782964590808211,-0.010520014614178046,0.008697212349462292,0.04321753951548163
2020-02-20,0.03429358514368556,0.028300341621501402,-0.00010757190335942611,-0.011718465992648521,0.0129508828975272,-0.0022397464478649317,-0.02246456772813942,-0.0035272362021277533,-0.010314624048071522,-0.011265026089242602
2020-02-21,0.06261162921458446,0.07047771019993995,-0.009554604723046074,-0.00198715323465108,0.010208896224143421,-0.004013860898269882,0.001688038757082898,-0.003983975567750113,0.001111051064368493,0.026224644893091526
2020-02-24,0.2420152418008887,0.048362636214951286,-0.0169657752256371,-0.008828880584165135,0.01492734963314357,-0.027163552996318473,-0.011237115835099964,-0.008416504797280486,-0.01887388893750859,-0.03633615898213441
2020-02-25,0.20617190439118022,0.007644595640383379,-0.03453268619743219,-0.037095968313245284,0.006254822332183544,0.013010994053393087,0.003845963398786264,-0.009763243793287331,-0.012485443236830837,-0.01994511043881319
2020-02-26,0.02495404577643329,-0.020953093932631568,-0.04193361567049731,0.0023304423828993475,-0.013790065612335705,0.004434020092798245,0.013871205976841815,-0.0004743559785221764,-0.030006166007850152,-0.014562015599487211
2020-02-27,0.28203385138630116,0.020346656368058002,-0.011016354376665117,-0.0008576511991047011,0.0250153283482463,-0.02406139027783219,-0.00598849191742247,0.0015587797051963503,-0.03827603186953768,-0.05404439497883735
2020-02-28,0.04282156514891343,-0.07914340388499055,0.02033679647593777,0.013431292439985887,-0.0016277391504348807,0.030995392807456616,0.03741034039376645,0.009790769413555462,0.005410052355845113,-0.01781503713584719
2020-03-02,-0.2503534142234663,-0.0032533115644047227,-0.01659981093822802,0.013161911634097478,-0.011609545584584127,0.02711161091891194,0.003343490580637374,0.008431776196117388,0.04034462418705817,0.06067699111844717
2020-03-03,0.1906287978089143,0.022334121526323164,-0.017535987508236706,-0.025854412211517956,-0.001667795085454019,-0.03721437481425654,0.009239292863207306,0.006659616418280266,0.006818404969872194,0.03231658186442588
2020-03-04,-0.25367660364997846,0.006313851827437198,-0.020914363059440784,0.022669020160837834,-0.026993238717567918,0.011459677122936494,0.011570690149962693,0.010053370676787613,-0.00045706337984269935,-0.0030778546465625766
2020-03-05,0.21928881852149457,0.02377254849851413,-0.044146022050207526,0.0077293418658236695,-0.012511786559809468,0.014379310661771946,-0.011479479645219412,0.005189351084764102,-0.0010751549964708935,-0.0059365474707258935
2020-03-06,0.08950638175613608,0.03519908060593276,-0.037849185883343656,0.0027617974284986253,-0.005367400742647136,-0.02284392169408698,-0.010452094125738635,-0.008101480883976152,-0.013910962094942837,-0.019176072154709397
2020-03-09,0.31445704614197056,0.04206544054768634,-0.017907147660123558,-0.024341125041325032,0.010769747163029158,-0.021762677715577685,-0.024522982878963543,0.016414318145489812,-0.03662695560774086,-0.052219580390779265
2020-03-10,-0.275262027642562,-0.050858627115850166,0.028280933128117035,0.01993031557513726,-0.013655062570027094,0.026596715469699155,-0.0002842004323370789,-0.013030199858190901,-0.009544183237978295,0.01639712181598659
2020-03-11,0.2768578185616838,0.01896812753801727,-0.01330698086917699,0.010925014415679968,0.014225164029572303,0.004785896432878072,-0.007155425633774458,0.010175942591428167,0.00047337267932776034,0.005472623317140281
2020-03-12,0.31924603842719934,0.0359419842268255,-0.013038230480571053,-0.013564429337145177,0.018898440828708524,-0.04108426660320721,-0.0026390992197325414,0.013928425382610113,-0.031681098521945186,-0.05081416310399753
2020-03-13,-0.29254591563475923,-0.018215773438075015,-0.004038591606625198,0.026912909968286155,-0.020559373058770022,0.020125231076444115,0.006823842203049137,-0.010374111312996493,-0.006468132255828356,-0.04000990257326761
2020-03-16,0.3267010356113984,0.034961289597775204,-0.010428927169302573,-0.016538111883158606,0.022261753474172016,-0.02565998146459132,-0.0037746470011886433,0.00867457025930469,-0.03650408089304803,-0.047173320386020755
2020-03-17,-0.24131931789354671,-0.024269840946791223,-0.024686604459224343,0.01799881293337076,-0.050241291348149364,0.017613604252917005,0.006824316356239335,0.00839737900372978,-0.006531964256694575,-0.05293370599991732
2020-03-18,0.20337051353285096,0.02344029240623772,-0.06929061399586393,-0.00786837242963333,0.00305180477190515,-0.033705797249311824,-0.06823671562181298,0.033704371709505784,-0.021500478256421304,-0.10297209925633438
2020-03-19,-0.060249875669508374,-0.12099948038935532,0.10868311244393446,-0.025228110480610983,0.019587568554646696,0.040834284441843983,0.0018459012866499699,-0.001969923332484872,0.03850647670800136,0.08829944375378522
2020-03-20,0.20689241995758376,-0.017435441215665322,0.002133454822487559,0.026155241595809436,0.0004978233063971147,-0.0005862494667043346,0.019780004474894614,0.03793252935538867,-0.009364463652908606,0.008933404490464938
2020-03-23,0.11835223282916373,-0.11813996239190674,-0.03357201592542311,-0.04698762805266952,-0.07054046000566183,0.0235279028330191,-0.003940689087609936,-0.05697863758803913,0.012507948094724755,-0.011041562118816618
2020-03-24,-0.2819150999274411,-0.032228789846178656,0.02587102744869893,0.03680958527468541,-0.010547800692632801,0.014246392171369691,0.03832565667703911,-0.004356282291109706,0.017192525693992967,0.0754706147235426
2020-03-25,0.0007431909736326909,0.05764313435474496,0.09872123457129545,-0.008482209246239911,0.05804367982018893,-0.0020259869434988325,0.03272898378588449,0.037268658881766614,0.01683912209351419,0.10399056186375388
2020-03-26,-0.2811579678046374,-0.004722426411909111,0.016808632581105196,0.02607706536436863,-0.016436671651678378,0.00888487954730511,0.021623089889421642,-0.004791359665329162,-0.0016764167337874974,-0.03233021489577135
2020-03-27,0.21024878834200283,0.05126621969897561,-0.06271726001279349,-0.01056342341145305,-0.010067117434133445,-0.02848372094751609,-0.01103283722366964,-0.0012548290246934255,-0.004666474250454478,0.008121954745253077
2020-03-30,-0.20032242885412896,0.005789512460590406,-0.04272399366575043,0.011847704516898469,-0.014965212749897061,0.03924755473516204,0.01403647461310647,-0.004159167855362101,0.016918263010341664,-0.03641419752387923
2020-03-31,0.11227894703244477,-0.010658272875889746,-0.015076072152254568,0.04631085770418988,-0.007687457835582778,0.04054243222477037,0.01410820606620781,0.02011150729216721,0.039906426961891804,0.04627083889981291
2020-04-01,0.24136090281473385,0.04363657789474498,-0.022284501855837104,-0.018805693539566567,-0.01729645033752411,0.001117987698857142,-0.03530522411328597,0.015006886884460254,-0.03611265282338094,-0.060728419604869834
2020-04-02,-0.17885801392745782,0.04673450144615253,-0.003854100824826656,0.022420829955701667,-0.05918784233787902,-0.0008822606888530302,0.03540003073584437,0.0026793395021460008,-0.009067568069452496,-0.07024972224516021
2020-04-03,0.11578952055855744,0.005183314030056981,-0.050090380853862936,-0.019840205833688673,-0.0052701142611542495,0.012822261121412907,-0.001659565130055238,-0.0022191290350504,0.01785645295775058,0.03712053191552798
2020-04-06,-0.29962485639523917,-0.04369231520641895,0.016213238180467222,0.006147947939935802,-0.018952972084113954,0.009494563051326628,0.008967611157084268,-0.004654336497253327,0.026784844485890472,0.03528818598014081
2020-04-07,0.04762479896438419,-0.01931010644739001,0.05436571499326644,0.0023566524588462595,0.0032532989846837663,0.026122360417991482,-0.01178780342299709,-0.03090449117568074,0.036787704191246974,0.038476784486986375
2020-04-08,-0.19035489949388396,0.02504758477807174,0.021688493935345093,0.05780470198901815,0.015158169103729576,-0.0024559282555812407,0.014577825037596439,0.02592883883774868,-0.005681098837318856,-0.0021319520368278254
2020-04-09,-0.04846239758105896,0.029511582329437028,0.01648903821122208,-0.02327820379114361,0.06848895283145058,-0.04746371156544627,-0.012919425070918162,-0.019049984767099314,0.023353990227368737,0.052686792752493695
2020-04-13,0.0379481826877826,-0.09248691839364277,-0.053595391662678696,0.015264455024341001,-0.07085546426808931,0.04186690039557053,-0.015035498600118371,0.011733366886318418,0.04846653527967513,0.053377892329867366
2020-04-14,-0.21111885590709478,-0.039306020651621545,-0.08294181948435603,-0.007966712295389384,-0.020010263988255034,0.020971367412109698,0.009371991383099106,-0.009529201160999014,0.03260301349302765,0.044150056870056506
2020-04-15,0.13357345055329442,-0.013802100468245005,-0.08527164405082491,0.031401878577673424,-0.006727122703666902,-0.004008344363231519,-0.014337935476802509,0.021288440499749515,0.030083407610867804,0.019927532959450395
2020-04-16,-0.04511513816461093,-0.0372205320438718,-0.10529830052452842,0.008491306870394712,-0.060614895174437494,-0.0010568550541218676,-0.02491425038698631,-0.01001397065743863,0.017124649457847876,0.0019302353987657216
2020-04-17,-0.13625938186389727,0.043832797734241306,0.07696270285150891,-0.011903120964259996,0.04654445374793472,-0.0033444082211505606,0.017700641450476517,0.0027841939164755017,-0.00208792503243926,0.013906914665330481
2020-04-20,0.11056764024058358,-0.015276663362068628,-0.05858365636190138,0.04787322484945367,0.009912164949111913,-0.015852468988293903,-0.01332495488388508,-0.017479929896314052,-0.0011868857275232196,-0.011274384968904358
2020-04-21,0.22222454584727058,0.04443700282929399,0.009764687630580632,-0.01821015276230817,0.009058688836221447,-0.0316112675833657,-0.008445815933219759,0.022350971927456317,-0.007547620444576303,-0.03890515216530757
2020-04-22,-0.17175945593173148,-0.06276998022931872,-0.01689321220672829,0.0013864312043912936,-0.019650447256950736,0.023076973461431713,0.0422431707700824,0.03363514592162627,0.024940965454495374,0.03127804798549064
2020-04-23,0.014438344854687674,0.01990303049814304,0.03436654885708542,0.04555649249357638,0.00991674822987269,0.02833843679908916,-0.020146032870071478,0.0046605937682375805,-0.003213573585076901,-0.04065576380242127
2020-04-24,-0.10475845700108066,-0.01709981253052321,-0.0086772084667676,0.009586902094523585,-0.01898757142152161,-0.004417152773445013,-0.0016804438505733962,-0.013512668697775261,-0.00041565776930332617,0.01408297096890105
2020-04-27,-0.11064143826881634,0.0053316089819543345,0.054851609407327126,0.013421450959486677,0.015477014903539131,-0.04116030105339308,0.014368258303797819,-0.014174521189335309,0.03330664702797535,0.07679300546194998
2020-04-28,0.07454041401549463,0.043747003114394376,0.07062700402815783,-0.04050499915192029,0.002035162518133866,0.00908719347922152,0.0060600155037222455,-0.006874228194853165,-0.031509760043053406,-0.007024121167363403
2020-04-29,-0.14447310860783205,-0.09790154539674373,0.07903482898084084,0.013471792427420724,0.020441587579353986,0.036886425795077976,0.02892551412121813,-0.007138539920213104,0.010736638013953938,-0.0037422448278898136
2020-04-30,0.07327203931012753,-0.04784345233075028,-0.07114536561262712,0.012132622511622672,0.028907202513804735,0.017041041301908866,-0.014827166581048197,0.009542858529933754,0.005695830641307726,-0.023365922549598954
2020-05-01,0.17578614663998973,0.04103679106012735,-0.047944665024791736,-0.013537533020826388,0.017985339015214777,-0.015828417714380504,-0.0269744194435298,0.0033640384260374494,-0.022401758022647444,-0.05519241977191835
2020-05-04,-0.022562104871313788,-0.05704982363656635,-0.012970449511694357,-0.0017815537782582928,-0.01608374395943308,0.04162597577491169,0.005268657950184901,0.04254364155393278,0.03756853071578279,0.04829124254584355
2020-05-05,-0.06866748578146291,-0.007356760217943827,-0.046377915763936725,0.04702824482663704,-0.01619795798410432,-0.007278481996942333,0.0009055484016666003,0.023470385738291154,0.00784896912548242,-0.0006278846557402539
2020-05-06,0.032456068349500204,-0.06892294447410315,-0.02537872587542903,0.008130562234290449,-0.008269088200662793,0.001879106458216758,-0.0021785498353279406,-0.012959535986619914,-0.006542285047477568,0.011615554549945782
2020-05-07,-0.05135756493478997,-0.043734402928104536,0.026684087259411533,-0.017660650634709295,0.03254542143827062,-0.017369507487886796,0.010685445635468523,0.004900441342925148,0.013513213821227225,-0.02494888076538353
2020-05-08,-0.10813975345402699,0.007230186874718183,0.04471870969012198,-0.03713498252268788,-0.015209745103606474,0.038354479769745965,0.008735246000060834,-0.007195283461603787,0.019656962697934575,0.020603048780927256
2020-05-11,-0.020428402255176947,-0.023138927273078685,-0.08009224539684746,0.05551224585080197,-0.00829399349329975,0.011069546888639157,-0.014576185225242948,0.0001362274914477519,0.001375759173248639,-0.005343130124904878
2020-05-12,0.12510333855952602,0.023285970576952135,-0.03432172943522651,0.013131815306449317,-0.002071968200709589,0.006949839819057141,-0.011306094090120431,0.00743651242196117,0.008273453388240194,0.014759180996310003
2020-05-13,0.11363575698544098,0.0009161025155252525,-0.07136656548962393,-0.0027115177257262756,-0.014499476251457193,-0.007087632232017197,0.007471139077003153,-0.008411043716590799,0.006885430117970122,-0.017104881045700283
2020-05-14,-0.08728473858491974,-4.605371420852298e-05,0.04672806253243786,0.02786339945336075,-0.003474907214795895,-0.01160756434863071,-0.00710062450653363,-0.021950192688755497,-0.012572232480236693,0.00950346223907341
2020-05-15,-0.016541340680766133,-0.02022119283333112,-0.05110396942489101,-0.000723129663685132,0.040264290698882675,0.009500955874650246,-0.03358438498962431,0.003957786640410982,0.014245527340930562,-0.02313210871888426
2020-05-18,-0.15847697868550153,-0.012386638592083209,0.10483133913395837,-0.041556028057097905,-0.0169407411321043,-0.013901832014725606,0.01550590103827549,-0.002350667292100085,0.0007318450927651501,0.013838563977142771
2020-05-19,0.07398089775019794,-0.057568518684870534,-0.02262244830331809,-0.008035798683498015,0.020809035812121155,0.006801624518468205,-0.0022472051598721736,-0.011557912912359001,-0.006126885126699782,-0.003927619259751019
2020-05-20,-0.11862810040684112,-0.04206302716349913,0.06376551789194941,-0.030131040354324044,-0.0007835788458167821,0.017152464743609958,0.027187810381369977,-0.016976010196000247,0.005388463120186572,-0.01479420471849914
2020-05-21,0.051032416794593145,0.0155572434457278,0.004598152239368293,0.0016499921984910724,0.02664139389494969,-0.01174391192968706,-0.024102301347404823,-0.0016950475992990786,0.001519416614203625,0.033139458386061166
2020-05-22,-0.01858715683334009,-0.019236088696886384,-0.01781930743666267,-0.008349842586963365,-0.0038900201874592826,-0.013510921437324712,0.016829087960442978,0.0046053191771763605,-0.002729111423652302,-0.01587375216842921
2020-05-26,-0.04688085386769407,0.03911357958491693,0.10762167707518225,-0.024803218703240395,0.017422811586068242,-0.008663228365665968,-0.003446052576973664,-0.002817289835760759,-0.014115619420998267,0.019189149914727126
2020-05-27,-0.07811065584975223,0.03743976388814553,0.04863094359550472,-0.016335991520855006,-0.015790221365191343,-0.04834917449344933,0.014702562564747067,-0.01195953630898206,-0.007821372174550808,0.011130441508055476
2020-05-28,0.005062736434886606,0.0284470802650155,-0.08068816126690947,-0.009618964650267242,0.028090531728683053,-0.01158685691310188,0.008359384267849664,0.03211251051387879,-0.011870534644287284,-0.009370496176528522
2020-05-29,-0.05019698630678087,-0.024327029184417318,-0.04539667188048433,0.03171667197184632,-0.058154377022300426,0.008008931023655403,0.025319624895258425,-0.003000310355946681,0.039782200846893705,-0.007016936039085498
2020-06-01,-0.007555341974619796,-0.02049435685408904,0.02256870345152248,-0.02606466013929868,0.029972316146420135,0.020744504319550973,-0.010366338083819046,0.00012920045985689483,0.034339946126991455,0.06734824130340748
2020-06-02,-0.053652057501172364,-0.007097951072153739,0.024431908401864544,0.006923629051281442,-0.03846020369031595,-0.0024232054961171607,0.01857117889806919,-0.0015790751766066621,-0.0056462444724638015,-0.02627716570845373
2020-06-03,-0.07616659080124577,0.023766240967635938,0.09117701860724445,-0.018156831080799508,-0.0026575993164964,-0.018349251659800295,0.012651820341959162,0.0035836004947473253,-0.011323500758975152,0.01702723473483116
2020-06-04,0.02924637931089659,0.010381897261465229,0.04503961484034329,0.016057668084840205,-0.03498028950177914,-0.006104393828182851,-0.003411903576376684,-0.04017828244341167,-0.01596154085214872,-0.0005790361158490825
2020-06-05,-0.15357070816746943,0.004580609199232528,0.06480458050779218,0.00817526324321189,0.0016689087284575072,-0.009313613293265854,0.016615590484732247,0.01821431239585771,-0.007425874559110467,0.015053405808562036
2020-06-08,-0.07144140821673185,0.004693980739662189,0.04775317453977767,-0.013427098826084465,0.008231527958719542,0.013831615468992092,0.005691965483912636,-0.01397326303314378,0.03540790187427113,0.047365118977049904
2020-06-09,0.05215333861308552,-0.047817441771623975,-0.056631242290094266,0.008249727717707135,0.0038962987465277453,0.03312563412036291,-0.011512902521426055,0.001092186593023617,0.0035635264817972727,-0.010501010988619412
2020-06-10,-0.00544136772097258,-0.08025526847080076,-0.10800683438727922,0.0012575984310777928,-0.0022034300902526644,0.00627158746912978,0.020521519229145448,-0.0008656905863301694,0.02600997296821176,0.041522895593983
2020-06-11,0.304431328071519,0.020393294313614953,-0.025132445698862856,-0.030956531952784496,0.014409892944310318,-0.014139975500379444,-0.023021015555063425,0.015663911684801857,-0.016472455807132753,-0.018746962014018105
2020-06-12,-0.07671277456060414,-0.011012187788107721,0.05332606026369242,0.009678427717966814,0.03343899043697581,-0.017715644353255913,0.01348309911473272,0.01872848806840065,-0.019978267400088998,-0.037545535997607835
2020-06-15,-0.05294754706756631,-0.028787184614529334,0.0161173095089231,-0.02893712078623464,-0.01344776639520687,-0.013025608260143207,0.009564112981943486,-0.016709912158231987,0.010402973462580014,0.038202972971066895
2020-06-16,-0.11941240881598948,0.02496937162043435,-0.012735573288017723,0.042482972137657365,-0.00789671518473965,0.02662978306776288,-0.006845986940495761,0.009120146799868792,-0.00978165911978732,-0.011197039288159502
2020-06-17,0.02050927355381876,-0.034702201739952546,-0.044857898674712654,-0.01348196651153804,-0.0019027391788484522,-0.028849154257038864,0.02053104265503752,-0.006465782639975944,0.012455210172054884,0.015013678198327019
2020-06-18,-0.016737427665209328,-0.010397714001540203,-0.0018584511340644537,-0.0035463499523411893,0.004532143299228199,0.022505119768931887,0.005311677477461306,-0.0014703896857721614,-0.0055484152214315225,-0.005866389647828078
2020-06-19,0.04504074487393731,-0.006195731885701793,-0.04849576004295084,0.04308345789164169,-0.0031337319886026245,0.005594172066934371,-0.03767077285346646,-0.0017971870349112594,-0.004893200745975002,-0.011098046730429759
2020-06-22,-0.04815517378175937,-0.04809023591284839,-0.00627861127717769,-0.006493872693257734,0.011103177499365418,0.00973124392898579,0.004108047543428319,0.027910235769103748,-0.0018180537901913293,0.004489056139299142
2020-06-23,-0.03706297885479691,-0.014290411563065155,0.0033546999822848165,0.010991911635305251,0.011840640311234168,-0.01765436528996298,-0.015992458587133763,-0.008078386431135398,0.0057414835135079475,-0.0034045636188917076
2020-06-24,0.158402451233382,-0.011960305314135136,-0.04507418106048368,-0.01872898712773358,-0.027375305806867332,-0.006826849783954083,-0.0048322399482918135,-0.01675637137066953,-0.019804373405500706,-0.022806121609542082
2020-06-25,-0.07818673787675642,0.0030067562141943404,0.013378390746961743,0.03155491935895258,0.014024824808398518,0.0022953888103871122,-0.006016835481689938,0.009508522712030109,-0.006047713760440787,0.014789322351138803
2020-06-26,0.1500437109561811,0.005541672852283198,-0.043190188806184956,0.014419430600045404,-0.032255411358424774,-0.021552073710247564,0.009344714498260109,-0.0037103283176395364,-0.012460466605611786,-0.02693102429283429
2020-06-29,-0.08789685296481498,0.013512674337087036,0.02658753820399163,-0.031141994913447817,-0.0025356578144433606,0.009639981730877071,0.0013817387806104515,-0.005370993323664525,0.014320886289728725,0.039027929633377145
2020-06-30,-0.10778488553193048,-0.03406748022539875,-0.02336447415437068,0.020893747652386635,-0.014631820538316192,-0.0049889574631976005,0.00830450193573263,0.0081494775388664,0.031787302247392485,0.03428810901067913
2020-07-01,-0.0265265621480165,-0.022255292621011852,-0.04700272420104847,0.0011379001685662392,0.042520800775768815,0.01702972326797588,-0.022390951367619087,-0.029225609380095382,0.034552405348253795,0.02093646864532182
2020-07-02,-0.0416104668781501,-0.017457099983230143,0.0006080012592089249,0.010189814324618678,-0.013155741918322132,-0.0027096644645390605,0.015419978834927668,0.012441714382938764,0.017511251461622804,0.053522689440393414
2020-07-06,-0.11693956938718394,-0.04799386719609798,-0.005215301001427088,0.0036901607467974477,0.012054805847364602,0.0028505609258675196,-0.0054003359341159565,-0.00442753380341036,0.041732956437381445,0.06381038459225338
2020-07-07,0.05999578308301559,0.004473636983181378,-0.05917399092484775,-0.027674839684429367,-0.019103145625103908,0.01492622802366067,-0.01151829463791482,-0.005027397606051847,0.011348286242998858,0.008001109926579998
2020-07-08,-0.04858129426729996,-0.04083632079095889,-0.00825720855558088,-0.005939711917538142,0.008686633740955201,-0.006447729062174975,0.019155399376920457,0.005174385748278695,0.00802500351898418,-0.02063854186623085
2020-07-09,0.031660334622442624,-0.07872150695059678,-0.06844052051036661,-0.0190540710411844,-0.02661679063586435,-0.01561259521189732,-0.03328469881797013,-0.0034561479752716244,0.003127668231115995,-0.011262514725811315
2020-07-10,-0.06120290923803492,0.015554288336003785,0.06616878653873934,-0.05211465514377379,0.0010227901440180108,0.024869477286230096,-0.00793295434179631,-0.010575146299320331,0.049862004750150235,0.07652246348406962
2020-07-13,0.06535646598872924,0.0894637211049312,0.015536637985911022,0.020932291855392283,-0.01466628077859271,-0.01548305371950866,-0.003902546924111189,-0.00744573892422773,-0.020394599102563804,0.00039334266576787727
2020-07-14,-0.09633641705079703,0.024459369591117577,0.0007225424526295341,-0.001010685347024709,-0.01733584488865944,0.0005467301742538959,0.01060281252046383,0.027466613722259874,0.01481005128949072,0.006909118500783208
2020-07-15,-0.04971488593584317,0.027770551904452767,0.04660693961240163,0.02383002433224925,0.018077945114960484,-0.029803526426463132,-0.003944030830807388,-0.014486450868478416,0.0007711140108026699,0.027676645475311117
2020-07-16,0.02292094187913919,0.03728177181523042,-0.0067272718816500715,-0.007051888024376453,-0.014087846574174091,-0.01743760806092489,0.0017821141572174617,-0.006869030865716563,0.012983799003945428,-0.017290490914735276
2020-07-17,-0.030283075954009288,0.00481689433595803,-0.03546820248312794,0.004918866174413361,-0.003320966258827956,-0.018498479839345258,0.032138253015624854,-0.007649699078001592,-0.00021562256902747014,-0.0013392852120172054
2020-07-20,-0.04878877231712388,-0.1183382152367188,-0.05328828355272405,0.0042560221585293285,0.016232365729155943,0.015041675531704482,0.00017992040755538538,0.0032069480233940326,0.022434629067753068,0.03927527367731095
2020-07-21,-0.011093210207502487,0.07188590536171381,0.07723378134462369,-0.023901144580895154,-0.003693047917878896,-0.007277531786019452,-0.003773266555354401,0.021508172049784086,-0.002697578429936977,-0.018729568027229058
2020-07-22,-0.028047173954472347,0.008218844151449089,-0.02248741762107615,-0.021273307235540682,0.021666682399918008,-0.0179218424994301,0.014293125149443352,0.0018848257461924526,-0.00896549289179583,0.022946043827161103
2020-07-23,0.07488054050386084,0.07019407789436546,0.012102692810552434,-0.006406821386405836,0.005079546458721991,-0.03736376744390431,0.009126730543505455,0.009395880559400034,-0.007425322709635118,-0.030677631455788223
2020-07-24,0.05219513861161861,0.008452005480483997,0.0027697503023963515,-0.037641885924791126,0.0176100377344818,-0.0035369178936163867,-0.01543700486469156,-0.0038168145729286416,-0.0034663521785634147,-0.05451050858943249
2020-07-27,-0.060301091504192834,-0.03924197939896312,-0.02842232103167551,0.00890600362878447,-0.024013159280378282,0.020002512294231962,0.0221399465634591,0.008869239209514945,0.027675222439995078,0.045656244608163754
2020-07-28,0.043067596195009564,0.04446077249241559,-0.015510830016687563,0.01174348524830291,0.00799728823644604,-0.007887371721197677,-0.012039063659395114,-0.009733638943944915,-0.012638787702484056,-0.020771415725313238
2020-07-29,-0.05106000405454527,-0.025813109314587638,0.013737829102143218,0.0002202577167523269,0.01045148892726389,-0.016860718663861317,0.008186664595944864,0.012349796366698963,0.012154044411867041,-0.006021601713935469
2020-07-30,0.03404464638246597,-0.04977512208008791,-0.0639275547852029,-0.036031744190878685,-0.028900663047521074,-0.02302267668340601,0.014941078479792935,-0.031690455116228415,0.0032294848389803426,-0.016274396054678033
2020-07-31,-0.0015220550675418454,-0.03662016680725678,-0.022172395024650134,-0.007252223914391011,0.013206969984124127,-0.0033601341291288455,-0.005688918387804367,0.003742541785771357,-0.0013022367850357743,-0.04046875886707332
2020-08-03,-0.05438421263518636,-0.039788002854403294,-0.014535494349545677,0.03567373501064991,-0.020694000197839242,0.012846610420932502,0.01018017769062987,0.011248587097928295,-0.001837105354668029,0.024312748404943806
2020-08-04,-0.0361062667712793,0.007486436996433438,0.012707112571856851,-0.03699765444097549,-0.042415914735632936,0.01872868322753127,0.0032791487509715835,0.017462796877732563,0.002534182270125717,-0.0011568855594881427
2020-08-05,-0.04803559254439536,-0.006060111453107845,0.04057858494067418,0.0033990471969621255,0.04333988780378435,-0.02270880729975544,0.0037191124834150624,0.012710883393854447,-0.0077522854024043904,0.01735810374354635
2020-08-06,-0.047970786821752466,-0.036607324829129484,-0.00038774209346459474,-0.010188446435200574,0.0318785758591877,0.017112655786095794,-0.009494801976721196,-0.019378926623101898,0.010031593128732502,-0.006884578681737078
2020-08-07,0.003987689694233609,0.059817155666005366,0.02999416613348423,-0.015347609419982023,0.0011179366871035853,-0.03628547820002341,-0.015853913773440226,-0.010604600121852518,-0.012113156880873537,-0.005242577984357122
2020-08-10,-0.01208410120432194,0.03361548564517847,0.05511650202051782,-0.005083571408280713,-0.030870863694080694,0.00219389278348931,-0.012140185353737289,0.01440782662592158,-0.013508282132925004,-0.0038350784244446743
2020-08-11,0.03796230053647346,0.040442636386701834,0.05852171502833924,0.012924084007866843,0.01508161072177195,-0.020613472388935357,0.009665491595732788,-0.020775364580415547,-0.026044197367076593,0.0001526362419163107
2020-08-12,-0.11489503285711705,-0.04126425271264455,-0.044009916842414086,0.011236145196977184,-0.05080857408384478,0.016994686289183384,0.019114910630964266,-0.005639680108929524,0.04256886959986391,0.07133106062178138
2020-08-13,0.01483649238810084,-0.02138907321351679,-0.02646645393085843,-0.013882116714027247,0.024136969646674184,-0.013492795006678673,-0.011883580264222305,0.0018229394718854816,0.02166295142262601,0.0348840963204289
2020-08-14,-0.0016978420279822764,0.001553353868222837,0.02110305586852953,0.003414362692938594,-0.014052486029536522,0.005475289381230607,-0.012926435085999022,-0.00788856225569213,-0.0023935196169936,0.013826950792334567
2020-08-17,-0.03643201310047018,-0.03879337875781099,-0.05075235647150671,-0.0006779339490531164,-0.015191489908603873,0.016071056922607116,-0.005001310109864671,0.011916128126133208,0.03453650172597307,0.0732547672544949
2020-08-18,-0.018507419611773476,-0.037787926888733225,-0.04101738051622421,-0.016089893095290454,0.02652413720125775,0.018160787809392915,0.005661773776471165,0.0008952472260776745,0.016094379675953206,1.3025543960061666e-05
2020-08-19,0.01839840219565075,-0.006599377947563074,-0.0006108518936398314,0.014771918591218229,0.014576512819624427,-0.01717065764466376,-0.0012730313175188734,-0.005367984431267043,-0.012501299433795335,-0.004830248722015909
2020-08-20,-0.022943458695049972,-0.05704593877047422,-0.032216240954535895,-0.013731478619665564,0.0274584332259578,0.01288966121489651,0.017014485615906714,-0.008511870903466433,0.020696004905442236,0.028868876656319282
2020-08-21,-0.026277230307470506,-0.022135453389599973,-0.00830900200545856,-0.008605170456064635,-0.03246588109609654,-0.01890227735298583,0.008316929100507787,0.007046744480246036,0.0027584568527795664,0.024371462845001267
2020-08-24,-0.053176591005462945,0.007595833304663074,0.059360372062257055,-0.019649240969763834,0.010513073627276513,0.025715987979773234,0.00011540602864407236,-0.014295664137777962,-0.00736560606906631,-0.01290899399317521
2020-08-25,-0.03207789974295738,-0.02616650638944538,-0.0293694161507506,0.02058308917661057,0.022170273724229184,-0.009293527736951883,-0.00039221960469533576,-0.018953592699593087,-0.013562434093743239,0.0012200522650158512
2020-08-26,-0.06011310492489859,-0.07442121066588035,-0.04103073216398468,-0.014602900685819032,0.03756307231393798,0.019527881296082183,-0.007436437306162446,-0.02198929134481831,0.024657660728948896,0.015775275802904165
2020-08-27,-0.012122583687449062,0.024943581418826955,0.01687610040334705,0.0019791399687440936,-0.002934245123014141,-0.008831177536861332,-0.02625560357888283,-0.008179184928793923,0.0013377796734302919,0.0352892691146666
2020-08-28,-0.05956671998539648,-0.0029200583725843515,0.02113700633952352,-0.021177283889260778,-0.012587797033402395,0.005813789920896253,0.012815082290859568,0.013583575217736168,-0.02433719391424432,-0.0007617631971682411
2020-08-31,0.017533684146761513,-0.043300444050689654,-0.045619955257540604,0.005286699609502397,-0.033529477030435316,0.00875150823920313,0.007908731978272304,-0.0153775643037447,0.0440087656617196,0.07386818840946112
2020-09-01,-0.029386281748128427,-0.064734139267726,-0.0007685257190197789,-0.03227139707572027,-0.01525880471245229,-0.01180729814540623,-0.013141844932840372,0.009224453537918415,-0.02522065667565153,-0.038423663797063336
2020-09-02,-0.10970747289440815,0.026893072940747463,-0.01930112751037319,-0.0006027586292686728,-0.009554465432436253,-0.004790662994565324,0.020050680354326816,-0.014050707406127695,-0.03216400456308215,-0.04300669083953217
2020-09-03,0.2249403171659084,0.08602722356151087,0.036925696637072784,-0.006770797894210493,0.025044488954874673,0.008163560509034225,-0.012044148289404309,-0.0011999054199971423,-0.01763439787562496,-0.050456375527520865
2020-09-04,0.05146595024328156,0.03453564977652086,0.03481673568714795,0.002799741648063883,-0.039047672857307154,-6.135575507793568e-05,0.0009422648009669328,-0.025586358697572153,-0.008650481164815265,0.04038600920754655
2020-09-08,0.16915646325693573,0.06823789697032885,-0.0018501126655106487,-0.01982352464361192,0.025491100121648957,-0.05697078504496442,0.006095691566452358,-0.010086147341362251,-0.017235478300589423,-0.05775033413355553
2020-09-09,-0.14844639405072926,-0.062456102485971755,-0.03893263718162471,0.006400256984355003,-0.01737624812526441,0.0009914593211172657,0.010916729557440916,0.010463820921880026,0.0232319356311324,0.0621051311728776
2020-09-10,0.09053460284176978,0.0002523835600284347,0.01872248242703525,-0.018003921309904233,0.014531399513235873,-0.041340530380318,0.01563411061640306,-0.011179288053825169,-0.0063432535044129915,0.018096110021214792
2020-09-11,-0.024599872219772754,0.04106312523614825,0.003692930396335209,0.0005960842186159552,-0.012862083757408117,-0.031247036122289518,0.00815638309135736,-0.012931167889390855,-0.004381417303835887,0.014493007971079363
2020-09-14,-0.09296626491617553,-0.03106517855656258,-0.0028810916875726725,0.0016293396561406534,-0.0014477790252138737,-0.0083016089027966,-0.0015282148115341213,-0.003409311474768177,0.00464563318114003,0.07482673033379356
2020-09-15,-0.054437151638750465,-0.045930659693571255,-0.02983852358498803,-0.015190794263597967,-0.010211696158443011,0.0029477427985410555,0.008205286208371953,-0.01711869576759876,0.03523891914759971,0.02930874073917131
2020-09-16,0.03343690452220466,0.052329982396178296,0.06968342983880735,0.025868802780274626,0.0016492915674202171,0.004722669645557519,-0.008370658108018694,0.012361206385379147,-0.01895020123443868,-0.003323648136690456
2020-09-17,0.04817002947449881,0.024646230181463256,-0.004063320216289367,0.01987231582573476,-0.02414874618764407,-0.013307056232308427,0.015188985040155836,0.022603604822311496,-0.02329797714360612,-0.027413035293047016
2020-09-18,0.05817061583579514,0.025523487086170436,-0.00980619571956766,0.02216844188110205,0.00986237596672765,-0.008495252078973567,-0.010990837616064033,-0.003170680393247319,0.01083586650768991,0.034605607708618195
2020-09-21,0.07096973721588395,-0.06938246886062392,-0.05256098191605629,-0.03416020349341693,-0.03431990258080775,0.006565920778594249,-0.004151270375493079,0.017316218172860165,0.011381495853322291,-0.0046596878726104275
2020-09-22,-0.056520803791697126,-0.04050944086371535,-0.02848357918959047,-0.02162227786845602,0.014460663644070624,-0.0034482333627022478,-0.008095962670024858,-0.027730638669463296,-0.007592896710953418,-0.05216130094327641
2020-09-23,0.1527550324304328,0.05451920367689101,-0.02587497000387093,-0.0012167846940346555,0.0007144840443816511,-0.04315915671020379,-0.014902985962353869,-0.01439871754380209,-0.034606919014581884,-0.03978396872123942
2020-09-24,-0.00562967332589784,-0.01444229344656458,0.002457104287550029,-0.023441332872525884,-0.014434131956437475,0.024087943971193706,0.009265519789345485,-0.009113042572661594,0.001893037902072304,0.014688025395278095
2020-09-25,-0.09318742888759067,-0.036942984159187134,-0.009311244264092073,0.015397641985086884,-0.00693999517082122,-0.0028577628210287496,0.005657549223502036,-0.004913907912853615,0.019436675822577878,0.02564842947842144
2020-09-28,-0.10428537247166386,-0.022586600886079052,0.024454045573287158,-0.009140745585442566,-0.01777648103092488,0.005792968298075157,0.018136270323932467,0.0015024016120808359,0.007264858718276261,0.02117021740980552
2020-09-29,0.02415562257493682,-0.02566681971583295,-0.04023810732440757,0.0018426557287003534,0.006702666142822382,-0.031213204166191718,-0.010167134538528138,-0.005207878472806476,0.0010045820031188881,-0.006590229197622787
2020-09-30,-0.0548805809455129,0.004521425136431749,-0.027442964960060736,0.022507768943819333,-0.011960451604608223,-0.00290554684100452,-0.007105759726275535,0.007571179518410122,-0.005908818693818989,0.016131036106241902
2020-10-01,-0.024680014876607377,-0.05054181559127064,-0.02539902370482848,-0.03335515923120944,0.0016227995767503674,-0.0025523860694652,-0.010796022594982944,-0.020840877847900726,0.004363870233216835,0.036123453018401766
2020-10-02,0.08724464874001245,0.07244690004482872,0.05437491851660659,-0.012018298479394823,0.03032878189308637,-0.033986747628124044,-0.006819929586984571,0.02507471962978334,-0.035443086752236445,-0.027575848007351047
2020-10-05,-0.11878152706099912,-0.019687452111949708,-0.0003298549720077426,0.02541897355487188,-0.026534289315084166,-0.002041692272813863,0.014019429462797333,0.0031655046686606906,0.019792351442410844,0.014389590822710411
2020-10-06,0.08185802550174555,0.0023247894753807242,0.00617164444524369,-0.020919511105474062,-0.023088174751958117,-0.020003148613648214,0.015769026844898313,0.01734131751137243,-0.014879014833887603,-0.019517154292025732
2020-10-07,-0.1274384216480463,-0.00040378578105599325,0.004664357810416489,0.01450453610381397,-0.005116425091445114,-0.003799760634681065,0.0024511372358163573,-0.004751703228224192,0.003586697293823394,0.020111984898769798
2020-10-08,-0.04121937862992149,0.014756176367310778,0.030936898249656022,0.002399837516272561,0.0023920740510849844,0.027803919420678634,0.0023158183470971404,0.02158180913153692,0.005253589385752218,-0.0020841805925209916
2020-10-09,-0.058805688135436955,-0.030010762241279045,-0.03945183957525386,-0.0032643893626108453,0.01877512419874624,-0.012212554338891029,0.001182814567477875,0.01055912566575026,0.004146543585977954,0.00559957473962953
2020-10-12,-0.08410572219245885,-0.04384802295460251,-0.013116776105434458,-0.015896501514861196,-0.015584234453429881,0.029441369769159505,-0.0035528816962639514,-0.017520588264654195,0.010796889181826615,0.001419503518422507
2020-10-13,0.03453201456796847,-0.02576926982011909,-0.0236214696511577,-0.026441908745858424,-0.009539542246303562,-0.0007517019698579827,-0.017542971920707494,-0.008737380794480233,0.017239524548237184,0.002948678456042832
2020-10-14,0.04234303102277202,-0.004510388751292331,-0.006415174560062625,-0.0030327811238783577,-0.01802849424770754,-0.005724897305261673,0.02950037602750571,0.011575147951366773,-0.003309936278467051,0.026309885745255442
2020-10-15,0.023813276088289804,0.01492057150006293,0.029295563815253497,-0.013121107954131208,-0.011235503069791672,-0.0150830738607413,-0.004346365596815727,0.010128723980176085,-0.010322910297618376,-0.01284647222020087
2020-10-16,-0.017825922297149546,0.026522315931535742,-0.014664493775211021,0.007263457362190814,0.0022229181686602047,-0.021589999207080452,0.006586668060875727,0.00018418436517171394,-0.006709041838885839,-0.006753461472748493
2020-10-19,0.11404177164973517,-0.009094285125305065,0.004741554374566758,-0.007545344842909954,-0.009378140315032304,-0.015892396754514145,0.007820151442678,-0.001560202337133733,-0.017848987607934137,-0.0013424514440039381
2020-10-20,-0.02508664234558276,-0.008931281895703939,0.0009788118544975697,-0.0014474123628114444,0.01213305592031585,-0.01612917563952127,-0.017218053030496477,0.01746592554239923,-0.0009149546405876521,-0.018978093220828992
2020-10-21,0.02113245367824656,-0.022295346608654884,-0.01523288244247012,-0.02393949484026046,0.03381478918433728,0.011863739425146517,-0.008467966474097444,-0.014689734010052628,0.006582908315634947,-0.006531244625066538
2020-10-22,-0.04004457977307793,0.046609364662023076,0.03885988391356521,0.029752437669026865,-0.0017667126267671524,0.00018269078737549147,0.02496316129714852,0.01908655960517486,0.03391974729217167,0.016277762856980155
2020-10-23,0.00028919114972717446,-0.009769086051683246,-0.01603372405946702,-0.006274355470691955,0.02449280878689815,0.0024590968307898527,-0.01993424293704632,-0.005688002656241673,-0.0026079605242621063,-0.012144646717707862
2020-10-26,0.1335474045238878,0.02236118888496625,-0.04483070562488397,0.008316354135649776,-0.007193264363253899,-0.021078267916831487,0.00868945274796468,0.012141346599967899,0.029493551312385367,0.018073069741140015
2020-10-27,0.02269263457745696,-0.062167616560604926,-0.059767927173787566,-0.03129551778043276,0.008648618625007432,-0.014299135884747982,-0.0012067250249301051,0.01595832511596596,0.02968824237227696,-0.010902184316980857
2020-10-28,0.2405378207674112,0.029357885121202406,-0.017152459134439406,0.0048895061356185945,-0.014656334835994126,-0.019116124876644526,-0.0021356247711708898,-0.0023658198219160967,-0.014579632834032142,-0.0174369824555083
2020-10-29,-0.07477970142100869,-0.04096227829223979,0.04688072252494254,-0.0039067937292379985,-0.015875653766876024,0.04295547890271567,0.0025204593112024844,-0.011637678253718675,0.017216637043598715,-0.010321068718029371
2020-10-30,0.05774354404423494,0.07534026697466922,0.02867803713560375,0.03217660874142168,0.004378768750349745,-0.022297209781411326,0.011675404234947812,0.0024816549824159375,-0.029707061249401718,-0.026192009890035176
2020-11-02,-0.07905602039444956,0.0469168226812681,0.023307267026774974,0.02260527484002616,-0.013220922607121918,-0.0031429733462576687,0.001297479940979335,0.04136102622928377,0.01169815073084515,0.03904149480198588
2020-11-03,-0.1155861611763484,-0.020293506370480136,0.0017071542997694293,-0.02146170208080022,0.011315114923318001,-0.031502639477181106,-0.017473076203172122,-0.017639706089515428,0.005559112834931224,0.042267385694227735
2020-11-04,-0.13486744963842953,-0.08082134621077211,-0.0719238418047846,0.08281469340211231,0.023906789935552633,0.03620429737903577,-0.007701331117303759,-0.015413223373836911,0.00584124486886715,-0.015021946384291862
2020-11-05,-0.1130708487031694,-0.06167380440861131,0.028649433949664137,-0.03052005932282415,-0.009888364570298519,-0.011002299161774276,0.005111530291316283,-0.006653207952507822,-0.0008023166800765054,0.01924998865375824
2020-11-06,-0.008519786241052013,-0.0022288147692670736,-0.027492536012073927,-0.0158110903290692,-0.014109614812734353,-0.030120496922772088,0.010576029584923935,0.005649802591435288,0.0032121740369131084,-0.024001169488711248
2020-11-09,-0.0036920005840708546,0.10580274744947354,0.14839071093255982,0.021977054255550865,0.04896140630721056,0.03287300418183238,0.009462909828674758,-0.03964107652086453,-0.0182623731596708,-0.004479101619159176
2020-11-10,0.008621062758668457,0.1424367537789337,0.03457090428840203,-0.0012242727994378805,-0.015470904218404986,0.032384426102352516,-0.025189385342796435,-0.004949627286176365,-0.006233674827820813,-0.0018749377113597345
2020-11-11,-0.06589708818612991,-0.0742500277578713,-0.055981084015126914,-0.022234687761474706,-0.0470748685404838,-0.01057762674823298,0.030844782639625302,0.021202468270250137,0.001902234681522983,-0.004997271415750221
2020-11-12,0.06736499972721757,0.00026903272864144324,-0.029885419922155976,-0.011456433264933159,0.0021168684671097897,-0.021911192222104515,-0.016828289683523647,-0.004349143005843677,0.0016249860176368908,-0.006005396961152742
2020-11-13,-0.07714646486687136,0.025734276392099333,0.025318447129062262,0.004339969416161941,0.003470036966408305,0.01511433882153281,-0.00413258087347666,0.004934703738614281,-0.0007910761554718465,-0.013800561436677346
2020-11-16,-0.0759883117099276,0.013505380584908876,0.09094076923927018,-0.016699618766839248,-0.021679338308790732,0.015960297293398592,-0.0008653264582709619,-0.0055023175446226045,-0.0016181567286957222,0.005331891376729519
2020-11-17,0.016853829491975145,-0.01870524115243787,0.0055344245931688895,0.006626487504004295,0.017210369890529806,0.011739014446416316,0.001175809142371346,0.0028997725441121816,0.03218718454675312,0.05771166405516319
2020-11-18,0.0743662372828881,-0.04376409230515482,0.007265577119507648,-0.03040121876425201,-0.0025179151697313734,0.005031759229014146,-0.020763880554346182,-0.02578032929181399,0.010377357101613385,0.0819995704413335
2020-11-19,-0.03841985138280503,-0.014515647559780895,0.015953513901096783,0.006100103674612882,-0.00770343313821358,0.013618001149489285,-0.006175464099871883,0.010040768914113584,-0.0020128358729197457,0.020869429985304545
2020-11-20,0.053403398240495586,0.019697821216675973,-0.019042402317770598,0.006635717871788232,-0.01181843231292542,-0.006668433515210552,0.005507545790515771,0.000274134350582118,0.007247011366747606,-0.010794961877981034
2020-11-23,-0.04861720516715011,0.008052226085173487,0.09443533153363631,-0.0016745470101796611,0.008326562444526018,0.015752678371731475,-0.019874798709691513,0.004854084859661662,0.013604968498081274,0.04556954641474049
2020-11-24,-0.10239640555517308,-0.002642785771337003,0.0838169458941516,-0.0030896022738248234,0.0069837994974291905,0.04064790654115599,-0.01887542352690642,-0.02072152877108201,0.024901547385278985,0.029282157943507067
2020-11-25,0.017245965720165637,-0.020403721727120266,-0.04116542296892353,-0.013663709582927987,-0.002282281082687095,-0.014712609397904988,-0.007128536975623106,-0.006990046668892315,0.0010965548634857055,0.034382762888846764
2020-11-27,-0.01643964730706311,-0.017715293448914454,-0.028399336246056648,0.023417838194011737,-0.00668658264723089,0.0030628391893323444,-0.005319563429625589,-0.006341600763127023,-0.00626675226985434,0.010254232986711954
2020-11-30,0.02148493107471546,-0.03481313435292284,-0.0693858380845882,-0.005081808587695133,-0.03686310130853483,-0.049644961954229544,0.016928831268767784,-0.006543499697916359,-0.025573829936112145,-0.02793122349182054
2020-12-01,-0.06324664306878405,-0.014381030135648145,0.0004270790105582115,0.0005162884962541073,-0.009746483098804276,0.024931359587293724,0.00679075474208934,-0.019970434269742383,0.009643763899321142,0.011212593794981256
2020-12-02,-0.014170236624125357,0.026980265468437802,0.05182981114012354,0.026084062181166455,-0.006227834080580665,0.00761533127630821,0.008759106220005572,0.0032942126710413635,0.015114074501044053,-0.028088675668245366
2020-12-03,0.006138277474547225,0.005576684097930025,0.019010202546301924,-0.00268912569551184,-0.0035583280444285536,0.007397191127879949,0.014748833010385275,-0.014240487547379593,0.011302681227084525,0.02937688512242072
2020-12-04,-0.07093021216863814,0.005865300399971938,0.03879258559271253,0.02961175945307395,-0.02258723817492715,0.034395660120309104,0.035168137641452595,0.006804421383624527,-0.019696021445618585,0.008458462684937574
2020-12-07,0.011328545499323632,-0.04174682665267837,-0.021741732687354617,-0.02037035702984151,0.0050571949030549694,-0.0035235427346976124,0.0031649779474555084,-0.012292231888923252,0.02589325257378349,0.048446630467688497
2020-12-08,-0.018654381775722415,0.018328176084313516,0.0032301784603714634,0.008494236900511303,-0.01135783459383072,0.028174259214229575,-3.280747674428765e-05,0.016423832492927736,0.007982176281283945,0.0170736984883187
2020-12-09,0.04669106560447944,0.07521067813582644,0.005854125506741996,0.01095486399248353,-0.0021752953590590206,-0.0015908615123638944,-0.014596797446664048,-0.011728211117041112,-0.025792370379191847,-0.05170131572560756
2020-12-10,0.0180451285943098,-0.010471034748990303,0.016924365692721082,0.013289426903833534,-0.005524006353790016,0.022388631088638488,0.009273195658991113,0.03255953821811785,0.027257414524667307,0.027657458107900077
2020-12-11,0.004673551722150561,0.022013721764823326,-0.00822442160190608,-0.019279762426507766,0.027414098683819388,-0.018044736144045222,-0.021512932154509688,-0.003549066003889713,0.006869776721954978,-0.03211153170690951
2020-12-14,0.027345372463169735,-0.06267001401084189,-0.037197047547015555,-0.022745392266235284,-0.008560204813147005,-0.0005613838803806305,0.013530576802893633,-0.0228304865079179,-0.013598507612278002,0.0345919059957614
2020-12-15,-0.06905470857325643,0.015419465028464098,0.014204139986548781,0.01331033800256075,-0.0020550145152012983,-0.001197115513975565,0.0018822242266689564,-0.015028089868615799,-0.00406182496018086,-0.002803046436138404
2020-12-16,-0.00575636067341028,-0.018943224655262967,-0.004585078643793742,0.008214323282413684,-0.004563583283381992,0.029722911460399737,-0.007255980083995677,-0.0023268939374447187,-0.01333048063886838,-0.02231289500259726
2020-12-17,-0.04983861134538032,-0.002420193077687202,-0.01767195664998618,-0.0031676056742819003,0.006388898807135913,-0.026662689857453688,-0.0008633434949204833,0.00854847477647476,0.0081439170454473,0.030303607578671607
2020-12-18,0.00613355679005524,-0.006804089926859507,-0.023158438731643905,-0.009235431556679502,0.01963386817518386,-0.0035321032365996626,0.01046702073753525,0.004332465127259797,-0.0031554474891725987,0.03308785712319844
2020-12-21,0.04101430860927565,-0.011102494557727034,0.013538758686656133,0.0006791312467155578,0.015240398840503934,-0.032549468706764395,-0.024760029629836824,0.0018760121472387046,-0.02267655147307208,-0.029655309071869432
2020-12-22,0.029539770323934598,-0.026158890051406956,-0.018956581148819904,-0.011053477971045798,-4.9715414494058326e-05,-0.010110882149088169,0.014008287216246447,0.004498989296937735,-0.01171859818314256,-0.0128851298740644
2020-12-23,0.0026901381791375576,0.027900461348724887,0.05272344111186032,0.0036775475538737053,0.006772325393922655,0.009258929099420068,-0.013298084311678117,-0.015056351415713081,0.0007791880672811531,0.017821188648954673
2020-12-24,-0.02423827034851657,-0.00620778928466043,-0.016521433531592338,-0.005205815657342787,-0.0059370406424116865,0.003415464905398571,0.012199413214809047,-0.0026412641178871514,0.0002669273353402753,0.016710441640046376
2020-12-28,-0.05320586383992588,-0.009626153433950872,-0.0069168248363280106,-0.01906599389059072,0.031551744058608035,0.01753584154004242,-0.016812709164061124,-0.008615869662056174,0.008303686166745084,-0.0007679314150009507
2020-12-29,0.00029887250907149996,-0.001947970784448245,-0.016876538807537655,0.02059805509426848,-0.011406597747918149,0.005600791556974097,0.01021920185021203,-0.01701548643204741,2.139174794831198e-05,0.0026931694318839514
2020-12-30,-0.010081807025721123,-0.0014918693627493473,0.022000890186212707,0.0033421737645324165,0.0003173039040861314,0.00381750157901816,0.00843366761010692,0.002360423062767943,-0.000435942574217265,0.04720418248444543
2020-12-31,-0.050529884810000175,0.01966288855190377,-0.009024325732255893,0.005536851219529144,-0.009028961330243983,-0.009932727322196378,0.008122307866271715,-0.027638660357086998,0.0004095047514565338,0.009454414802941005
2021-01-04,0.0919511904718529,-0.010866547894469239,-0.007956550515676107,0.016938448185917852,-0.017355928700121533,-0.011551085617092664,-0.022832717547034073,0.037431088146593613,0.022827188862549506,0.017272908298274332
2021-01-05,-0.04131600929495166,-0.0036453677230859132,0.02712355929564109,0.02137046823308064,-0.023790933027231884,0.006752829693419815,0.025873158272441514,0.01848100446371696,0.025549746956534593,0.008666955613738668
2021-01-06,-0.014811296433291137,0.07885371083253472,0.06472172133276455,0.024727323677631124,-0.01390283065675723,-0.05245938694687963,-0.0030554550327442772,0.010811579568030381,0.032557500577348616,0.027388543879809463
2021-01-07,-0.08991437582328599,-0.0631094136085666,-0.00034410996990053423,0.03317518223139959,-0.02055200446118617,0.0074256550676963995,0.023901351981747785,-0.001902760683018724,0.018532689771541624,0.054178275397773014
2021-01-08,-0.051391143458733524,-0.015847523590708797,-0.008405231109944239,-0.01088174272583758,0.004421754900768478,-0.0038101956129072277,0.012548733355989586,0.00972166471368119,0.031200340478323745,0.05656270324115205
2021-01-11,0.02714644974073336,0.05015824948908,0.01936890215546751,0.05920915145693212,-0.0335307989084047,-0.010273101509668472,-0.014241407564794738,0.0051846885433324535,-0.023607045502585574,-0.04841872021792407
2021-01-12,0.019218461855631384,-0.0026009857256511526,0.05382251435427382,-0.010140550988716216,-0.045135013495574576,0.0020998465856769824,-0.011994140424646726,0.015289158915013557,0.004530930584177746,0.047668503281970635
2021-01-13,-0.02660005852991802,-0.015794842026949904,-0.0219708594943606,0.012766904335339542,-0.01809548638639518,0.02369800911072358,0.02588780243644055,-0.005343665448071553,0.015473624787037682,-0.002685598578822907
2021-01-14,0.03308393593134782,0.03609250095982993,0.042345273764842754,0.03737844278947364,-0.06335539914395048,0.0176295021399969,0.010806931460484477,-0.0005631480845160561,0.012117469809843616,-0.00163418076883537
2021-01-15,0.048907957939168765,0.010779129753030893,-0.07646358427072755,0.013447294643241906,0.028270031241095374,-0.02007737875763036,-0.009713717674808758,-0.012188754606820435,-0.010871316171621799,-0.02069341861305183
2021-01-19,-0.05027604168506704,-0.02871342008056831,0.005436476041280809,0.037998590786324477,-0.010360171164143046,0.04530325260452774,0.033147036881629316,-0.006672095866212501,0.01769709323398245,0.012079840117109083
2021-01-20,-0.08171082641651096,-0.058059600286769895,-0.01893684807223305,-0.00949548983624534,0.026062627589990155,0.018629130311316116,-0.015014960806333938,0.021466298870811633,0.019618679881285798,-0.012658000471442865
2021-01-21,0.008161015680134505,-0.05782289546484725,-0.036146780934625006,-0.019412425249933935,-0.030603084593919264,0.012582208710863834,0.00662801960185831,-0.032767339874007484,-0.014110909730749362,-0.010391811037655962
2021-01-22,0.025285941085880382,0.004407158929411155,-0.03231844390881614,0.006936744901694819,0.01978630781757982,-0.007416856539941412,-0.023506115108179525,0.010814882489152498,0.02669152817716241,0.004324317773970787
2021-01-25,-0.02769571366577948,0.006926115458981794,-0.04113602611438357,-0.005239966159759624,-0.004967065210907708,0.009383418654096379,0.006852560912120047,-0.0114600446282307,0.02353002598709286,0.016744892108019833
2021-01-26,0.013364705646468324,-0.01008305789176485,-0.03186609716145397,-0.020717848428335423,0.017603675865248098,0.03361125179829872,-0.016689439253690916,-0.02006279190677885,-0.03213386220212957,0.000648274662070955
2021-01-27,0.18983864454002466,-0.007270642791058586,0.01000656448725691,-0.008398596612643893,0.014898633585348348,0.0067527941234182065,-0.012508096328596783,0.028900732228958784,-0.027596961922968562,-0.029308374357092236
2021-01-28,-0.09306501393435737,0.024229200500249074,0.029522162157201753,-0.00027567747626104747,0.0015684343639445712,-0.03955844582323122,0.031038633192978247,-0.008022960144498823,0.010092468379756962,-0.02043513714024618
2021-01-29,0.11054162147043672,-0.01567461100434545,-0.041641838324569254,0.019456248496761055,-0.004862500400557931,-0.06331645291538399,0.031131314525426508,0.021778774948791376,-0.011678161209488265,-0.029271520653440783
2021-02-01,-0.08638743042425796,-0.0729608232007492,0.009288572858789501,-0.005202851965095006,-0.0016417328198193644,0.010000769543678687,0.02758147181396497,-0.006416941294812141,0.015014431507177519,0.025030681078680117
2021-02-02,-0.10333275377931768,-0.027168360921590255,0.05225110906489721,-0.01926931672241229,0.009093646086216881,-0.012879615016361036,-0.005296565292690193,-0.009695383553479287,0.006330744561547517,0.03372279887101358
2021-02-03,0.014068041712547288,0.023642059429353265,0.03914072494115001,-0.0006236351132501966,0.02424776611013869,0.04411265373687939,-0.022578992771168472,0.017633179779079827,0.005503228998982497,-0.01629603815185968
2021-02-04,-0.06281300238246931,0.011271813526100806,0.03920083798283664,-0.02254525622563705,0.025468115722241766,0.020788322823032022,-0.016858971481891073,-0.018942258846952855,-0.022827771729928097,-0.010300257381100101
2021-02-05,-0.024143200159072273,0.016353402253472586,-0.002220347994173989,-0.014549816366148478,0.015749143282193595,-0.0010928570556460741,-0.005341631141506795,0.023417752092483562,0.018608978249751332,-0.009104451944441764
2021-02-08,-0.04628383461135576,-0.015668668481572754,0.04513315091769623,-0.0005885817083288374,-0.03950926098652884,0.017276081064073835,0.00743657537958969,0.0014093172009038333,0.015028474062039623,-0.0007084723329065961
2021-02-09,0.012891775530784499,0.007173894001115645,-0.0041165219857260855,-0.013241988748121727,0.005457624148826101,-0.011578862530284707,-0.006347493221446595,-0.002561083087034631,-0.008659556313213827,-0.0147601683459263
2021-02-10,0.009223481450844263,0.003733466398938645,0.010086287511900221,0.016227668337299286,0.004778769625950977,0.007285932634857633,0.0066693134190319945,0.0020997270963236075,-0.0008278525925168314,-0.03704322237937123
2021-02-11,-0.02616860983848515,-0.037187122657979986,-0.00849564040376997,0.004595144630294533,0.0009423132107540681,-0.02309747824659178,0.03290883869145485,-0.007420706981504167,-0.009081523409824054,0.00481473664751446
2021-02-12,-0.027365920191998423,0.004614383008605809,0.010712787349904579,0.0281122803506397,-0.021009040322772156,-0.013612844586140243,0.0071225694139896946,0.009467706121117392,-0.004585359933035204,0.0032868841310615374
2021-02-16,0.00303077169681895,-0.013650691555798924,0.045971617837203105,-0.0015812543881433738,-0.0008319609931047695,0.020607798621855362,-0.00809191752070023,0.014414714931507332,-0.011743972202236356,-0.014488859893174923
2021-02-17,-0.01020874364589595,0.0487770332315177,0.021602119546180524,0.014461752955737131,0.009417944637517542,0.014581667464961548,-0.04005772461840603,-0.0010039397133764334,0.027323064581531473,0.0021865645539229845
2021-02-18,0.022200045224887117,0.0082696526238255,0.006516352609007354,-0.017164044002615106,0.019434259121093908,-0.007184302910877759,0.014046927100951005,-0.013581204129656368,-0.02529950876892042,0.0031781619643528485
2021-02-19,0.04768305645737221,-0.011156286748482513,0.061074661310377844,0.016046904375048524,-0.04381759765560927,0.006210472468871026,-0.009427280797392017,-0.009952232419029544,-0.0221793384487142,0.008210191553119119
2021-02-22,0.05335262281645938,0.08090693443547652,0.04605532560615795,0.020733666736136355,0.04969790129018215,0.034356815388540234,-0.028044797447863413,-0.0008735387617140019,-0.03327598896911859,-0.07942127235902025
2021-02-23,-0.0008833425884399864,0.012072556500970843,0.0329668955023291,0.00110892536078718,0.03674822990335072,0.02522640743579546,0.013171745288647438,-0.015071210324457077,-0.0006343745093449231,-0.02976107137429883
2021-02-24,-0.08233521448539524,-0.014442177431016019,0.06159031952192453,0.03801009699535622,0.0011601253616977082,0.027373014822080082,0.04036747123578873,0.0034037957002378393,-0.012596736126463596,0.05249681519841796
2021-02-25,0.15369859569114772,0.08334177690984451,-0.019404689807375784,0.00510290139821857,0.02280475151677498,-0.02626698490468014,-0.015853698143213166,0.01956027949679647,-0.017266582425485094,-0.0574020597821179
2021-02-26,0.04775144818715581,-0.06360967599066032,-0.025831130811870804,0.006796417287068396,-0.02817413943429331,-0.00842414830598171,0.002811077150262114,-0.015629239905381065,-0.004100785118932745,-0.006796727073276046
2021-03-01,-0.14179548423483956,-0.03050345704350391,0.03082595505421706,-0.010347433957436168,-0.012504115582638633,0.004276349177228221,0.019462149059659543,-0.0011876978094900452,0.02698091285492496,0.032137688371034125
2021-03-02,0.044364753574871255,0.044164973617048235,0.009290484293309456,-0.0009055875865023716,0.026857488480361364,-0.018890914705135743,0.0008357036024227594,0.01137913597483779,-0.021287046264912343,-0.02675652779560876
2021-03-03,0.09915951844097037,0.06313300964456788,0.056235699660902326,0.011218236837514833,0.02241526902697825,0.0038334084711344795,-0.018709231297010517,-0.0031063004920752046,-0.027034513914333983,-0.03193848148820197
2021-03-04,0.10054868838671063,0.029990698332483603,0.014827847737916467,-0.010225652892230616,0.02852717667341946,0.04506688371850161,-0.020729249711814925,0.024084505174354388,0.011230403025565145,-0.03830883727322006
2021-03-05,-0.1297844761296799,0.026837865383544168,0.014007954483442225,0.020120866713909117,-0.012096178913622009,0.0251633249304252,0.010113419445754142,0.009138180726573167,-0.02235310927416614,-0.06073691364259483
2021-03-08,0.040385396612948536,0.11019533481280111,0.05155869623135037,-0.01237087513026047,0.07195252559355754,-0.020850850229388377,-0.03293160803844071,-0.01891632801704509,-0.027249027886115107,-0.04560695072343218
2021-03-09,-0.10294240970928077,-0.1160289156177612,-0.047211336264094836,-0.00403133518073838,-0.06160495605251773,0.007764162524408764,0.02933736408240322,0.0053890381683451925,0.029019328173183513,0.06734821859074533
2021-03-10,-0.03978497301779471,0.047194420567320546,0.04515603769106946,-0.019155922632996668,0.012595857042475638,0.008726767759086622,-0.03502683503282263,-0.003428711475691432,-0.0025149193455929852,0.0012307660977057314
2021-03-11,-0.07315320557818088,-0.08463529489202103,-0.027702901164711018,0.00824381619972006,-0.01326124942820118,-0.02268107587612812,0.021448548164446028,0.01454278266196653,0.026865163424941066,0.035775374769477335
2021-03-12,0.00832917674169659,0.050551699285980106,0.02600495006036507,-0.007615608055033063,-0.009256524397483198,0.006795231330449824,-0.026719710771154218,-0.0032965790696559095,-0.012517522175642355,0.012678191249741056
2021-03-15,-0.04247798191357737,-0.023220967332172448,-0.022292589168812372,-0.0018136620677179722,-0.011690003642203265,-0.013615462778742688,0.022829839564614315,-0.03224105122939729,-0.011900343980415161,0.03427881095629638
2021-03-16,-0.0069703108287333376,-0.013695608213065615,-0.03962317046697585,0.007316242324081453,-0.009474882187902607,0.014488398585974428,0.008666827947014726,-0.03589069630240098,-0.020305661358983706,-0.033796802150211254
2021-03-17,-0.0023723520352698308,-0.02202464248373819,0.028479839173244308,-0.01006514964329057,-0.008011286655548136,0.010789216396682863,0.003395093377612875,-0.014310435488536638,-0.004837928903330707,0.030587037103879514
2021-03-18,0.08358572831362063,0.07314241098480373,-0.004803795005519145,0.012991038996080959,0.030374062853319086,-0.07537944976892742,-0.017452043863456012,-0.012735209246303406,-0.04410358693673751,-0.04193444338579329
2021-03-19,-0.00014927811947049988,-0.020587487535246533,-0.0500599194967151,0.0023796134002622106,-0.03981088229168373,0.014841468397360965,-0.0036518684460050592,0.006904350307488628,0.013499574324348017,-0.0007941418004631414
2021-03-22,-0.06211132007557818,-0.02848202368470993,-0.05685782922709515,-0.006046615284053271,-0.023571542295002468,0.013450817479514548,0.017278469315113655,-0.016456058705794814,0.01596002009168917,0.0020173216491492173
2021-03-23,0.028725537153778617,0.003799226531634051,-0.03464265929374373,-0.0435497063520423,0.015121790441758497,0.0014269170134986288,-0.016818713046315055,0.02869914916220719,0.0006917905935273014,-0.017731649410304706
2021-03-24,0.04378917642243056,0.05961598624585314,0.04298855113378394,-0.00035886079583235544,0.013280637979465531,-0.00496743159454897,-0.004414846311860379,0.026701239482407838,-0.028329719902684646,-0.03321517176118409
2021-03-25,-0.029061340975265595,0.029736174836560398,0.018920099492880652,-0.0037862883779127706,-0.02063437425733482,-0.00544391427670969,-0.01981860676569515,-0.006897405817865552,-0.015434827565413228,0.010779066417238333
2021-03-26,-0.14280677294582492,0.00084780892031817,-0.0014690374107194366,0.022339767476937483,-0.03930023987670169,-0.024012153352909946,0.03644055777430087,0.026746981163942786,-0.035264579790564445,-0.036569896273139335
2021-03-29,-0.009307238152187551,0.016524877115300905,-0.04402373159271061,-0.014904426987943531,0.01270538964341911,0.01983713342910441,-0.008041477752690644,0.005223202009838898,0.004452707543599475,-0.01574168951512171
2021-03-30,0.052211584368673895,-0.01311301146868862,0.03145887459376195,-0.0041242593221501285,0.011469254285414125,-0.011802509921604802,-0.02281356130086986,-0.016190156251308277,0.01782336263124198,0.03072805389329404
2021-03-31,-0.024821028204745983,-0.05659506089141129,-0.03665233443633195,0.006571340454525071,-0.01971946707925318,0.004176855155289154,0.010352940266069019,0.0033764423294677355,0.019956329807464354,0.037948848622631204
2021-04-01,-0.06297721194123942,-0.05763284812629326,0.025256166613555533,-0.0009085009148339337,0.0017312432156234737,0.022543146556177923,0.004413785981101031,-0.0016358406345271174,-0.00028327383418942745,-0.026519052748270693
2021-04-05,-0.0917427648566973,-0.046895750073352976,-0.02879479739498568,-0.030917032162080544,-0.014504068973090364,5.84584658603195e-05,-0.00531702916896768,-0.004504220801905866,-0.00644314465502706,0.01754279573383326
2021-04-06,0.01401040300118538,0.00473742514587229,-0.00026846364184477506,-0.0334047240912589,0.021190469521498854,-0.016572801796426607,-0.0018459237815965257,0.0034732680725389465,0.010060196879949516,-2.5617642753340565e-05
2021-04-07,-0.011326992163933201,-0.014382420874873101,0.002879706921504549,0.0062981541391344854,0.007975269748245816,0.01718214745909155,0.0029330422495985305,0.004048046325212659,-0.01255469177527507,-0.022894040842174557
2021-04-08,-0.02648303297029354,-0.034740862104398466,-0.014186838600938311,0.001390993586256876,-0.0014121686530506373,-0.0033926925136185246,0.010453927500979008,0.003798653237607435,-0.008187178765993718,0.008591910679475803
2021-04-09,-0.057375173445405075,-0.005338755298407442,-0.001152327008856669,0.01666088518813976,0.011507128156281217,-0.01589902314646354,-0.004621094883809286,0.00957153901161056,-0.010770104963735682,0.002117994389872493
2021-04-12,0.0025934161789827343,-0.0022595121528978285,-0.007339420769625222,-0.008709759480191441,0.010211326275401566,-0.015621827967746051,-0.01346380982102012,0.0058128682179016495,0.004959750997853656,0.03515490605138844
2021-04-13,-0.022322914372941382,-0.03777737981113476,-0.032615171326497785,0.01231004502251598,-0.009876002156643264,0.0007273643389930637,0.016265872644990232,0.017850849087053398,0.05064565981460615,0.04730253065026416
2021-04-14,0.03277064991891575,0.051086438773138086,0.044086761295157886,0.003635438892627283,0.01546725423188646,0.012181529324702374,-0.00931613491418036,0.013377302519507212,-0.014444325009728618,-0.020258472417479932
2021-04-15,-0.08819973581873992,-0.03040825482082304,-0.03502124900157933,0.01720934854270344,-0.0038835337057845556,-0.011181746766915582,0.0037600061433697915,0.0017931587042214734,-0.0015721566954503261,0.0013970451040841792
2021-04-16,-0.03320207049718414,0.029635953735453458,0.0012276523508921954,0.0002825108550496735,0.008006828217279282,-0.003313834487505808,-0.0153689416248865,-0.021405871037964944,-0.0020101711627425033,0.0013877773654211586
2021-04-19,0.0440900142993003,0.04017956790858594,0.0007357612557369489,0.010745205725035806,0.027979131607633753,0.000644488429486051,-0.016597683182153267,0.010012395993322867,-0.009768805354944999,-0.021855250932537224
2021-04-20,0.039173506749453794,0.0314574286510752,-0.0546630325216967,-0.006413810910839037,-0.007231962464872398,0.025350233862413467,-0.00260084106833652,-0.009186439950939181,-0.006217517005569859,0.0061564205017996644
2021-04-21,-0.047005347722801,-0.011441136819472808,0.026789818840110852,0.01737772621564163,-0.004513363372291027,-0.0012376080077363433,0.0016439555447703871,-0.002368358039541113,0.0023338533364699226,0.03728577300068752
2021-04-22,0.060154344332419264,0.015597977159964643,-0.017439440241327372,-0.005968868052469734,0.03155140349367655,-0.03810800278052729,0.017747222535917418,0.013227000040615321,0.0039331933131388245,-0.010906891933544995
2021-04-23,-0.054657161321981805,-0.022794337018740698,0.008910672006517805,0.012394725489447578,0.013260671783667327,-0.006107755056590182,-0.006657640449926546,0.013207717392598042,0.0006599646171424393,0.016032514234425334
2021-04-26,0.006136047942558592,-0.044524014971694434,0.01831638066021995,0.01736846168089656,0.0012562886284836962,0.002126363344398416,0.01327405613882361,-0.007041124208476881,0.015181134430936948,0.011170389478227766
2021-04-27,-0.00048556015713624846,0.016283449911079054,0.03608300556342125,-0.009414500740727973,0.012105672612157517,-0.015355135455832124,-0.01855648941985821,0.011361246945253428,-0.021154130982605445,-0.027348857249763322
2021-04-28,0.01220085244032624,0.006133436391774028,0.03196755035022595,-0.004239771325728726,0.03825572955403267,0.013912703321215015,-0.010450901069941869,0.03449424370704198,0.01868859698179978,-0.020174227479363763
2021-04-29,-0.04730623894710283,-0.01340187013947834,0.04001739221782812,-0.05115453802135503,-0.025162146521680653,0.02444558339416653,-0.018706572189845897,-0.029673532022697693,-0.0069219590589091,-0.04130339789796116
2021-04-30,0.04549535751760109,0.02206162689971599,-0.039840793282192255,-0.007866864056728488,0.008810671347330238,-0.012722168765211655,-0.01612949391038071,-0.02090252119579301,0.018173860235582286,0.03884688074906434
2021-05-03,-0.026168901258354423,0.068245222303304,0.008161263004964031,0.019059077014921755,-0.021304553340229085,0.007079279758866258,-0.033547715183082534,0.011453844838113661,-0.015861025767588383,-0.024123942590955138
2021-05-04,0.03616156488375651,0.05343266862352721,0.026381820398337405,0.024171002322404392,-0.0036485690246120406,-0.020966306762067573,-0.01492701642971459,-0.003276281911193511,-0.010638836551838872,-0.017383756524630707
2021-05-05,-0.006547047530393761,0.02291426492729559,0.018127871433088846,0.04305577223801494,-0.025359373695397088,0.020278729580927808,-0.0008533555410977173,0.012961182170232165,-0.005787295329973472,-0.0009122470640342786
2021-05-06,-0.0634091912757485,0.0009662480768199978,0.00747111693509601,-0.011709146031020261,-0.007257211691176939,0.0004914541967707463,-0.00813460449994711,-0.002654416841674364,-0.011713200639946639,-0.015440233524482013
2021-05-07,-0.04418322842991026,-0.010242224558239204,0.015467459629475887,0.0024172119269335397,-0.01646438658676305,-0.00013715337159853392,0.003907655007677817,-0.007582717447233761,0.005169724246204585,0.005541197731326471
2021-05-10,0.07035661091993918,0.10294470227376361,-0.003765229899993891,-0.012423124395039254,0.0231118900040345,-0.02535380585094589,-0.01790610686192981,0.01596724186294702,-0.014244068034452828,-0.03646865680624572
2021-05-11,0.05031796484013631,-0.03318035058867597,-0.028360498820079256,0.0018901391390198107,0.011877860776331692,-0.007184705374855395,0.012014003635631492,-0.013802053961849655,-0.00948410776891565,-0.006573264201019427
2021-05-12,0.14009308680578222,0.05148689380146094,0.0103397932165828,0.031454621931414246,0.013295301596409926,0.02481427363151283,-0.006998496007496483,-0.001270560758925533,-0.0009878214895815707,-0.029461774896487512
2021-05-13,-0.07856797645940436,0.015421770366559728,-0.005045170988642921,-0.010053309603180719,-0.006375407988216587,-0.014565767689003526,-0.01123637814920388,-0.012226757867743543,-0.03164100875608105,-0.023047505688175974
2021-05-14,-0.08692866114106779,-0.049308327016441694,0.018452420379041906,0.0010743289457718075,-0.014611775670808052,0.027859288545019192,0.008889335751360932,0.015587203520417661,0.002510255469104509,0.015654443175089645
2021-05-17,0.0234243877083181,0.014138325903168094,0.01756531199378597,0.024619181920271953,0.004424913177081308,0.023988788967083424,-0.004907736906419302,0.026685781547400388,-0.026974386637776647,0.0009191580409033472
2021-05-18,0.04840694634270519,0.005451491801430038,-0.038435738859668035,-0.005112281637198718,0.0037050776341645384,-0.014715795546647894,-0.009982667293547243,-0.0037061345429604026,-0.005427964795881494,0.013343378892020015
2021-05-19,0.013591425462149009,-0.029299263642239955,-0.029148095086618774,0.0009405370144859535,-0.0085177255223787,-0.004213666616328712,0.01442545467242742,-0.008602302329049327,-0.02006269018195606,-0.019617559859939453
2021-05-20,-0.07633636106542419,-0.027689887558965818,-0.029533830935197933,0.002867445273719634,-0.010619124079551472,0.010385082003226432,0.023578584548315625,-0.006685212211623477,0.01678153957814876,0.03089630469776995
2021-05-21,0.012332956661137335,0.009769871133744395,0.01915143612523139,-0.0006801252763067191,0.00043122106349657277,0.0006627045844041879,0.002478640259361603,-0.002496527093436693,-0.007352758427477676,-0.003993442798377263
2021-05-24,-0.06803917994196955,-0.04949124106610459,0.012807457915626538,-0.004274496757448485,-0.0017353823819102933,0.023670123154932436,0.007506227907898722,-0.00013397620346119728,0.011927733902918765,0.01662324771025595
2021-05-25,0.0105685683332767,-0.027648910389867835,-0.0178435382750477,-0.022427083730100026,0.005803935377094367,-0.016795153535311785,-0.004612969672816462,-0.003854176694754994,-0.0033453380652332986,-0.002330257817740938
2021-05-26,-0.003399119655214131,-0.009039408795621501,0.018918820691238288,-0.014076116333192331,-0.003142244172521044,0.0108049296918343,-0.012940153242705223,-0.005815876688431501,0.014245644810560494,0.01469709370035354
2021-05-27,0.00026203734089160375,-0.0077921080468944595,0.03223114505058554,-0.010378589176595551,-0.006416130992442463,-0.03602392436335292,0.00336330608386218,-0.010634836212053503,-0.00027770106466496185,0.02179273202466866
2021-05-28,-0.018347064937772745,-0.014895518725079293,-0.004877530191257601,0.011325692633984709,0.00034315262670785884,-0.0004964416466302734,0.01422224004308192,0.002664340722334539,-0.001533880611026453,-0.007729579319437462
2021-06-01,0.03537834411391741,-0.0030708993179839037,0.06762742134789947,-0.018697386621109705,-0.001482198154936801,0.05433791236440893,-0.014422204515795038,0.007128722156794129,-0.009415098608151793,-0.0018374968421295405
2021-06-02,-0.01526068578139396,-0.002880533382568483,-0.005265189408574446,0.0015966358110555221,-0.010414328053817338,0.016596266130116877,0.017765809745886197,0.012943265947911682,-0.0190815182576722,-0.027211129654646164
2021-06-03,0.021779372023589542,0.0496823994548692,-0.017211792657019144,0.010468790233535597,0.005059610452230945,0.0010457734491238699,-0.013942087990341917,0.010822206872369242,-0.02030782257944776,-0.0397707910486351
2021-06-04,-0.06677138546768879,-0.04811763822472679,0.001414535027687861,-0.0021348092941792657,-0.0110313305514479,0.020189159362450127,0.015202682291311411,-0.0038339958400610795,0.004285925728052604,0.01736385445918653
2021-06-07,0.006385956119636619,-0.007780673235845443,-0.015030912691333477,0.008333093233371731,0.020578738488287365,0.02076925274796896,-0.0054879539653401865,-0.010017596307930404,0.005784979218198392,-0.004237060546635834
2021-06-08,0.017911521567954565,-0.01660836225240696,0.018903343795030506,0.00040373466727024025,0.003613465914517328,0.010208752709591888,-0.0036193397848781066,0.020470010137320846,-0.0019168819210906287,-0.00438483739035537
2021-06-09,0.002380557407757281,0.01567842891908721,-0.038127338393308875,0.038355310303285414,0.008677013181457542,0.020163835118145398,0.011504236601609916,0.004270496313313064,0.005130888280858632,-0.0011798609228400782
2021-06-10,-0.0581135164731648,0.0013797802801444807,-0.05632454741308281,0.027684975183332974,-0.0002442494326236781,0.010188510117511772,0.013074055334706073,0.006381511620934829,0.030230507664994802,0.008878322730366716
2021-06-11,-0.0101567341032255,-0.01908803397204478,0.013715536952435905,-0.024984028783834534,-0.0010562458589706582,-0.01600637844226924,0.008891128590774308,-0.008165882127736687,-0.0060369071290857,0.004613495727671677
2021-06-14,-0.025007472910973293,-0.034799449661085585,-0.022393331750486925,-0.0011304997493416338,-0.0020013831909559314,0.019844375352056343,0.014827120505528856,0.0009182562328440768,0.01195490456095795,0.004653876792480252
2021-06-15,0.022515951915168322,0.030507253023173676,0.024552744374619226,0.005509837247135327,0.001709170158344908,0.012397906412305874,0.0024738864378214473,0.024773662233863316,0.00754679541410066,-0.019836296271938333
2021-06-16,0.04577603898937704,-0.006741877899650001,0.0035161360187690414,0.01488577629701338,0.005472935692890923,-0.00742939545855188,0.009223509040835406,-0.006466570160609004,0.022686991685200525,0.02027395062217525
2021-06-17,-0.024741582300388257,-0.04444661393226346,-0.09174055643416014,-0.00725496427723794,0.0007532577483858108,-0.008777767741477382,0.023841719242463196,0.0095215935292612,0.020436395769029565,0.000638240999811668
2021-06-18,0.08539762011003228,-0.03374218177244897,-0.027885966857657214,-0.001141119426725869,0.02479102000626196,-0.0196836614436658,-0.003961255412690132,-0.003595211079311123,0.006156494251521553,0.012093433338801744
2021-06-21,-0.08822322541560856,0.027265288073213465,0.033354040086446886,0.00519199236644911,-0.0009496691012523558,-0.0014453392448341628,-0.007816934959895959,0.020305655498438876,-0.004846683817748878,-0.00817217556183269
2021-06-22,-0.03690534439876268,-0.02706069831221147,0.0011767773006646448,-0.011195191496615828,-0.0020445936617496325,-0.0065841107406017325,-0.006643943203636255,0.01650379076390257,0.008361679351635105,-0.00649158767254996
2021-06-23,0.017026385496180584,-0.02827566981910402,0.01397062707064737,-0.0011537842173844418,-0.0008445063363862344,-0.009322905940762745,0.005343402724070427,0.014280964013949028,0.016364844533658003,0.0426540632432581
2021-06-24,-0.04785423292742775,0.003115988132833822,0.007799180689238952,0.021769886443212882,-0.011621785723192736,0.011829192604080444,-0.0055403484388126855,-0.016084282938449813,0.003875836384169847,0.02300916649832629
2021-06-25,-0.021838186845175196,0.02727175005030864,0.013334036670213484,-0.011786284346949772,0.012980533960904088,-0.02254321068348068,-0.0170572623650766,-0.0010387485262925444,-0.0067304306653210464,-0.001695805021099995
2021-06-28,-0.020579083126350966,-0.06038309568632425,-0.055716020431880744,-0.0022475155209584793,-0.03541950803075946,-0.01509556483077617,0.026099399432232186,-0.01400546485721992,0.01565974883193884,0.00837512107822454
2021-06-29,-0.004039533150486519,-0.01970877225358368,-0.012786263816227744,0.005233013152046715,-0.006403169274040064,-0.013864363009979714,-0.001437186302823383,0.003174960144556924,-0.00902899757266491,-0.011210378256899828
2021-06-30,-0.0060816251665381516,0.029319214876541908,0.018873779487316594,-0.0023907344980440485,-0.011561022238535229,0.013029983432400522,-0.018651144554216518,-0.007144712419243133,-0.005411669189965098,0.0077696871210505315
2021-07-01,-0.0426425556133233,0.014110225317176588,0.006497432692306738,0.011540758363964669,0.02549674879275271,-0.014094542489718082,-0.002286531433652707,0.0011439178966203406,0.009447690720082972,-0.011137848201682692
2021-07-02,-0.060719437715789706,-0.016032367340739803,-0.021909293091633572,0.005333765247775961,0.006380763076488918,0.01027145418043046,-0.005324296856982663,0.0013091223228540712,-0.007998178700025541,-0.01237956206750934
2021-07-06,0.01345547950707606,-0.03174011896570839,-0.05480030235093785,-0.004457221149840868,0.01569521200470872,-0.008692019074127835,0.004384637837811282,0.018546696279488864,-0.006709519848912263,-0.025908644431026476
2021-07-07,-0.02482902881494822,0.016181506020602705,-0.01854503812500269,-0.00546630032478658,0.009534301970779865,-0.01878560396554726,-0.01423617265226664,-0.0013133627642227964,-0.022662754978336926,-0.024395256406665608
2021-07-08,0.04268364503304132,0.002767353173527589,-0.02267499130565655,-0.005569998790484041,-0.0012810157065389174,0.016633619916894823,-0.006298520007923151,0.0011742489840217629,0.013025819280748894,0.009861492763396512
2021-07-09,-0.060618397096538205,-0.0007301436220225341,0.04656038990171651,-0.002074396291755699,-0.012582940988831538,-0.00399727321361825,-0.005142726174451545,-0.006666848700868799,-0.014627007372786074,0.0047958890367877215
2021-07-12,-0.017846887791152895,-0.018365590111233617,0.01780158527925837,0.0023579423275990937,-0.0058027034414187524,0.004728312936020723,0.0023874503904186143,-0.025165211143169938,0.022856531457467417,0.03423698119021101
2021-07-13,0.006689577086339807,0.004373969883728928,-0.02415983797746171,-0.006308082057433863,0.02169670886476128,0.014408649362225256,0.011143763484538957,0.009665381487647744,-0.021102190368590592,-0.018669026765060676
2021-07-14,-0.02636178253575269,0.017806405439730347,-0.005982482099460286,-0.021537404067244872,0.013216500469066169,-0.004208228908720218,-0.0004883915065424041,-0.020996952313435242,-0.035389462588838905,-0.010207939849801808
2021-07-15,0.016153048299239713,0.03726030631230144,0.0006691267544283438,-0.018223617612243063,0.018131444548960086,-0.035788621592460185,-0.004966511520349858,0.0016255984133031738,0.009166341780636153,0.00914596380068997
2021-07-16,0.04199422154595596,0.022450124271589114,-0.05467527636901242,0.0007714537681355736,0.015886422481406263,-0.018756657441211327,0.004040025527626657,0.00582084689774094,-0.0054530347108428315,-0.011735838138883193
2021-07-19,0.08484809728347373,-0.026408839238122424,-0.06131990494471635,-0.003763428586233013,-0.04540839247292466,-0.014057401789413967,0.0008043183826301596,0.0035359779306730343,0.001785091596555456,-0.005715932168733994
2021-07-20,-0.06792463554020854,-0.014992843180866652,0.04218291396162887,0.0008791587710724223,0.020425796944388012,-0.00950189759231229,-0.02275443675927057,-0.002241067119530109,-0.013463241839222529,0.024931377577797866
2021-07-21,-0.05666973046978615,-0.011234009260832423,0.05165693168130965,0.013348670283701021,-0.017376868129309615,0.03398489582893236,0.013150788579463325,-0.003344025681340913,-0.01684099079601874,-0.008790576948114496
2021-07-22,-0.021714714655588135,-0.013850650020151917,-0.03914473083072724,0.0027974514658182636,0.03021491396602091,-0.012377181481639065,-0.0051784870117452635,0.0156799661621121,0.005937833289998908,-0.013436052351250758
2021-07-23,-0.056795398108423545,0.00016585752182468478,-0.03811349514203006,-0.003966390620126419,0.03316983530744019,0.011682844909966662,-0.0020231711746040203,0.00027676891138749324,0.009815546645766452,9.642411599379217e-06
2021-07-26,-0.0084241892670751,-0.003899923880656358,0.03197703409434451,-0.010204060714952948,-0.0021002977184384195,0.025588645376222866,0.0018093685611713024,0.0031177982295822067,0.015362129960637247,0.00594272917041568
2021-07-27,0.02622782303278101,0.04503131481396395,-0.00636279073119742,-0.00585842319958928,0.024097223663181955,-0.0022865204434339413,0.005789521972985776,0.00567378658420494,-0.011209123589892768,0.004761901922729189
2021-07-28,0.00882408141514078,-0.022973055974330157,-0.002238726703319248,0.031244306784099517,-0.009288905786485025,0.011993845180336938,0.0014778352238374592,0.00039086000893658875,0.01930567198306982,0.00388235834322429
2021-07-29,-0.040547694514653364,-0.009948883894877244,0.02711823789845798,-0.011044681689611877,-0.03662315431686525,-0.015976302371118196,0.025531769655740135,0.010084000735202655,0.0007813128997882934,0.038715795180754645
2021-07-30,0.020506127221951533,0.01124919539359643,-0.013635522392626288,-0.01831782360492127,-0.01964224668532378,-0.02512680274719263,0.006819740629795924,-0.004622979404951375,-0.011173228376928895,0.010711859358050945
2021-08-02,0.01714494399244644,-0.00575059531179147,-0.0059592506941117465,-0.002011624896265523,-0.023013840266625327,0.004344676255329779,-0.0037628810207548627,0.0032737196067520228,0.019946534635977512,0.022235888039787242
2021-08-03,-0.04616639155190128,0.020055370842112633,-0.010410153157280739,0.023633033526118747,-0.018853119217764933,-0.0012615459864928817,-0.02350519847239603,0.01763160993904022,-0.002907595735014405,-0.0006592709125511574
2021-08-04,0.02715001654174568,-0.050225077838762545,-0.02887678649365975,-0.002476795236682616,0.00423900453372676,-0.007490056833693972,0.007855156756793623,0.0025729299040078446,0.003534994694421956,-0.006724461560130917
2021-08-05,-0.048325266783223936,-0.008686317906833656,0.007894059564813512,-0.007062606523291062,0.01290931413961661,0.0018690173179816208,-0.01810703262548869,-0.0014185164077962535,0.009579499671043256,0.0042740751483146665
2021-08-06,-0.001367570470558745,0.014523355518677701,0.04161828568673728,0.0010969310559708068,0.015301492425978745,-0.008638933489029221,-0.0026601899590604173,0.0023506654351788028,-0.011216731675105968,-0.014603969315479366
2021-08-09,0.015193177962172752,-0.005834541938964741,-0.01998733257704707,-0.00436231031463983,-0.004455255820262525,-0.0018282571143419277,-0.0003668726398878843,-0.0013942337404516988,0.0034723151596659017,0.0116774484005113
2021-08-10,-0.004887132081119331,0.03592880521389097,0.026315437872755285,-0.0008821147137892438,-0.011973416748509259,0.0002652916245902389,-0.02152288969955854,0.009415234634939445,0.005166982649920436,0.00034315757727589567
2021-08-11,-0.011226864737736332,0.012261389428173553,0.026175619982462848,-0.025070848063288378,-0.014577370962171666,-0.017586744041760794,-0.0046238168145882165,-0.0018708149740700479,0.003907654570866282,-0.0009606960576277766
2021-08-12,-0.025473428036478604,-0.01057977700309158,-0.016184354789241632,0.00894984862271985,0.007258549782516064,0.0004360562469840757,0.0029334524704312335,0.0013581493618556619,0.016798029513829214,0.008973122458629263
2021-08-13,-0.022998059023964523,0.0012202348135953447,-0.02720293244884563,-0.003333724629478738,0.00010846937594345484,0.004834757827712439,0.010066093477073013,-0.008829044246799133,-0.0032334960042498797,-0.0065430849243484825
2021-08-16,-0.029659392154836355,0.026731877146361493,-0.044467300412909805,0.014132316961878685,0.0023823783182130034,-0.011650350353957256,-0.003916030428306018,0.0017494135771088095,-0.02199237099592991,-0.025996884183531403
2021-08-17,0.039393582458269585,0.04602995103006193,-0.02581550412216191,0.020347712059462685,0.016249020202349793,-0.0012900090713674859,0.0029829757674264823,0.013995467022400041,-0.0063615671127429255,-0.022590452368164107
2021-08-18,0.08171303129437843,-0.018708159288185124,-0.004025720216783153,-0.020726789573773663,0.018196938045001013,-0.009155230325884257,-0.0048958416364017635,-0.010635899267574508,0.01516034327107653,0.029669272427401732
2021-08-19,-0.02117237725441558,-0.0083921666063717,-0.06104749436952799,5.016207694146203e-05,-0.011249309103300284,-0.011160031140329056,0.005189859366751915,0.00161000367029314,-0.025157241853169438,-0.02369698936845147
2021-08-20,-0.047769023509699644,-0.024924557231995634,-0.011728193215007277,-0.004387600229881848,-0.0022180125340092536,-0.0010449398059257239,-0.00921875076347084,0.0034201880196788716,0.014174366638696092,0.004942439150685246
2021-08-23,-0.047708422880463466,-0.05188507177287295,0.043892694869696915,0.012743098836400409,-0.008095196819256436,0.03381311232967962,0.010314069231956992,0.00047496618804450993,0.013725585800454701,0.017623534575305622
2021-08-24,0.00616815470435156,-0.018175786153064703,0.02973152688771797,0.005377374761720319,0.005534967497755794,-0.000848609315376341,0.005377690877507834,0.0019701534583466823,0.010144182581491632,0.0003955262936284959
2021-08-25,-0.0022424702222401133,-0.00938220232181514,0.021707992729715044,-0.006030210902646143,-0.0012092946787236082,0.0041971709327663425,-0.0007224887474888993,0.0008465662124418589,-8.83476852502447e-05,0.003288779365038236
2021-08-26,0.03144296755043767,-0.007205997136119849,-0.009844697816283636,0.006459861442875552,0.0032129546820382987,-0.014846533819243371,0.004889024219809602,0.00048159153141251633,-0.006807476856426662,-0.011865358525368875
2021-08-27,-0.04261142283064969,-0.029290292248881657,0.029622687386650685,-0.00617386630692065,-0.008526168048977809,0.018284790527175156,0.006948228291999348,-0.00906670793263824,0.006513227093109889,0.003943030226059474
2021-08-30,-0.03300817863390996,-0.018133831989399343,-0.04816799852927993,-0.002934725932014283,-0.012061028756310373,0.002934576560738168,0.002483760769949764,0.002991708784101418,0.024260766947864474,0.012849633356558657
2021-08-31,0.02245452110258878,-0.003344696541521618,-0.025153534332181024,-0.016453200853459284,-0.009266864767656572,0.004849342372978615,-0.0009737651777367474,-0.01900842376358123,0.014245645176911723,-0.004451636758884815
2021-09-01,0.0015915077786595262,-0.013638295000233001,-0.031917951012322233,-0.039028918613998376,0.01823290372000988,-0.009548075198448143,0.015072605973285321,0.010502157604376873,0.007588172788441932,-0.019698252612893128
2021-09-02,-0.018586327396316986,0.04217171420755021,0.012689808436100075,0.007683039788164201,-0.030998570451362922,-0.006031456285226038,-0.0037569987907079745,0.015029157577912578,0.01325455673834029,0.0015405408978445855
2021-09-03,-0.0022211259537476464,-0.01806543491179055,-0.018893758865333725,-0.0017147693102281677,-0.004455703529875409,0.0055036122503330336,-0.00016068984122190831,0.0040630727808075254,0.0007907146777032575,-0.005505693381522492
2021-09-07,0.034013637991345,-0.04322917506132976,0.012898189302849219,-0.009873966993502426,0.01793205824878503,-0.0002768542070816435,0.004983009967633343,0.0016481295120272027,0.01652724460563708,0.018528504514939613
2021-09-08,-0.0009592806199566361,0.011537883572985458,-0.015382617720415012,-0.01787387974272546,0.01209030852610299,-0.012382958331414003,-0.0010687889360924557,0.006878212941855549,-0.007507179112910433,0.0019764496668446124
2021-09-09,0.042407590508897725,-0.02644393398746722,0.031169735117974256,-0.032868821041121626,0.013592151227855436,-0.012895757620587672,0.0013530634724838203,0.009052085529116613,-0.005088357909900567,0.007768252979385235
2021-09-10,0.022277613611060013,-0.0018645772684864502,0.000807813469169814,-0.004969874390151977,-0.027197635105427317,-0.017029880092925442,0.013623917124577088,0.0003377913675531249,-0.010315596692859011,-0.022719549786490285
2021-09-13,-0.008668495094312445,0.018825796828727745,0.04930070895147806,0.0029509364838300133,-0.01814587311177474,0.028910895748830587,-0.00256076650150425,-0.018891953106294747,-0.0036144121230885524,0.0093025332481046
2021-09-14,0.03969785088226408,-0.01973137381524063,-0.026512973091318514,-0.005942018082737734,0.006756228951957703,-0.01353210113252377,0.01942003365660868,0.019829320430088643,-0.004427665427446878,0.014189813754478735
2021-09-15,-0.051778325533377634,0.005584783179409655,0.024212784507387924,0.008203310802505127,-0.0006665364460884255,0.022180499492333833,-0.0020662793344948657,0.00738361675903162,0.012347764316286305,0.0032129382545749803
2021-09-16,0.015893722832451336,-0.018284221553118502,-0.008339014296749006,-0.008345975621132587,0.007435633304104021,-0.00837333564125795,-0.013699222951437965,-0.0024510356483386383,-0.0007637411082549486,6.521928211881578e-05
2021-09-17,0.04764128901197637,0.017499444053470554,-0.006709812996408973,0.025812713831772312,0.0029928554763447154,-0.03080200051956165,-0.011123789490406443,0.001954511188008391,0.004694142425281298,0.010190011953409938
2021-09-20,0.09805114345178016,0.02902397293789538,-0.018015828607813304,-0.0038067266923929623,0.012405268204981687,-0.014127924191708269,0.012153003047095736,0.003472727270287497,-0.017377115100318835,-0.02387633335617166
2021-09-21,0.002136128095528236,-0.00519831616609052,-0.017320091526190882,0.004577906058524726,-0.005335495881723996,-0.00407817253922339,0.001369572510329742,0.018530555576119805,-0.005311328808907879,0.01477008975991866
2021-09-22,-0.04362851599276098,-0.008577073585862734,0.05189189918127482,-0.0038224223431943434,-0.011544116752619654,0.003916713645724766,0.017210252479495966,0.019767996134421338,-0.008170273830994517,0.020145725629149663
2021-09-23,-0.0814288053896141,-0.010127146613494092,0.03752634949014646,0.020946142156280365,0.019216646279400094,0.014982416211367018,0.0012766036266003684,0.012280410268700599,-0.006330858602684351,-0.009220654514084811
2021-09-24,-0.013852446542923174,-0.010122724556162145,0.009814767774980181,-0.002548956294271499,0.0005229380035508095,0.01806794260015202,-0.013485387755483576,0.00947888591448509,-8.317620784334998e-05,0.010600226940480942
2021-09-27,0.03463988626191106,0.011784629768985476,0.06226093739613971,-0.00010768149026169347,-0.013646692265430213,0.02769472791390918,-0.01019360057186245,-0.013744140874501515,0.005578696850138198,0.015506704150475809
2021-09-28,0.13338739389599827,0.04884915682274621,0.024464949295030364,0.016596098518434948,-0.007435179477263635,0.008013842468549017,-0.005456956501759516,0.008230296105306218,-0.009463903195379228,-0.0035905937915322837
2021-09-29,-0.025174216718963013,0.038521286343888364,-0.0180842621702935,0.016671404201472503,0.007117988518992998,0.005461902966540564,-0.00752709430103126,-0.007272643159228796,0.0010244771583280308,0.010714319920053506
2021-09-30,0.07878594071788952,-0.028925262438000053,-0.019003144020059745,0.0028521547544401067,-0.003806742847770395,0.0036717519524075448,0.0032097612462531856,-0.005364709345973589,0.015185950422448032,0.002015058114962966
2021-10-01,-0.07896330919722688,0.005812836966418446,0.05085530681245684,0.008033065011947723,0.03660525534909368,0.02324660094761005,0.011421070778496486,-0.004534858030297516,0.00014086937055659933,-0.01375825399496521
2021-10-04,0.08261324377987579,0.061362785519249105,0.030430403778647624,-0.003044566048362678,-0.014449163112101817,-0.014586743506926401,0.007950807014630091,0.008623777908549618,0.011301176750922822,0.01770196024084318
2021-10-05,-0.06697273822771602,-0.024476210620597138,0.006750292391595864,0.002152920651605742,-0.012668120572469186,0.0030142119995357833,-0.012327284890888567,0.0010528650760063085,-0.015726741860880827,-0.0050338006737683
2021-10-06,-0.029539558948473283,-0.010195895552510329,-0.01739081025987377,-0.03320069646485407,0.011643691208839532,-0.0075381087523003,0.010179423751978294,-0.001632085569607518,-0.004541590860164601,0.008407376307676673
2021-10-07,-0.05730479930120409,-0.001811206261940401,-0.009661139388932205,0.009028980388259344,0.0037247591629923837,-0.0030487781105555437,-0.01587618953169929,0.01179303019978,-0.005273487120691002,0.00822279522460561
2021-10-08,0.008399073005100911,0.0026367346835396268,0.026206343893520685,0.004252037229218963,0.0013907421246946248,0.005501821952876269,-0.003165475249300611,0.04892337147719662,-0.024138433943784534,-0.008908402188599595
2021-10-11,0.05439658221994466,-0.008222301846621937,-0.020649630588339407,0.00034143191253683744,-0.010950108165512106,0.004841071316097026,-0.0010994417052313022,0.022699786801181815,-0.028460570185636334,0.014393934285136741
2021-10-12,0.028225189924667826,-0.007134082355591345,-0.005602053486892394,-0.025944370964101956,0.028896014766147404,-0.00685341404517811,-0.0053025898816802175,0.018391471389938567,0.015204403227347993,0.01639579590687958
2021-10-13,-0.022990702110703864,-0.012295519180403046,-0.016807525511523952,-0.007631292039539917,-0.003472776632524366,0.012469819757040031,0.009489009849892574,-0.001619822149083043,0.013523936530029616,-0.006652864578602602
2021-10-14,-0.1024673730688283,-0.023213977802021796,-0.003734734534558306,-0.001693411422442078,-0.03212195727018945,-0.002601829319455009,0.009780060433950754,-0.005679877402495594,0.01160243838374761,-0.007005780414793699
2021-10-15,-0.06164874754612891,-0.00889103005092186,0.034969535616644475,0.01275311856444579,0.008192980225975728,-0.01226478652673113,-0.014853613166322962,-0.0020051514033451,0.002874395234714322,0.02854083802428375
2021-10-18,-0.011508585255431308,-0.05532211606688866,0.00041264716626041855,-0.01462104933208622,0.0014656374023409404,-0.003696727135434134,-0.017684752016013182,0.03179257460734,-0.0031728871969713833,0.014991717591878307
2021-10-19,-0.06395907071255005,0.007192211087437011,-0.002914133432852708,0.02184520697808797,-0.014375059866697619,0.006610174800306346,-0.004655358535531331,0.006153400924946218,0.002241833487460687,-0.014295692001376476
2021-10-20,-0.030333068178282283,0.043259221500777496,-0.011547062509605643,0.01435923984256855,-0.021386810026134667,-0.01877954146107318,0.006627651001497663,0.009961671838509859,0.028399151049190326,-0.0011636911279999894
2021-10-21,-0.021713112694593535,-0.03408352816055947,-0.007429070300298665,-0.005880821149855019,-0.015772419362869862,-0.025182857729282353,-0.0159777801258631,-0.003983265071372232,0.0004858486712478326,0.03062933326620678
2021-10-22,0.0005207578448943664,0.03687456856592913,0.0020480586245674366,0.0019560053944108384,0.005728344550142305,-0.031215510160914468,-0.016694252733277695,0.037926934670021104,-0.00732636955118725,0.020556712201382416
2021-10-25,-0.026101720252511347,-0.03169596277460568,0.013485990952860348,-0.007706174258058868,-0.012295436233911126,0.02255677254984479,-0.01842003837684212,0.005367935626858147,0.029841524647108205,0.07348084114493103
2021-10-26,-0.021321903548710854,0.008590732208712504,-0.010728912847850373,0.013018120057960537,-0.020190681178088095,0.0019298571303734845,0.012109728050908654,0.01303781765730103,0.010275868281948519,-0.00900443491968841
2021-10-27,0.046264594773781455,-0.019210701939728795,-0.043158579151656766,-0.0228458097058097,0.014160115494994083,0.006484495410909659,-0.011910960177516298,0.01765340410811717,0.00551492447222892,0.015607929502756716
2021-10-28,-0.04972372199078527,-0.0008814191766690871,-0.0013049782970302663,0.008402794933958522,-0.020406121062077398,0.009605899882701226,0.0033943227405129894,-7.784924944926676e-05,0.012875652992895035,0.03809484657282622
2021-10-29,-0.03879880552154661,-0.009968344672665403,-0.020714734523731224,0.036398007353746833,0.00212219921161535,-0.0018624491618644383,0.003966428896405274,0.013151804296986288,0.013638729137462896,0.025132357832528967
2021-11-01,3.465115991026337e-05,-0.009993790621219871,0.017258883152363853,-0.001937585422274904,-0.014170248383995795,0.006636956664376308,0.006629020883555254,-0.01821926824857913,0.03551379811966206,0.06385206469363264
2021-11-02,-0.027332808418318373,0.0023040300777698846,-0.028612915523193293,0.017127302933444798,-0.025587866372858474,0.00640149284044795,-0.0012385936073370692,-0.012263849985392969,-0.025380156059001346,-0.029113097768229866
2021-11-03,-0.04985309074172668,-0.015026207775606122,-0.018819628966350407,0.005942476926805536,-0.008601261522674363,0.005949622893802006,-0.014059789398428916,-0.02120906268156399,0.006017611349637767,0.02959659787254593
2021-11-04,-0.041251257923917845,-0.06554836241044833,-0.022440487363158255,-0.004338153829047248,-0.017779673582372015,0.03270580307488089,0.0015872418814637925,0.014615576296249941,-0.010112230838804808,0.014492798408055224
2021-11-05,-0.021427555515425946,-0.01946930875602216,0.06007508132432734,-0.04158426626384678,0.009553279006392704,0.04017881945431219,0.014952077581035837,-0.03866551045776341,-0.012969472179190448,0.005056028809807349
2021-11-08,-0.0008021178538571465,-0.013417184411059945,0.01361000192026428,0.031959572669540776,-0.00035384537203217334,-0.027264590481800778,0.02168041729303731,0.0194230998649734,-0.01073505723034801,-0.04781361510334572
2021-11-09,0.0117443113257362,0.024981901024417535,-0.006037353683068654,-0.00842029193761821,-0.012721939696190128,0.0059841413711239425,-0.010335489360896673,0.012749230242817239,-0.018702735474935697,-0.0661284161266123
2021-11-10,0.029654003327698526,0.06050038030260948,-0.01327829464544501,0.008588048551418252,0.0248057012253514,-0.024226670890771435,0.005641311069321329,-0.016024609355503025,0.005023328475766071,0.03056747627629662
2021-11-11,0.012150243311295817,-0.023859474478807114,-0.012612463941242973,0.003989132811684635,-0.03841792859912455,-0.0010195329205706489,0.013193171322769506,0.019476562012379028,-0.0028728753891314953,-0.0014221942838653697
2021-11-12,-0.037063467443839995,-0.024435223187825282,-0.015146552299458457,-0.0006001723992639678,0.023853070089315906,-0.0016306511310262791,0.0016253318273816287,0.005552187149474322,-0.010238869625037847,-0.021495308365342438
2021-11-15,-0.0004502392266840268,0.002123047980145431,0.01152310767767719,-0.012104914212089023,-0.003160042596667534,0.021295763334819463,0.012243702218738071,0.007499961697331141,-0.002128857219293849,-0.015021042916161747
2021-11-16,-0.029128361540723548,-0.04537823249744718,-0.0011839837866026773,0.004357770132624678,-0.008925745726431834,-0.02366158428318434,0.016414123321533695,0.018945721713164314,0.008467243931837764,0.018870342578730773
2021-11-17,0.021000548262877682,-0.004597111390734473,-0.022315288018932608,-0.0011095146537998546,-0.02135636605575444,0.005005925571726221,0.0012834776397424935,-0.013482336383292482,0.025363230095139175,0.02602382482704524
2021-11-18,-0.0025215715877527824,-0.05073145578024261,-0.023041837719363138,-0.002752670623135926,-0.03511054367097388,-0.004069409546777729,-0.009372518776279466,0.012843079665382274,2.3883511889912414e-05,0.02379754303553355
2021-11-19,0.019091622853754025,-0.05341934362103603,-0.04507606771302894,-0.025618476607935623,-0.016992062539115126,-0.02181891131268296,-0.0023162879541349314,-0.011889776760521716,0.00941720163576248,0.024627241449947927
2021-11-22,0.025213504244347706,0.04847217686820441,0.03976855974363235,-0.0149239755143563,-0.027945049297293835,-0.0085018385931813,-0.03027008791910947,0.0161541908202334,0.006460428346721921,0.009944984473144652
2021-11-23,-0.017524742892559515,0.05149006415629133,0.02141372190119516,0.02136754857653388,0.0001305304193763944,0.01136848187684121,-0.01002793863313936,0.013519270443764412,-0.02004490101298411,-0.01638247679006015
2021-11-24,-0.018027168405112606,-0.02616726202814813,-0.00022411388591903823,-0.0017622372488791827,0.004600204101940205,0.008476640317966492,0.004933017603409989,0.013625621218075888,-0.0032668150719348424,0.0002579696205092384
2021-11-26,0.1410096476695621,0.007922954654522798,-0.05667005294602883,0.005330938591549138,-0.011204934799309412,-0.039245731486751506,0.004239146058123867,0.011858178471988423,0.022282720601379098,-0.037205496149103734
2021-11-29,-0.08411117892684813,-0.08129647375956485,-0.010916589419780133,-0.026246454231464107,-0.029762225429695168,-0.0022804150336492943,0.03497147505694952,0.007713505686543819,0.01651266360539735,0.021153001316426084
2021-11-30,0.1369812956640274,-0.021402868908525784,-0.0005285470397663587,0.007819765474647916,-0.008244577541941512,-0.010033407403652423,0.005085235211589322,0.0013212374234093673,-0.005403174252115556,0.025943043989171303
2021-12-01,0.06378802023802792,0.06162194469694104,-0.021154086075279962,0.017888887949372014,-0.013279157670570182,-0.004930950694143565,0.024647664734536827,-0.004124218627626275,-0.01906580566770505,-0.01599910702301341
2021-12-02,-0.09438134887782397,0.0072165312497229055,0.06655475666678384,-0.012303427427059333,0.03566889567047642,-0.008381891106920288,0.00925023626186677,-0.01775312983581871,0.002028644020020114,-0.01769004986003896
2021-12-03,0.026255926551377158,0.07487411238455378,-0.02238487460547128,-0.008158307799225537,-0.018312976911095177,-0.013393339879743003,0.0012955505832653374,-0.012679298906937279,-0.016600339867458073,-0.035089661553769656
2021-12-06,-0.08596260933607407,0.026158779860497423,0.02193506595107354,-0.00583560401033652,0.020503606424605525,0.031063856183402724,-0.008644167276090587,-0.024243397464266906,-0.0242668982181848,0.006276131139778777
2021-12-07,-0.10724610206641935,-0.08924759322224594,0.007841328887464324,0.006853189398501327,-0.020072455909255982,0.005936547982067211,0.027027328480031695,0.030169353164918544,-0.014597370882890742,0.034382745176030995
2021-12-08,-0.00019744689075429895,0.00031729986161308996,-0.013805527539766844,0.019240635287251565,0.03376892775618077,0.00595636201736584,0.015768716342525933,0.009049786491088264,0.020705744789136504,0.017921054845396925
2021-12-09,0.02771374497479153,0.04692755768617205,0.0030791881953306966,0.00811296053940924,0.019276215774778217,-0.01417423664321538,-0.01131522467924895,0.01516080882512952,-0.03216397137175796,-0.033882738063083055
2021-12-10,-0.07766744682433216,-0.018259401393129825,-0.006884617294160896,-0.030715195861336756,-0.020555720438539513,0.0075283143202298395,-0.000977277851273825,0.015514560490492118,-0.03791775389579597,-0.0014054625189165836
2021-12-13,0.04185943312603644,0.06663166599737412,-0.06545039412835571,0.006797032003680122,0.0167441388154027,0.0038609637535406863,0.008249008616628119,-0.0035035461223136724,-0.0072319332874430904,-0.024358739813216252
2021-12-14,0.055645629655896596,0.04993282259969865,0.019012651441002577,0.012349233184224876,-0.018657815095018397,0.028219285624720085,-0.019836977890513138,-0.04102698863786866,-0.0018458141534763819,0.0067886356899523
2021-12-15,-0.12150167085129084,-0.04201667289568951,-0.05438605843490113,0.03312700621827825,-0.03239504194506943,0.009612211827884395,0.008577440721131094,0.011887857972547346,-0.016940022195024503,0.00563488902188513
2021-12-16,0.03162557505847875,0.1217247767854229,0.02095405547559576,0.02213715487773708,0.04265533134374033,-0.028256418942703934,0.007402807035528365,-0.0162610156723058,-0.003375694015203643,-0.04532679565253645
2021-12-17,0.08530121371202792,-0.034172077170198545,-0.010518485350429773,-0.0031568204933335128,-0.00013064370824258668,-0.006413178699952318,0.023668383246659788,-0.02554569532249109,0.02379935574611741,0.0027829887630945647
2021-12-20,0.07278512706291397,0.024388101873706297,-0.026479325544433472,0.0016581955536730747,-0.030154180212099,0.002456959859751323,0.006946821545868953,0.003183263670734464,-0.0007535118711926868,-0.0063714208963058724
2021-12-21,-0.09064522255995966,-0.05220649898049519,0.04261658450128555,-0.01238340618794629,0.02010508916569257,0.01124501290025791,0.001135621191978907,-0.0032269441581186985,0.011441504190067084,0.02857413472558503
2021-12-22,-0.06154880695097378,-0.011175839557890853,-0.011317567743997895,0.008667809073277494,0.0004881991138710856,0.0003445460866260929,0.011514205658199439,0.007047976582215177,0.024590927177574086,0.05320872758694609
2021-12-23,-0.040694937268563124,-0.015158500591510794,0.008245282926095492,0.005479867721671386,-0.009647370803961035,0.004876938573281642,-0.005692708583928934,-0.0183748304433799,0.01540875764495109,0.034758185516635384
2021-12-27,-0.08829628409323127,-0.02116399379894155,-0.011412133255787896,0.005958521831981356,-0.02427350269807425,0.0039516064829004625,0.005716640779284921,0.016618597484668176,0.007546686564869523,0.010185197545717872
2021-12-28,0.0085811945804259,0.025498051298674697,0.004734693662547648,-0.014977615721133838,0.004693580906660659,0.004181761589702776,-0.016044325195963435,-0.007952804241164929,-9.959523258283615e-06,0.003165703605034857
2021-12-29,-0.01271450925345752,0.011513887433044375,-0.012286912116626681,0.003273909256999456,-0.005120873372803134,-0.018766158740123922,0.001284087111123698,-0.0024785069990424244,-0.007386268132930678,0.005368400668569698
2021-12-30,0.018915401292247194,0.012163985433015624,-0.00795760516014813,0.0032947917074730502,0.016706245052728257,-0.006679158422115443,-0.003035643498576038,0.0005448266854705336,0.008445596133868926,-0.009925795687354888
2021-12-31,0.012098133523081141,0.022032119838268124,0.005720872271942855,-0.018187736116334455,-0.01336251366058207,-0.014343264948963675,0.0009198581404160894,0.015209573831976261,-0.00973653408046168,0.0030377129781323066
2022-01-03,-0.03413510087768011,-0.03583000504456678,0.06522582000288632,-0.000526699822455233,-0.006924950898825402,0.06487654279805308,-0.005775657157057357,-0.027860713366008247,0.020649939657921244,0.07272871582067396
2022-01-04,0.00933946185014286,0.050222329333167295,0.08915600399202628,-0.011797110046492693,-0.003169678688933141,0.012534525193167157,-0.00017711103001755548,-0.01575556356057856,-0.03409835546475474,-0.016224127436587778
2022-01-05,0.09161504240336661,0.10432251576343958,0.022521976276167182,0.0027875938379121096,-0.017605417194193534,-0.016917806673715743,0.00900362603251114,-0.000354699142186362,-0.0037087902810775336,-0.026449294597468347
2022-01-06,0.009301695794516557,-0.0037218020812354066,0.03868156762034653,0.009830967100284548,-0.00393752229361385,0.012069930136162426,-0.010026939207628803,-0.013539161424793682,-0.007428894198134612,-0.024183874417042298
2022-01-07,0.02907849486324043,0.06376512222587732,0.022940978998648123,0.011290765140054065,0.02888064177375065,0.029831472005896757,-0.011782628221704665,-0.007656838247593695,-0.001372075705515725,-0.03304660918089925
2022-01-10,-0.007833356698151906,-0.009691224312335638,-0.020820451238605313,0.059193776687488826,-0.01712275678669473,0.013370779698529454,0.028494181193920245,-0.013204763629421424,0.004849042889496116,0.012826628484504842
2022-01-11,-0.044168223509809375,-0.026488090849751796,0.02687588188097747,0.013138562889591948,-0.004249714621653351,0.03246275927413722,0.006126194839546685,0.009287770185133859,0.0230465838087041,0.0010161259638368958
2022-01-12,-0.015830926947639583,-0.024882714847775093,0.009133735796699951,-0.015736692758688338,0.005750643358848131,-0.010962415262084482,0.003129345821350922,0.002880027527545183,0.008695548527878846,0.03224644821987887
2022-01-13,0.09636564748158641,0.07391944685122069,0.033958316928609324,-0.029070443987535666,0.0054277889807793755,0.007421411520553214,-0.015904130624653488,-0.020196002010112547,-0.03475242588070926,-0.03288054640486781
2022-01-14,-0.0033389493475105563,-0.01884317442959488,0.008279915213509126,0.021335462487266376,-0.01063889317371366,0.04894739642332049,0.03526166835786661,-0.007822034141831103,0.004531440470848142,0.012474414979978126
2022-01-18,0.1142636808747207,0.044772889079313705,-0.0034539176976372257,0.02375049048733632,0.025986244144530803,0.01054664589675428,0.0013786206571729286,0.01875149407304536,0.014475157164134892,-0.005737961429458343
2022-01-19,0.053721700521983724,0.041598448314452745,-0.028617953760397056,-0.024297526256366882,0.02411229507850853,0.0021308730294043172,-0.004192148633945446,0.022072458841159322,0.011113124266136282,-0.024056337355868665
2022-01-20,0.07241865284535746,0.035796092056014576,0.005678725449029948,-0.008145834959116438,0.03752704861185764,0.0019112041570526427,0.011077016969828688,0.010668836993201172,0.005948694687080433,0.0007996815392618546
2022-01-21,0.09085040221794445,0.0534900686492619,-0.013454509274635991,-0.007682637426389664,-0.03860742447857584,-0.02950090206426188,0.013803775019488262,0.006231932904200891,-0.03409092717342114,-0.02592125558584457
2022-01-24,-0.011812036371351734,-0.04680860842914044,0.012944876371514718,-0.014478304946395936,-0.01869165314157656,-0.0030082061031174523,-0.024783091399106866,0.0035051416729495535,0.0004990357028698744,-0.018029744386456995
2022-01-25,0.07508713668697842,0.07514488724518606,0.060271990095340136,0.03479454580126241,0.003782942842261256,0.01592121945294186,0.0016831827221295296,0.008890620769202946,-0.001722267455958977,0.0054916564827545925
2022-01-26,0.014825058747451238,-0.04603309567081825,0.013363640333577441,0.020027325948750965,-0.022412689389316728,0.01775204160705171,0.009612269537160193,-1.778155635433742e-05,-0.046030239056787325,0.03883486213282399
2022-01-27,0.023770791029728528,0.06499941295554758,-0.008578076329577982,0.016740976814692856,0.06565796753895678,0.010739483251507764,-0.019003535471768255,0.026710014335237908,-0.00922948765622016,-0.06000140453716321
2022-01-28,-0.15245322136400039,-0.04286622128612164,-0.0476641936873064,-0.00029331480114835857,0.026656439947613436,-0.00921661178291165,0.002298055512299144,-0.021870340847522443,0.005010920179085834,-0.001997716928823807
2022-01-31,-0.11277293974246672,-0.087436990915142,-0.016924453353915687,-0.022386961852833898,-0.02840061667019338,0.009836718430744075,0.011143518519006988,0.008387141172502523,0.052910684113243366,0.06127800113570634
2022-02-01,-0.04633934007771447,-0.005329976679548987,0.04521118319048028,0.02081320912813333,-0.0015618717820165794,0.0035610178520648393,-0.012373618631746306,0.01858393255122544,0.009576401605572958,-0.011412536723280959
2022-02-02,-0.07883342715538949,-0.003945361958506271,-0.0147109542139745,-0.0020498901788509015,-0.03445880111364078,-0.008841001205771963,0.023748657099454624,0.008401037039629277,-0.031131791676256338,-0.025550759283374597
2022-02-03,0.13895300546193276,0.08954629890789668,0.00361728560174943,-0.01332890674115513,0.003093247206722065,-0.014103752073223973,-0.017594133300907793,0.00749837068333672,-0.013608985814480393,0.013671013356500974
2022-02-04,-0.007634510786530861,-0.04287879269157686,0.02742710745242915,0.015199658273337895,0.013850677767154256,0.02167418546302224,-0.0075136454497639685,0.005971110423719532,0.033179426066830525,0.02597562881447136
2022-02-07,0.030658075030219025,0.03710837804340397,0.0330368379712453,0.01680468183767236,-0.013606413100269282,0.0005035221017775879,0.0008122456405277285,0.003941309479628765,-0.007361875464726182,0.012858103463674157
2022-02-08,-0.03915700964965309,-0.018798539698121165,-0.0027334090070034447,0.007919796321679554,-0.023556233563435832,-0.016619659025172984,-0.00490972749177454,-0.03181748089893599,-0.01940722265395753,0.02421911602668191
2022-02-09,-0.09155798861597364,-0.05782877202424225,0.0029468197041949643,0.001743307736418755,-0.0037082275200039563,-0.00185848356133146,0.009205262703128488,-0.006230756404409991,0.007922047358587876,-0.015772859514889787
2022-02-10,0.13080576948845624,0.04373056257780768,0.026127057592026433,-0.012144671250418524,0.03418228625324745,0.0061579738869351605,-0.013812527050316747,-0.017606367816952895,0.010257685513083425,-0.00451954057680704
2022-02-11,0.13606320981102968,0.09865562354423583,0.02806097713339021,0.001685835828583674,0.016027427048230656,0.029844855221622297,-2.8762298704207294e-05,0.019872851857858028,-0.0037113137600055923,-0.013198690924303499
2022-02-14,0.01293092884313672,-0.020953575881565014,-0.003855644113072141,-0.012242613774055156,0.005839374795705522,0.0012598523918200596,0.0057413203552006044,-0.019372796508934833,0.006405205772292865,0.018006714704628314
2022-02-15,-0.10099891012751733,-0.05780130450704528,2.8935184717903892e-05,0.013387278718984773,-0.026810562732081336,0.01192828320620551,0.00021082637334472428,-0.0317009421493165,-0.007372608625837488,0.03508785597378302
2022-02-16,-0.002143999130919554,0.009802982678942578,0.011878797617016426,-0.005920420348633598,0.005356561358139234,0.007196494208924461,0.007115087459116529,-0.003777071135396989,7.875757650282903e-05,0.003824718420510309
2022-02-17,0.12195402056611417,0.0940348819370542,-0.01625458044802478,-0.03392390417772299,-0.024825604372918503,-0.005027291253500036,-0.010604098237806909,0.023984447840868603,-0.007482677139116008,-0.01733337744450251
2022-02-18,0.05024673299416595,0.03039878280693233,0.008246980725500203,-0.008098704463469957,-0.0035711876572685065,-0.004904212881532986,-0.0062591106777533136,-0.007894039395492476,-0.017004722107432455,-0.011021935873062752
2022-02-22,0.05879856815226382,0.016635285503820985,-0.002239535740863543,0.01865564434771148,0.007025364364026172,0.00041768660734535664,0.018879265262922506,-0.006923646731209624,-0.02193679256795141,-0.02660776444620458
2022-02-23,0.1107484076778138,0.05363722349729989,0.0019322911832348195,0.03496238392474831,-0.00846635681124536,0.004850317250217312,0.012125485553333891,0.024741411087017568,-0.010487453356048565,-0.035235346953353175
2022-02-24,-0.09202843362523823,-0.14440494156329714,-0.02873728050364491,-0.005174965932054175,-0.003530884355308517,-0.003976096136733507,0.007704297998345981,0.015231569525099058,0.037348982452497674,0.000977944519736104
2022-02-25,-0.14285941274019437,0.05749539360359164,-0.00041921645197795434,0.023037040179443084,-0.015989143702260063,0.014619572074149918,0.002628035100173635,0.011289443534610819,0.006898802401738712,0.007608125061772806
2022-02-28,0.023017932511093225,-0.03824163628162734,0.013627308761078196,0.00847099518434102,-0.01905212371362713,0.024774015380646622,-0.003935550191948533,0.02769399344101689,0.03952711344963982,0.055512486368687615
2022-03-01,0.09518841319211727,0.037993288966832746,-0.020482232261921737,0.006295739852890985,-0.015044436578548962,0.02843772690149174,-0.02047908270637433,0.048610051161201116,0.03217610425196722,-0.008646024306006255
2022-03-02,-0.10933715727280423,-0.0161884147088644,0.020524963067979473,0.016823151697625584,-0.04437241414861711,-0.011388115672979553,0.005997920743348164,-0.0005474540308252526,-0.001823776517398948,-0.007826261660137264
2022-03-03,0.024601820999716133,0.06766819838550495,-0.010854866082687339,0.010434519257117216,-0.02201115857794682,-0.004975000863395137,-0.014220314522228121,0.014254712985393174,-0.000765257907462598,-0.03728419368656727
2022-03-04,0.03914836906236595,0.05274390283089369,-0.012968752584710601,0.008094705204834421,-0.050890953141425756,0.020732556398154373,0.0013769488643175446,0.03596667437142701,0.013628812430341048,0.0024019314034520976
2022-03-07,0.1775478218625373,0.08974526956440347,-0.009302257573609356,0.014546638571467875,-0.033215349562030684,0.019898828192967066,-0.007035891517362472,0.05479422626791158,0.02835378085346059,-0.020080536334352295
2022-03-08,0.061325168954346115,-0.0472230940411228,0.052991510198752034,0.020006736377041822,-0.013774462336141293,0.034709183175382255,0.009147996705572595,0.0012245082238665818,0.008331288585214081,0.012178199830907848
2022-03-09,-0.15214237999278094,-0.09678296355926612,-0.014571336106369235,0.018647326085276125,0.036942292258504573,-0.027117886615601362,-0.006025931026855526,-0.022057458352166114,-0.03696726716721979,0.025903452716477468
2022-03-10,0.031638698728206835,0.0174730896756563,0.023086834675479628,0.017581989770553336,-0.0035782695008999507,0.005645519404146605,-0.04583700225247879,0.04698379591514835,0.016778141150174064,-0.01887506395333692
2022-03-11,0.075643404318063,0.04525974852768626,0.0008424068126868743,0.012538797047849045,0.00237460640907727,-0.006317935090199474,-0.008542111611002453,0.006661585686904336,-0.034811317488887286,-0.033626539180675284
2022-03-14,0.04107272931041355,0.08240193138895367,-0.0318482346760047,0.008173933523470941,0.044300287571120894,-0.03361747077287187,-0.018385935459201454,-0.0030439287754283678,-0.0368806602078331,-0.0029637421592612744
2022-03-15,-0.1545336266245802,-0.04660979580609359,-0.06312039099281805,-0.02777755760834546,-0.002044026467390407,-0.016586097639207036,0.00021230045616636942,-0.04469685953951523,-0.02104883817540656,0.02847305169069179
2022-03-16,-0.13394549544076453,-0.09901352894148949,0.009700268492046131,-0.007108958289641994,0.015060206597067234,-0.01739020225759614,0.013148213479948944,-0.026415447598137586,0.021984295531317307,0.019977272852916426
2022-03-17,-0.07045467337258571,-0.0037122024885375554,-0.004286009678841522,0.025694483375329615,-0.00572280736604616,0.012967910475494511,-0.015641975245950564,0.011350946646817494,0.02615783803662686,0.02426768975248688
2022-03-18,-0.07895826227310392,-0.07177555392862588,-0.026179442776521674,0.005431237942194642,0.018041106246212187,0.0001312645781634486,0.005038160556252794,0.014504898105178084,0.010110679592649333,0.02956413251814876
2022-03-21,0.010029294821305703,0.016958427708858158,0.026369750776959192,0.018541398975529255,-0.022228161521644533,0.032067469976136055,0.021364811627905916,0.022907973681883586,0.013119353376738564,0.013367428412634177
2022-03-22,-0.07100893288365748,-0.04617898343776351,0.015361457391090905,-0.018994007790437917,0.015767898591006153,-0.00013535243460887478,0.001812813066579328,-0.017680029668808776,0.01928300500519746,0.053522437660040716
2022-03-23,0.10139795646525551,0.03624647023277386,0.012860435562304687,0.0011461539098089667,-0.009945088058490661,0.03909030405366303,0.0028730718936853545,0.00920431463975916,0.01433409815167043,0.019379137486164124
2022-03-24,-0.09807953550989994,-0.04952755167449185,-0.0072280497752586536,0.011343555501706754,-0.03791425064536034,0.028147875184186745,0.033660247008475544,-0.01738541955531949,-0.020019497756219366,0.009098736707111742
2022-03-25,-0.031601551660667936,0.031131831247290458,0.02088453491742276,0.009074302962951938,0.002609025897101176,0.008597853874653835,0.004995274779568128,3.807939431726422e-05,0.004436168244082782,-0.0001555981232282431
2022-03-28,-0.050595727073842474,-0.04880529726321941,-0.05062271271791845,-0.012618528141265515,0.003896401741111711,-0.012871493488355822,-0.02041906020320916,0.001717691765104671,0.015134494415770304,0.04175648824263462
2022-03-29,-0.08188273569654436,-0.03997819856633646,-0.015538388276209654,-0.02465817878507472,0.02340443246272722,-0.009007054637997565,0.014594416690917402,-0.011951899260774898,-0.009676277937979217,-0.0030306344847694775
2022-03-30,0.03612907906115064,0.062216799070438276,-0.016449857980434024,0.010462301294869435,0.004888131717623329,0.0071329733524860064,-0.017253941644589738,0.029184684896072864,0.018155776772362582,0.0013126522137234394
2022-03-31,0.09711580948891077,0.008790365862174609,-0.025288351065775167,-0.0026181259576712208,-0.0015605809867989093,0.009295303017482612,0.014111657399958179,0.011488457138637938,-0.019588925556655944,-0.00020894342106988453
2022-04-01,-0.0161130818609341,0.04475438989347648,-0.023813220000211917,-0.01003089999176541,0.049420360585641546,0.04192424310459147,-0.005611678429585534,0.0011965752849003172,0.015465112959187705,0.010057959344632373
2022-04-04,-0.0532512646378008,-0.07755658780757402,-0.00502156981920777,-0.0022333636428085906,-0.004457021529163998,0.029622308751349333,-0.0005997077893976517,-0.017667898676402127,0.02429325221568252,0.014811419868157446
2022-04-05,0.07942815144114092,0.08186746542563039,-0.025158374513663588,0.005515951741448883,0.032594582797834976,0.001444450148087171,-0.018277502162269057,0.00885672282706852,-0.00587240888242354,-0.018206806496339642
2022-04-06,0.053620650587519615,0.1337077206674161,-0.03773918247555489,0.026820224406437096,-0.027726210565280678,0.01830675051154771,-0.010325420645331746,0.013959146952598346,-0.011387076866973534,-0.004700911840607089
2022-04-07,-0.04500885139426415,0.02829243749158732,-0.027719227079079856,0.0229607867606026,-0.014152890338874539,-0.020462148496410763,-0.00206085510367066,0.04097623976213826,0.01629395627976939,0.021891582288668315
2022-04-08,0.025342101660636877,0.07003670094002651,0.02111104800407508,0.01476981312839464,0.019897853643173678,0.002414994169338716,-0.021337325973955885,0.0025256130450373704,0.005570080880763282,-0.02053843230159107
2022-04-11,0.10904445956896304,0.04554693889202569,0.031549777489309025,-0.023031136921231092,0.00599825842085085,-0.011944648086086591,0.0055290074923041365,-0.04522805803147177,-0.036045384795118665,-0.018823034172245477
2022-04-12,0.031851059138188545,0.005161882827556644,0.030112964508241885,-0.013542983335259207,-0.01617758941362831,0.03332750309895769,0.005812100330791845,0.0039743018950696655,-0.001661057167377965,0.01800909608859915
2022-04-13,-0.06553379248648235,-0.041020205495208045,-0.0015238144067009475,-0.02456909116807022,-0.01605488114874796,0.007515843557248961,-0.003526161700172205,0.012726926566000316,0.01836650930810035,0.0133703298636397
2022-04-14,0.07090428629721059,0.06847506391666916,0.009658299933205829,0.0044787863475346254,0.017076365542358498,-0.0017649797813241888,-0.01360155058163272,0.008304386998021135,-0.01355749530458392,-0.002087986382855572
2022-04-18,0.013607624273698198,-0.044370073380844866,0.026135006352555376,0.010660922457537107,-0.02466514433493142,0.015622733100250745,0.023090485278456762,0.00761995103510151,-0.005052557852167093,0.018457444309055708
2022-04-19,-0.10570640371775372,-0.034103567551955975,-0.0013043106826708993,-0.03646065175792336,0.010026759484746002,-0.01209770569838351,-0.01706312219629765,-0.03193307366644943,-0.0017231723326116795,0.00010854526181839543
2022-04-20,-0.005513784282446105,0.07326368248462604,-0.012942307955347471,0.004313885129772779,-0.025497578075881235,-0.04693228312623317,0.010355730568486106,0.037374433770109634,-0.045433825994304844,-0.027399709070712208
2022-04-21,0.08841621285283725,0.05392616053034377,-0.012770369951449234,0.001586650391171162,-0.005612734333566175,-0.01895944731370343,0.002394735622597397,-0.027496272656507545,-0.018469465250861985,0.032966514342463164
2022-04-22,0.18686757611148594,-0.0002990025230099564,-0.0007251629771644154,-0.008471389467790125,-0.01504221227576391,0.01124601034003603,0.013384711541872632,-0.0063575503761036205,-0.014143155457531734,0.017735142408094668
2022-04-25,-0.040638055472749436,-0.028880944304462912,-0.03234213281339611,-0.00028790164212574225,0.011669458396731417,0.01861943812522925,-0.007182179116791936,-0.03782672590924025,-0.038508716842663715,-0.0070492147372011385
2022-04-26,0.18393947656404339,0.08028863948913073,0.0055968431079341735,0.006419048887499382,-0.0027880219716550827,0.020757795833823464,0.0015664920546511999,0.007382650456864148,-0.027117438059205863,-0.04158587765573174
2022-04-27,-0.012115845375991814,-0.0034370542644762154,0.009734257169723403,0.00674738921735105,0.022482562110453453,-0.00923916415168608,0.012739261385408419,0.028348806750644346,-0.01728401273821814,0.012706227976067694
2022-04-28,-0.1647292535019117,-0.0726458287713803,-0.011659283471571155,0.006467181118061202,-0.0009419783484849152,0.020256067580171913,0.024508025575808823,0.059817745932221646,-0.024907807816248836,-0.012753663875352874
2022-04-29,0.22479462482499873,0.037288676995448904,-0.0015230106674702557,0.0037072847136112447,0.024282769739619448,-0.021544627427291792,0.0007795752373111976,0.016146370626853864,-0.01597420325304082,0.0222567246508011
2022-05-02,-0.046709971768256565,-0.09175117939021663,0.032791314527339195,0.01165955446398259,-0.03416285527329181,0.0217196757819848,0.002848807041233139,-0.019905646875565466,0.019672505447044967,0.00021358666712530634
2022-05-03,-0.003051037186367343,0.008695848931457011,0.024732924850930545,0.007829504006749569,-0.008678951990770527,0.018693544565594248,0.001016135599766216,0.005929561722693985,0.022622932450507546,0.003985315057339814
2022-05-04,-0.2003221272927051,-0.022131478099680173,0.016366785476008165,-0.007536017744867872,-0.0012781360810878613,0.008701089177626372,0.0067829787233422475,0.006816779366704777,0.021761508548873026,0.015726690278680365
2022-05-05,0.2212719922235035,0.10269934017265318,0.0019021498312370628,0.02514410052972049,-0.007928589787090103,-0.009207387455763275,0.005968630531872468,0.005532831724201671,-0.017324947711240383,-0.03294936432471267
2022-05-06,0.04119686188084312,0.040419144832144295,0.005662390945633126,0.02481055585623904,-0.015111677583393265,0.025950508808981896,0.02748532546723803,0.01121523132590863,0.003061300010540825,-0.0039872241188745735
2022-05-09,0.1625600437206555,0.08890596852195772,-0.01940639638414525,-0.03140505312566911,-0.023703543324691982,-0.01892062211596309,-0.03614553478352023,-0.05020675526440825,-0.04998599977319402,-0.05749327747353614
2022-05-10,-0.03099819942660155,-0.062098185101011096,-0.013444751703169364,0.019905884501561447,-0.022750076556030653,0.02301915134395083,0.026029956294812445,0.0032679321364273337,0.004747706666559533,-0.006449049230156929
2022-05-11,0.10114377603096657,0.1008768408258424,0.024042018554087594,0.017116841245919313,0.028593508355053535,0.010461844074341472,0.022716659183598203,0.01920478075452962,-0.022327478523862274,-0.04067522322217325
2022-05-12,-0.01060310453057915,0.020345958645757712,-0.007790751626963132,0.02708930471086431,-0.006805544134622723,-0.009497415756361703,-0.012956520615752814,-0.014844736777325337,0.01539206354496351,-0.01901294250060577
2022-05-13,-0.14517686046220793,-0.08045707276346879,0.0010531779328552962,-0.022509871150670557,0.008919232935277724,0.0025679947483568857,0.015375573025946745,0.028869857377062543,0.03468707928903427,0.024492944483956523
2022-05-16,0.014994694388312711,0.07066548237349404,-0.001439777564242898,0.01896310311506296,-0.00434147439788358,0.02723481111661984,0.0019208701097072805,0.011277099868320603,0.0019980308736447855,-0.039630776469813625
2022-05-17,-0.13128839067293577,-0.060126469236850166,0.03782847354260345,0.02273632081187033,-0.008695721873892915,-0.021052379031400184,0.034616209041821694,-0.02446131644488575,0.013125122534939275,0.021579136817694147
2022-05-18,0.23080341064004947,0.06808172631832086,0.0005456169880468425,0.022887516065624582,0.0359593503006501,-0.012245982008181874,0.017418283419733324,-0.00215799100442472,0.00019305685185007143,-0.03483079912039586
2022-05-19,0.07338546581609812,-0.013860076755616426,-0.009798407082407255,0.027120008194255096,0.015337579305524263,-0.025312665519668806,0.006934399809993981,0.013002323553364658,0.037886676903366924,-0.002925169260679263
2022-05-20,-0.03149036206119039,0.032961268197002416,-0.025492796752054354,0.014380727307074346,0.018226433700081764,0.005630306096098112,0.0105697208942288,0.013253916513086989,-0.02443732153588789,-0.061829745615038144
2022-05-23,-0.11121074110171178,0.01731044592550826,0.027781437712222006,-0.03126861363402065,0.03548281906954004,0.018185745386128847,-0.022570552432289812,0.007962216743180001,-0.004521788562472668,0.003966666213009237
2022-05-24,0.03825579888415686,0.12269031754015791,-0.0070898327415723685,-0.020097060278226612,-0.031115081799793668,-0.007641933888284761,0.002502683098404968,0.014840853208785813,-0.034438725481493446,-0.02332548319654266
2022-05-25,-0.053100381210389465,-0.03966833409660378,0.030604735593360317,-0.002648180214410602,-0.013239526373628812,0.03317240014037542,-0.0025763625338341353,-0.018699628874874853,0.021995248759266513,0.027304681375934798
2022-05-26,-0.13096794546453736,-0.070951582193554,0.01262062526577134,-0.02262096514805115,-0.016703147583914273,-0.005818880501266791,-0.028877187444063285,-0.0032525487103650576,0.00370390422504521,0.04164056472420953
2022-05-27,-0.1527420617086728,-0.07169068152523603,-0.018978950092480164,-0.012209853065331028,-0.014894412199774443,-0.010143929912293877,0.017033423434179636,0.0242742896459512,0.027694927143740992,0.03419478507354985
2022-05-31,0.04305794059605732,-0.032142849334372135,0.008479429929144052,-0.007208189625383088,-6.009448585688265e-05,-0.01320348245356038,-0.01464393822560667,-0.03345393227717933,0.01175727457502426,-0.0027532511837225315
2022-06-01,0.042002281884324526,-0.011105023245355347,0.01663598617435523,-0.0007361210258074771,0.0279523137604169,0.018865300372163968,0.015163978760361302,0.02272351653522212,0.01111184547693027,-0.02731674817750207
2022-06-02,-0.129185498077528,-0.08408004866772542,-0.011753520393706697,-0.03930237045018439,0.01023006537533875,-0.031201928039078036,0.0018782407841397843,0.023837708062895827,0.02397086121021546,0.02143895163642037
2022-06-03,0.1069917977297512,0.07424171160406852,0.020488017030105932,0.01618543516963096,0.017321491958762817,-0.007663839830839804,-0.0017206469434815877,0.020242347479006852,-0.02528477927553669,-0.05318589745467395
2022-06-06,-0.003927946557042936,-0.0038209149883725838,-0.002124530614228675,-0.008651776281184107,0.019585777386189076,0.016146354718906315,-0.0016084180730484815,0.0055711693136239375,0.005368231511992478,0.007967624910879602
2022-06-07,-0.060302767747095316,0.01158055004613918,0.019417596791453818,0.03290726685593734,-0.00034955674200917405,0.01741364006045895,0.023104824999734284,0.019456557347156952,0.00153652626252281,0.006665942472724369
2022-06-08,0.07150815909980891,-0.002015683464531483,-0.004534421655078993,0.00808090012483459,0.03704816050868773,0.02936552343570524,-0.017836953070030782,0.010462404607584703,0.027331065594379398,0.012550977073651458
2022-06-09,0.14720015681157267,0.013761247127960534,-0.01376836880352131,-0.01314370113132783,-0.021013154404305602,-0.020006238533919155,-0.0121195877538966,0.012192997909215901,-0.007362714044542272,0.009830222516114257
2022-06-10,0.18489397337336383,0.07555462439340081,-0.020398499304717585,-0.013428062521185648,-0.0344924934958326,0.009557714394904281,0.008359221222848656,-0.0006198251054427518,-0.007858886100515054,-0.007765738019540974
2022-06-13,0.22621571052353365,0.06263352318221013,-0.005095129418077009,-0.007970833930409784,-0.0096406137706425,-0.04581245603547669,-0.010828759226768798,-0.01652695307059035,-0.05471190824413238,-0.027316379151604522
2022-06-14,0.026061922849436033,-0.04760857080542568,0.0044604047612208896,0.0050531908849870775,-0.019284506522908244,0.017612255695017513,-6.610652887480824e-06,0.015130856921988187,-0.011647950476923774,0.0027943824991263893
2022-06-15,-0.08883913601863482,-0.05944823914435345,-0.02104834744335598,-0.009727719289063165,0.018214013836757713,-0.005602577443137867,0.001459339333604998,-0.014884846603699738,0.03281957868423465,0.03395519339888742
2022-06-16,0.18603087645717617,0.09000223919743651,-0.031146989637619436,0.003972439843809678,0.005337554438730639,-0.021190114415444036,-0.029856698682321006,-0.002345650856126515,-0.049890870716748005,-0.04763176504894784
2022-06-17,-0.003649008632180846,-0.03320666563718616,-0.030935383977107933,0.0028979790192752526,0.032872750074368975,-0.0038858274558314773,-0.0005089979463867236,-0.062247080487609754,0.0009169509599284763,0.013845654951472403
2022-06-21,-0.15330533177043068,0.025639160408780302,-0.004664885819897402,0.01920088419554969,-0.03184790423944989,0.03298544657383589,0.00911677611842244,0.047313053415124186,0.027071165496278936,0.07748480324495725
2022-06-22,0.006973510453459575,0.029530158867878468,-0.06619561875599002,0.010959556082791888,0.025226484314109156,-0.01899231440421572,0.005064091462947629,-0.02810171215489499,0.0022612134707337447,0.0034478065396012472
2022-06-23,-0.07116998398312982,0.010261268680897188,-0.09743520829095502,-0.01613474228429301,0.02492583652665413,-0.02150441463929637,-0.01953829031723058,-0.0007490733128158587,0.023668316868719112,-0.009006054922214016
2022-06-24,-0.1906862714084096,-0.06354514669060923,0.023832002792511756,0.00820730898640287,0.026239276397819783,0.019325911878165267,-0.003470542538993812,-0.012625058043721054,-0.013909048389456625,0.020076849063117425
2022-06-27,0.028853430883414435,0.03521814639051995,0.009462190501115665,0.02338865230250805,-0.027765659429518377,0.017706217953924023,0.006176219632405838,0.012574128043963479,0.006694257595232005,0.006536453076891357
2022-06-28,0.13962618762866535,0.056879790244424154,0.06199773656752429,0.015514451284020682,-0.04488467936696535,-0.005156512673414499,0.027689322406015612,0.010645208190165269,-0.012594606572339146,-0.020182113475431755
2022-06-29,-0.005400814718416075,0.010263975901455068,-0.04948990133873052,-0.0035341159468519523,0.0345286475652712,-0.010542584251650444,-0.018454504269737704,-0.016149266025706554,-0.01312031317773246,-0.01644211386263579
2022-06-30,0.042394806921086804,0.034166808177810655,-0.01980922181017991,-0.02206963596486214,-0.0222787846038144,-0.03472461438034469,0.0006576148745924649,0.007521789448013579,-0.017539219873196222,-0.003140567701899854
2022-07-01,-0.051693040633595,0.05410359768529085,-0.0037358585852461253,-0.027641346662932005,0.05303985709917195,-0.002252215741324831,-0.02176870996581881,0.018212018182469245,0.034633621814364794,0.00204916221979787
2022-07-05,-0.01594818816777594,-0.09044187634921538,-0.041762383961703585,-0.005433917766663018,0.011991943578122404,0.020303139631275127,-0.03624460858567338,-0.03412029708551159,0.012427969834723242,-0.0007729039292128432
2022-07-06,-0.02560692628473639,-0.02385727492102101,-0.03442376979277223,6.0021652091611875e-05,-0.008036461705780628,-0.01209530360970498,0.0022641418579518935,0.011845462132349141,-0.011496481445847362,-0.007335246498125451
2022-07-07,-0.09073948619943577,-0.06983082085896702,0.033059967233656534,-0.002998615313300699,-0.030611097123921686,0.010177804775970767,0.01663647278984136,0.002364233609747249,0.02191005299071464,0.029195131957775726
2022-07-08,-0.001602743887364825,-0.0021719165581815815,-0.007683588035278751,0.005591408518877614,-0.011039838169921622,0.006002548792155726,-0.003925646765870921,0.0044808374511065485,-0.0042449398211667835,0.027934041732163104
2022-07-11,0.06728739315371106,0.07061139117704265,-0.015268307043009518,0.013085771516394102,0.015583519470213511,-0.02862034060119067,0.002600817862202812,0.029165088775750986,-0.033094395034117145,-0.037981468970168394
2022-07-12,0.06617494194530026,0.011717307239127565,0.026337844768325087,-0.017578908476017764,-0.015353809381628688,0.016576504000755155,0.0037652094993674864,-0.05006775135721477,-0.013292563683083626,0.01026334878112941
2022-07-13,0.02600129129799987,-0.01787409105240748,-0.009181766694362742,-0.014615078528560903,-0.021669748012111707,0.004641327659643829,-0.006354661662114271,-0.006780174225456508,0.00679801648608635,0.009853280508958744
2022-07-14,0.005338880260384614,-0.0228136061633708,-0.03882528284542909,-0.01073184707923552,-0.05290341846621894,0.0023693300208505446,-0.00449500815397703,0.003443914179811645,-0.018649618941978127,0.010121280641087018
2022-07-15,-0.1332484895557385,-0.014444741282935799,0.02722573862668723,0.03739048254666215,0.01122537857659811,-0.0156261320634477,-0.02627521438538554,-0.01725119285110139,0.005749975828420126,-0.006351025048105633
2022-07-18,0.06858363996293747,-0.03562830721385828,0.04849602717906894,-0.02622211112852151,-0.004277267345294951,0.018977336203598306,-0.00978601882713958,0.006009017698125402,0.005601996229605846,-0.005018863624083174
2022-07-19,-0.1844543410601986,-0.05712042750033561,0.04249394530790728,-0.006002914089209271,0.004858630367195414,-0.01060162746391152,0.013268479461497028,0.010086729075444988,0.00914602197130614,-0.002585099736396557
2022-07-20,-0.035441035026054675,-0.09453170237558,0.020743737349009788,-0.011275146385535435,0.004461699397113754,0.011608503915622953,-0.02016136462785429,0.0013027818579295421,0.021990437987169837,-0.006906701460414318
2022-07-21,-0.07458692785713579,-0.04155506529987614,-0.029056941360225616,0.005468146624348793,0.0018185519003469561,-0.02188481844388741,0.009132575351727446,0.007188354652155625,0.017956886500519603,0.06582968170723831
2022-07-22,0.05550717471869502,0.06467270615326005,0.002026768480308257,-0.016905094853617207,-0.005916053644141846,-0.007443648393813696,-0.00497424938472708,-0.0026028087837973346,-0.028951215406460475,0.027401673655231534
2022-07-25,-0.0009808629733043467,0.04794826744448409,0.02852888779345913,0.015210654827235773,-0.013890877321809578,0.004272101495535727,0.00415331768013321,0.022037429802578775,0.006652649952939299,-0.0077915015850268075
2022-07-26,0.08154718593275391,0.0789688097234276,-0.020559634121358333,0.026932704446526488,-0.004897666923192969,-0.011704835579248661,0.05722727893664729,-0.01329052723792861,-0.024973517071336323,-0.012895586680473949
2022-07-27,-0.14518574867894193,-0.10221599368629503,0.0019086732211947863,-0.0088727144759252,-0.016188520529740267,0.026077413667268415,-0.01505964824786183,7.353535036006246e-05,0.03356914403193596,0.014658042938103022
2022-07-28,-0.07029990853575575,0.01436691444826376,-0.012943615636979136,-0.04190905871412254,0.009190734265547439,-0.036430400236886554,0.0035126639156323105,0.07314804122756494,-0.007019737236222904,0.024050770917841798
2022-07-29,-0.041387671103546436,-0.04000685261480876,0.04152438136039494,-0.019878697029736117,0.015224240618540271,0.013873842112245653,-0.026943974723402472,0.07652287152650347,0.03615060392201225,0.03263853186431417
2022-08-01,0.008332800740783389,-0.007263650885954314,-0.018187187153875507,-0.04730361362563114,-0.02189338689260193,-0.0060734410952398175,0.008139141585188423,-0.023428938151837657,-0.010973675237901503,0.0026445194128764927
2022-08-02,0.05447755925945122,-0.011177853325754904,-0.011912636040507175,0.0014902031281142324,0.0026072996425990746,0.013122287439309899,-0.0004651049916786513,0.0045001727784498135,0.01319659139311725,0.016478396278813527
2022-08-03,-0.09922949246276037,-0.0679495274912032,-0.014612882221890704,-0.01864467092302111,0.02240016471873588,-0.010296431202765546,0.005418020358505582,-0.05080007258965296,0.0015087088710344712,0.003745547557565453
2022-08-04,0.009716773605532854,-0.05822705816783494,-0.024285285310485336,-0.019655997411662882,0.021999850556330604,-0.029644074682264977,0.02596176127641403,-0.02314016763248533,-0.006226178957093834,-0.0016355420442482633
2022-08-05,0.010550442613207736,0.03192764719388153,0.03268953742126929,0.007171620030217731,0.0035579053407539816,-0.019177797913791723,-0.005045468736076341,0.02590578299314845,-0.025369047663042755,-0.044384606248466275
2022-08-08,0.019904317024981286,0.025813568807304253,-0.00811950511091791,0.01005472098591324,0.010921483959396457,0.01020007198742318,-0.028015890528029847,-0.01689958112301569,0.023228435415258746,0.004799683383047448
2022-08-09,0.04214461712780946,0.06830408650946065,0.010120739791845045,0.00786302639356886,0.015527437324495807,0.014560626695703635,-0.011679422029473316,0.02210046914339456,-0.0021940992079677087,-0.009839979461651896
2022-08-10,-0.137321957844345,-0.06612740218087462,0.012864078431112192,-0.006702902444273053,-0.005895027521052026,-0.007914885647725337,0.004870210220778573,-0.02103009924623206,0.020701752294408453,0.006982443745780426
2022-08-11,0.0025486146177520963,0.019174631364633786,0.060166834666336974,-0.0031081237113395953,-0.004406230417210774,-0.010334604610091046,-0.00490288946123082,-0.002627243578301682,0.0187970792958465,-0.023276760247841484
2022-08-12,-0.10687062228623172,-0.0332294269697914,-0.0056632705486365665,0.0015433491500406386,-0.008504492180991169,0.004956494443526823,-0.00653921217685113,-0.0015301003369585819,0.014154785194584385,0.025058144830015113
2022-08-15,-0.04058561822586517,-0.006992839060517093,-0.020861432594786174,-0.023467885269856256,0.010823438831880253,-0.0008230194116708028,0.0046008292845640675,-0.02095003413069229,0.0011242025448065616,0.02118820071494671
2022-08-16,-0.010492460971018983,0.024391219269779364,-0.004085057307991732,-0.024709572970010626,0.0006355108085231175,-0.016159503522213226,-0.041177302574840154,-0.0003713576214207635,-0.00888925737597987,-0.0035632922530605786
2022-08-17,0.052012343133487,0.038892526257118615,0.0008003033443552052,0.008498995481092826,0.0021961299370660188,0.011021069515982555,-0.015126760689194484,0.028037384472201714,-0.013583011990121185,0.009583640733066836
2022-08-18,-0.02204649217599103,-0.02239673286161329,0.01931585064108808,0.004670410319294629,-0.030977626747276794,0.01666177448277107,0.015121458659644187,0.022649269729783615,-0.02579415000432244,-0.002866082132685919
2022-08-19,0.07677852191186482,0.07080733903590702,-0.021376064905643685,0.02315619424611138,0.0009129157540572533,-0.0012140088653427017,0.003763947207607139,-0.0038712397907152162,-0.006068268810351731,-0.007226525143593246
2022-08-22,0.14611298529319708,0.05535255976080214,0.0024253161128020206,0.007120345507516763,0.010872904147120496,0.0006158799603144455,-0.005019073631920185,0.021452812911489386,-0.006691727490894759,-0.003268060792067857
2022-08-23,0.02898281407008551,-0.018804915966207012,0.04439488934236825,-0.006807204102609253,-0.018700412410958708,0.021681547852985202,0.014280826111012125,0.03645459561209394,0.015511805474732857,0.016176498844842676
2022-08-24,-0.0088402536136818,-0.0028631288393086117,0.007821569113981321,-0.0065341092712467245,0.004219968924658684,0.006224035666237985,-0.005128606746166254,0.006631032800394417,0.01006279783820423,0.006269942952613762
2022-08-25,-0.08507170907258337,-0.02812303342984423,0.015242727780204057,0.0047277371159704824,-0.028685132151193213,-0.000836919609387417,0.0100262160365666,-0.008095996869884213,-0.007304460865377535,-0.0033855731104426904
2022-08-26,0.2326859480660319,0.06679189866077687,0.010535748441193156,0.006547581922062366,0.015718827776029978,0.008379617867788985,-0.00020595945161940555,0.00021311432826626915,0.008152110004718207,-0.004319315615255285
2022-08-29,0.055098430837655796,0.0191330636595859,0.027337958278171846,-0.020008907313811386,-0.00656743436583815,-0.00048636385532766386,-0.010808668676845089,0.02387441384831106,0.0003363663842498432,-0.012528660013387588
2022-08-30,0.06658890205957674,0.000731883547467264,-0.019339968813726134,0.010678879879036856,0.026521166071200565,-0.018759950050091196,-0.011915174284265435,-0.015695826594288816,-0.023870117395332104,-0.004936260255953552
2022-08-31,0.05158370380137517,-0.0007922159335876237,-0.0019307052637900298,-0.005662330184645266,0.008800404489645032,0.0019329108329399275,-0.014585409902327014,-0.023138631272211715,0.0015710881479476838,-0.005101077214792882
2022-09-01,-0.03532769297451371,0.05610854918102404,-0.04466164042365355,0.01451821684891361,0.01984653259236865,-0.013495703132427553,-0.030511859374508954,-0.025851099209507206,0.005297634218348441,0.0008650424263904787
2022-09-02,0.08234202988596509,-0.004446739860352967,0.032197125685290234,0.003719799908159112,-0.001388098561105871,0.0012440430701926041,0.003661975915359654,0.029778936406026635,-0.007923051010257889,-0.006927633424675457
2022-09-06,0.02223037947786667,0.019297380035237805,-0.015630081504109522,0.0130623799358585,0.01034109600014458,-0.016613431748489334,0.00817289617460697,0.02384084686469364,0.004471268448484083,0.02548878187738943
2022-09-07,-0.09870939631345012,-0.01774034762956011,-0.024626956873264664,-0.02541969602597034,0.0046846688185080655,-0.011794844837185603,-0.012570014566843606,-0.007925734064080902,0.006928548088652347,0.02870532197177585
2022-09-08,-0.046916492748804224,-0.003311491664046996,-0.005226278378008479,0.03031654217704035,-0.0048537104691334385,-0.02488213551716966,0.009706832868030393,0.017619927036408828,0.008296834618678334,0.013922068500792393
2022-09-09,-0.10403004457591354,-0.04270563827700935,0.011673319448831017,-0.002628735926155105,0.0032126502818017617,0.029173300993157576,0.0020098879195489354,-0.012066375742098233,0.028715001953747557,-0.0008650160378770975
2022-09-12,-0.05467301617581005,-0.010529152443063168,0.005558040824173117,-0.005693109391664963,0.005469749178842244,0.0009934807049380469,0.00493934263674614,0.018219929216820224,0.017199176545739134,0.004578639778966546
2022-09-13,0.2757360548764517,0.052320609458178194,-0.005476168471047404,0.0010730439024003648,0.017873667592520567,-0.008633513464784285,-0.003272204435446393,0.02684753914392753,-0.01524779007890338,-0.012386694103072351
2022-09-14,-0.017106166424734566,-0.005292130885724522,0.006350849302412815,0.008295946311769819,-0.006534252710252234,0.03781609004572137,0.013222880368749084,-0.004133170342169228,0.03792671356852984,0.04056084172123375
2022-09-15,0.08675432430914613,0.04585969851940505,0.00441543438214207,0.04236885616849615,-0.006692460248733254,-0.0180098385784708,-0.016435802090495645,-0.028021331590794545,-0.0074179266965049935,0.03382946774372839
2022-09-16,0.032339455525610676,0.020853925204019078,-0.021059094586883924,0.0004137045197728841,-0.03147014214433213,0.01876867787649424,0.00992603197113006,-0.04288415979085115,-0.02398618724130568,0.015962206887682507
2022-09-19,-0.034550382765797846,-0.01818025413327893,0.013711040621101319,-0.036796472895311266,-0.010937227009186028,-0.018538922088230447,-0.0018177796456208463,0.0026918756027394047,0.012728397730162,0.01469583199013351
2022-09-20,0.08149579785367529,0.010502065579925737,-0.004529388175376049,-0.001972384646548831,0.0018698350257081193,0.0247240040561925,0.016574687489800375,0.008613408759200938,-0.017100521921906663,0.015734304191868234
2022-09-21,0.11290049058925537,0.004991674270465024,-0.01140256133259007,-0.00494695094593868,-0.02641441421643114,0.0013329543416261502,0.004390410048679385,0.016682443681293034,-0.02420606685372559,0.002790141678033464
2022-09-22,0.03168000584024017,0.046101255572376695,-0.046067462226627665,0.05370359987897642,0.019596029667177953,0.03697137763146481,-0.0005437772189585583,-0.0028506801214928535,-0.004133472587407681,-0.02683323676265383
2022-09-23,0.10419990188035444,0.006547606658833742,-0.04777197100075441,0.018215667067360487,0.014727605492002648,-0.03556367407134715,0.01566850099675737,-0.017788802814715333,-0.030993036212905008,-0.02138814479732726
2022-09-26,0.07146393239708561,-0.005684410357589582,-0.02996985479130889,-0.012774877908471982,-0.007861899600118242,-0.0025547892158519743,-0.027108106360377686,0.01151586395725414,-0.014707301823133968,0.016037477833094328
2022-09-27,0.02891438733143045,-0.02879123235478465,0.010938461854806725,0.028283824465212395,-0.02812771261333282,0.0063367013139468895,-0.01172459152842974,0.020240416737438004,0.018556779134594286,0.020633005404219036
2022-09-28,-0.12191992556245207,0.007438303631644704,0.014973529367187632,0.017259165549939132,0.012233476526373188,0.01578025365705285,-0.03601692091291406,0.004523914261036682,0.0376098483629312,-0.003934141198236664
2022-09-29,0.1276751584509434,0.0451439919276617,0.006101239002293601,0.020178893287794007,0.029073539367917532,-0.018294373346556796,-0.006932454250091753,0.02348609359436123,-0.02774923601084988,-0.03818703572463415
2022-09-30,0.1175379709906107,-0.012229091015382564,0.001899019442124308,0.007425668654465383,0.011001824449765673,-0.0012293654923657652,0.002268759070758482,0.023274830133798753,-0.024821680191948064,-0.003901121267335478
2022-10-03,-0.16983939606350673,0.004673616989332094,0.03195260632159265,-0.00020060142356802962,-0.013482049948780845,-0.007354731229682406,0.018427151624903236,0.015749377519339393,-0.002984040270556742,-0.09208413386778003
2022-10-04,-0.1975329696309992,-0.03712565759475703,0.034410904634403494,0.016332729049176667,-0.0075817201815847265,-0.006514964226296632,0.0055410384925952735,0.011894095967744845,0.015463611104769868,0.0008321351433228897
2022-10-05,-0.009288539396443552,-0.009545534998500825,0.007391737117091379,0.029013984134764716,-0.0024264961014904625,0.0035271701362819896,0.018602500765545215,0.023149518320194188,-0.012961470947596747,-0.024238395019500616
2022-10-06,0.0733066239470588,-0.030462385685763444,0.01666598648045742,0.017331283372246053,-0.007012186208003392,0.02303088278080224,-0.013599786950279247,0.03536532381906421,0.007021010084385566,-0.009612007498473647
2022-10-07,0.18128645945007554,0.07569453036604068,0.015170228025468527,0.013828234839880296,0.04171040125750295,-0.0010905157111147769,0.0007321660348688566,0.005799428265991535,-0.034607961148310065,-0.013119960035474712
2022-10-10,0.06724534496529133,0.043945621205975276,-0.017549658856155295,-0.010638283285540534,0.029038176515444613,0.004812022040191733,-0.0313891375259525,-0.010052423181217476,-0.0064697135134470455,0.010631336073198844
2022-10-11,0.04070116383689478,0.0630684679370988,-0.03691037189252981,0.01407430924335487,-0.014578565406639897,0.016934394063535807,-0.033918484860607154,0.003833008984106772,-0.030310404067913726,0.009894960040793512
2022-10-12,0.013875679891612475,-0.0020356269363139595,0.01420133330593215,-0.0037329581523425264,0.006776098924958788,0.013267032234919814,-0.003612797116715086,-0.01257208444994317,-0.0195030038143433,-0.00576860869682088
2022-10-13,-0.1744239758127111,0.005731182419516438,0.03946644192339518,0.023195435986865184,-0.0021911983003069994,0.013980082267888352,0.015778832983509156,-0.010956534322952953,-0.0005241213366076038,-0.0020317374270851694
2022-10-14,0.1288811820846407,0.06114973920729289,0.0072226926543610325,0.031657624994429936,0.02357127492239072,-0.03265936406693129,-0.01503393281653336,-0.023677442825672912,-0.034555666692693554,-0.046268871458858316
2022-10-17,-0.16808478840734525,-0.051209912585150036,-0.003524387941871332,-0.007355199808807105,0.01513197869966502,0.004962486454990682,-0.008168593167385238,-0.0042452280188572285,0.034291368132073126,0.019438532102957148
2022-10-18,-0.06265365772139617,0.01025054094165804,0.00600070100256588,-0.014580210073329923,0.022504138439811718,-0.016152217361741415,-0.014442913173602622,0.02639174459839869,-0.0014953280419307334,0.013817202906461235
2022-10-19,0.03818969071351663,-0.02438825091265013,0.037596360259699854,-0.015548380601313147,-0.017526735109203682,0.05794957615839001,0.013802216868581582,0.016322716458357554,-0.006883633596796366,0.00594731592973977
2022-10-20,0.04907678041287637,-0.015859794115690946,0.0167566835101055,0.01694417306941863,0.010380369539558607,0.05502833367459087,-0.019860273397342122,-0.010170240843281067,-0.04605847077629179,-0.06674098511934792
2022-10-21,-0.15062659013403915,-0.011942281935137706,0.018455432444728328,0.0239048612191318,-0.029612501552955566,0.009002054589605143,-0.012453848008505948,0.0036264839950320045,-0.03141989270149267,0.03653126432603246
2022-10-24,-0.09729360542176736,0.028079715473209463,-0.03598120316506795,0.00562068203499981,-0.01589543487918004,-0.009653328444959954,-0.0061944247741402446,0.006954479280844321,-0.003167062308638854,-0.013851858238208826
2022-10-25,-0.09068523291933327,-0.04941696925578491,-0.010872858978484471,-0.035012120626489736,0.01562748899045232,0.011041966015017573,0.011524824940412197,-0.011972912173036627,0.03745846094820151,0.021000031145420674
2022-10-26,0.004963816014726858,0.08679513638344986,0.030792242647990214,0.01893301191404055,0.0004386417004553579,-0.01570208562089239,-0.006503267210698422,0.0018556490862949614,-0.03316918809854573,0.03295344583118311
2022-10-27,0.03294825795659786,0.05475138011384593,0.027500521946361815,-0.00111660042447234,0.009771297482252668,-0.007670928225293524,-0.0028491067787665297,0.002163912587961357,-0.03135440507402202,0.02582704409211518
2022-10-28,-0.16059974746971573,-0.006972852730747633,0.009459383048660714,-0.030877907083464076,-0.035351264127849065,0.005438294665745686,0.04585618052148253,0.005854756185963012,-0.023072874742372303,0.007417131564821691
2022-10-31,0.051474874968528664,0.03083627233782061,0.010578216962955116,0.022220895867070663,-0.002340969747046589,-0.0217429938444386,-0.003228558220562849,0.017409144435157328,-0.006263709742628641,0.0020961406656723
2022-11-01,0.01685449313336524,0.022436374325808722,0.03382817057190744,0.0014779746246624248,-0.010776879251527153,-0.035539830410734566,0.01787886914304683,0.0001625947950092553,-0.0013618272826602094,0.014863146318771538
2022-11-02,0.17411589106110953,0.0752037085432736,0.007817374677079669,0.010535505171165306,-0.01567926856402271,-0.004862798943789309,-0.007279747723631445,-0.009706683751604836,-0.030093105734218743,-0.018236454114744834
2022-11-03,0.08294075148200653,0.0658316909828142,0.012847625509927211,0.010084274865839874,-0.02338582817915297,-0.003036645830016939,-0.010532160846548915,0.03043959167599315,-0.0012799488752088866,0.030030128947370744
2022-11-04,-0.10020234697230303,-0.02220012718141871,0.023736135612269296,-0.003122883695299221,-0.03162435791512875,-0.01510655258904218,0.030443255876299535,-0.019261560919670125,-0.021935647628732687,-0.03422367146932578
2022-11-07,-0.08522716535756682,-0.01827046002845758,-0.010101048612052556,0.023222525154043598,0.0098794271635959,0.028954004143046986,-0.005270001593366199,-0.011011332686261456,-0.029407722903024982,-0.055765940432040174
2022-11-08,-0.0454257362368369,0.01553723568884106,-0.008059786051590162,0.015384563366900837,-0.019422111994277454,-0.006811514409990973,0.012853941378962907,-0.012014285388074659,-0.006346476230100871,-0.016213144629174864
2022-11-09,0.12533028223072457,0.032490419640721885,-0.03849187527132105,0.0009031875908782176,0.021139568144617073,-0.016613317257462568,-0.0031048666627855005,-0.01995631096874569,-0.03609689920598725,-0.046782009427414235
2022-11-10,-0.25554335592312005,-0.09165682707756377,0.00928248707744871,-0.028401462831911296,-0.019215681980704474,-0.007159779027502651,0.018445366732231818,-0.00843074606143867,0.0366230117693916,0.016886603987827833
2022-11-11,-0.0504642407337194,-0.09317656100602204,0.03840739134604534,-0.048894050281297466,-0.01649142010819537,-0.016735227246011238,0.008603460333096996,0.00417412226479945,0.06865212289541774,-0.02227009438027058
2022-11-14,0.034943194104392616,0.016593638040890302,0.0016380985701455427,0.032664290137076446,0.014797950787659797,0.024032993623440826,0.01427275236477878,-0.014337549237684976,-0.01912971610115118,-0.026970780251126026
2022-11-15,-0.06342291382609921,-0.04769823526425336,-0.005315492461879879,-0.021409426187442772,-0.015313523234766164,-0.0006068291228915893,-0.010067479486057424,0.01703225297273866,0.015817776985350727,0.013547863651244742
2022-11-16,0.05740413828713529,0.07262889854185618,-0.023243463567726632,-0.011660865020639604,0.030743820795585804,-0.004737581673000267,-0.02078366211424646,0.007681363195254904,-0.026735525888899117,-0.015290874068861298
2022-11-17,0.008709140217813476,0.032410180436301936,0.001976769878708673,0.024932360333292613,-0.029472046877590186,0.029531637507243417,0.006946871175888947,-0.018920441269083543,-0.035675633408603455,-0.01029418113135619
2022-11-18,-0.028109380968388182,0.040762815352201366,-0.0068935780797548625,0.003171548928666578,-0.009594827016936293,-0.015095770040192948,-0.007812664818929827,-0.008906637329969429,-0.010867198387825147,-0.009376301257879454
2022-11-21,0.02378721006541267,0.07130160182468753,-0.001928970996309772,-0.011614767873228984,0.004977568353941638,-0.022253261263102612,-0.011347538616247842,-0.017472722539951295,-0.02044206162095267,-0.037636789919436905
2022-11-22,-0.10001121478494335,-0.034817912645662016,0.013072895608180242,0.005890609969619993,-0.022290775484451714,0.009464968684788919,0.01031099473127722,0.016695847517346808,0.001506956275813275,-0.011552333947369563
2022-11-23,-0.04670955650507813,-0.03842884901726414,-0.0056994909221341665,-0.011305758655906068,0.00981987312008985,0.006077577053895075,0.003407266406649011,-0.00958447841198242,0.028043688619241156,0.051383415804798854
2022-11-25,-0.0024639403598881544,0.026198962011151825,-0.0059573958613815215,0.006317741710512453,0.020844393221738755,-0.020866913575113517,-0.008363565527717977,0.009303246376781165,-0.0010635327263701679,0.0011926223870706038
2022-11-28,0.09324679916614889,0.020090351237442936,-0.031279554700320754,-9.397241187064927e-05,0.01537805115429741,0.010557474888855918,-0.020517579946410687,-0.012760912254011238,-0.01683709443273033,0.017818169739576138
2022-11-29,0.014753634673301923,0.01837402393236503,0.037784407094834466,0.009396990338018973,-0.010802225139862835,-0.0142605927818076,-0.006643775320890062,0.0008556880661807814,-0.00565147989201093,-0.010199981626769076
2022-11-30,-0.21878003709658445,-0.08930563418111924,-0.02602216274019746,-2.7085986989282918e-05,-0.005805147126141132,0.010260486009337209,0.032255312717672235,-0.011919527037690208,0.030735218724619463,0.02448701004831371
2022-12-01,0.008903377664032604,0.008113020044010986,-0.01173873657243774,-0.006827254725091192,0.006467290315195458,0.0009932114916245246,0.02180772487251808,-0.007640297022739697,-0.006250013304216848,0.00470217845846462
2022-12-02,0.0124136865716879,0.023502081565034662,-0.012712088456771898,-0.0021417013277766693,0.020576845228761884,0.003973908681279507,0.007235636182254491,-0.008001941630753446,0.002356620985236373,0.01320111448195635
2022-12-05,0.127718901773307,0.024849394885207647,-0.03309269360388039,0.011145165901715206,-0.009384135349520678,0.007783489261838966,0.019681411550988178,-0.003910566729263682,-0.03308661524472965,-0.013714610314822203
2022-12-06,0.10530267942352817,0.03904716223826973,-0.01452985922535171,0.0021422424997488664,0.0005656259685020648,-0.025270175390734395,0.002806622126666329,0.0009485204157751073,-0.025683519773245792,0.012135280246067288
2022-12-07,0.00923691240489321,0.034646646049568415,-0.01716877093985427,0.012091679825007712,-0.00013947677129720447,-0.01630772047559852,0.0010911649079613718,0.009943662118549128,-0.0009043233236950784,-0.02185025227175684
2022-12-08,-0.07188340530767745,-0.030198633712556443,-0.0013233803492284548,-0.0012626083424363882,-0.019700392719949385,-0.016594855829291724,0.013624876749720021,0.004717484287428234,-0.007673900007382745,-0.00903619933515512
2022-12-09,0.04873029121802862,-0.026582386303427546,0.005533957803151219,-0.025296660973929415,0.009924771007582885,-0.006294139561560587,0.009578603397563864,-0.02597337096408402,0.009455155756485156,0.014840553584981354
2022-12-12,-0.10155225860713844,0.00611688358372122,0.010957328033266394,-0.009750063400962598,-0.0038390828691904594,-0.01406266663744629,0.001314870958252998,0.010614849596104729,-0.01813160941901374,-0.058492245434302106
2022-12-13,-0.037867041573329034,-0.03824374350485807,0.003070182359667212,-0.006657352222887488,-0.0006384308975761221,0.0029890759436803508,0.014259206212750885,0.018348835215369487,0.011070579216084108,-0.048124618658776805
2022-12-14,0.03161376036032299,0.018248978680440838,-0.013362010893769271,0.009922452282311282,0.016489640675018968,0.005958215269011905,0.0014942881852445756,0.014092803036498684,-0.03183370377914503,-0.011005799862516569
2022-12-15,0.169696913547074,0.049095836110370474,0.004415013389126684,-0.004979375909270833,3.572811008356266e-05,-0.006251265001564892,0.0022199651532322506,0.013671311452640677,0.010109995489674705,0.01305383609489781
2022-12-16,0.06923261882591378,-0.005538607269609337,0.008521915049611823,0.0011247624174038073,0.016196984942121437,0.027945955049791603,-0.007807114277696672,-0.01819267191251359,-0.031411471549185714,-0.03300714263765434
2022-12-19,0.06334890283031672,0.04624129567776978,0.011624160144560528,0.011136077275754499,-0.020030155773200307,0.007084736495145594,0.007341149115719915,0.016279653256446605,-0.025651247752001186,0.012888359121356855
2022-12-20,-0.00013378328250295262,0.011891258299938036,0.005174311222779821,-0.006386043586079642,0.03430984679256086,0.02403833615099135,-0.006511515756323814,0.013309267502907205,-0.017609943208735247,-0.06971848337343524
2022-12-21,-0.09897166324370933,-0.005868547686654163,-0.004478727994830383,0.0026602805210917168,-0.01392647855654052,-0.008325119496065247,0.007552790731713691,0.003192806738556698,0.009909565198985202,-0.006264263338922281
2022-12-22,0.0894256263559803,0.07309679861590236,-0.008321197510167263,0.008037745764594602,0.029635874711513455,-0.0320899394003864,-0.010729634529074815,-0.008058718961538697,-0.021083917550739253,-0.0590918819106106
2022-12-23,-0.034471141240480174,0.012091818015957951,0.021782393236648205,-0.00848654378367379,0.008534802414327951,0.015509918638871599,-0.0034618476979684583,0.020063482073199652,0.011038113656358078,-0.02332429569975074
2022-12-27,0.023916389579928716,0.06854233223770353,0.016216743886521324,-0.0019205213204308415,0.014880631757960141,-0.02082340458527482,0.010391508268055776,0.019638756879578636,-0.02685369884360855,-0.06949738522861412
2022-12-28,0.0759601063722735,0.00332722058763298,-0.002546978785658522,0.014089625795665566,0.010685732176768185,-0.00810073794308029,-0.00027491974730001195,-0.001098969873243869,-0.000899524866181615,0.031855437332181255
2022-12-29,-0.1170559461903355,-0.06812044929773042,-0.005595612551009517,-0.004495404422601295,-0.0016238109033974686,-0.0011011261072369676,0.010184171463220341,-0.0035162247342779463,0.04293421829738039,0.03383722199200956
2022-12-30,0.011816923474423719,-0.008250939144483438,0.01604274299368146,0.0062893771566196735,-0.007052173295763666,0.017958867231734777,0.0027297104366247405,0.0022041401929372866,0.002971700793264595,0.0056291526289248325
2023-01-03,0.0019080436350312566,0.01334265740047863,-0.012090529985228393,-0.011274798628583445,0.04035694970925301,-0.02258206687206856,-0.03406923787719423,-0.04582194853136676,-0.01671796143376994,-0.09152706562968074
2023-01-04,-0.06735702100814701,-0.03050181497191717,0.01073918505865834,-0.0017383159003447725,-0.024466191094230406,-0.02071808202634384,0.016011141236531735,-0.04295817934380211,0.0349295301063495,0.020779384309834375
2023-01-05,0.07860138508249688,0.042642499459179695,0.03156971909034391,0.015845456183593357,-0.005508815489496934,0.028305868486797066,-0.00884084943172208,-0.014453023418395014,0.010378730099562257,-0.022354063918419712
2023-01-06,-0.1559978071095787,-0.03161573033324348,0.018171241487403993,-0.025403000592790766,-0.03816067389537566,0.035905262822958056,0.000913756464382402,-0.03868603811867884,-0.029647739351328473,0.015726502575865404
2023-01-09,-0.00541164919474534,-0.09434394756866293,-0.0006723909262351643,-0.031240674538725647,0.012456833834433826,-0.032862725652794085,0.01540177570335307,0.014750685547780223,0.02855563596059512,0.011567579140789618
2023-01-10,-0.044814887743406855,-0.01612838510194625,-0.00907583869938016,0.016368852179319084,0.00046983422780341,-0.019487400627340612,0.00943433869273898,0.010731045556541911,0.028871330454694876,-0.01897068188120662
2023-01-11,-0.0685176705067247,-0.045119150737205314,-0.008031982222562135,0.0006627311619393335,0.005805201484328537,-0.008492196326385173,-0.01805450039999881,0.01783050879996481,0.010483368267140072,0.01306776274959752
2023-01-12,-0.02940015648918489,-0.03764540985626726,0.03335855584424625,-0.0038660971294390578,0.0029686611117531307,0.01059392253504772,0.0039024662010758494,-0.010332130483304825,0.022067960865993306,-0.018510070566993816
2023-01-13,-0.021027007735770945,-0.0021210322303314025,-0.0032759778337817856,0.010942318011747644,0.004736576879587098,-0.0007833033595056165,-0.015582563093779181,-0.008421394116101098,0.0038119261007410004,-0.005734028202644777
2023-01-17,0.011929095098675426,-0.025043674808394475,-0.0020848847164532283,-0.015859596826740197,0.0004477442211800927,0.003333531868730315,0.019196766069661444,0.018392351440539037,0.022019071049023346,0.06750683921816658
2023-01-18,0.1217037956745416,-0.036146663772274316,-0.007076861802809806,0.013605078692439957,-0.003376430211517017,-0.004968902503959167,0.0015889869543933407,-0.007872347661915231,0.00521066336989323,-0.010622017792202803
2023-01-19,0.045782762151888846,0.01950771201593081,-0.006494063629352271,0.032439334754439865,0.0457186750070593,0.024335024962342133,0.010599091180087599,0.004776897987905175,0.024610699541337256,-0.014311291110394597
2023-01-20,-0.12204637073023189,-0.07865610691684828,0.011401615003003388,-0.011517644569990835,0.003325722671084785,0.013156003624596384,-0.008275669896833227,-0.011741917611578369,0.025717495321549856,0.012608056650312362
2023-01-23,-0.09082786223507874,-0.0865588609588694,0.017184673807790672,-0.013481548660284623,-0.04134614905605437,-0.007611390153789804,0.003201470669622054,-0.013281866298074723,0.016892390866458214,0.04514639003695631
2023-01-24,0.014233971840778018,0.019189999340063206,0.014968958684755252,-0.02589512947654392,-0.005661280970221241,0.03466284729617107,-0.0027185258302852154,0.002190741272583249,-0.01400708925137564,0.010161612179918284
2023-01-25,0.011450266270045766,0.009829350856528463,0.018830874909109067,4.413784000065143e-05,0.015237468213181659,0.02203103242120689,-0.015081716226262273,-0.03382552952538923,-0.025841972831498954,0.014990225055196546
2023-01-26,-0.07185088368915328,-0.06973154136866824,0.03220689156310962,-0.0020398610170443044,-0.005574297244972155,0.038827366677228164,0.0009227950818360847,0.024434067805001895,0.06077710353194042,0.05408509075094506
2023-01-27,-0.0047298221098398055,-0.06100854595600088,-0.021345937231482388,-0.026907464575328287,0.030456209503714183,-0.007155341790473127,-0.033181967525354565,-0.010025896907934418,0.028445372511952165,0.07065096215024341
2023-01-30,0.0842596249529658,0.04716818880960397,-0.008042975335226556,-0.008465040037856694,0.011292312072091141,-0.01580344065975649,0.0012087809018512508,-0.010195637731496315,-0.028345963169073236,-0.03280583228358612
2023-01-31,-0.08722108662537008,-0.01691097565286149,-0.00014100620707071417,0.005199433777964873,-0.015467801299096001,0.0002854991502093923,-0.021367240612050403,0.0059237681387230914,0.013897884092033377,0.012286155431624689
2023-02-01,-0.07362223907872513,-0.08528661485650312,-0.018525769794435314,-0.02038226839557362,-0.02515577012558833,-0.009611214249334674,0.017245459186813365,-0.009446504891337637,0.009934829745675415,0.009381122078908427
2023-02-02,-0.06799874980028378,-0.10444919202481599,-0.014408396125649486,-0.03120682187463868,0.009712786608818238,-0.017290076541439985,-0.021304203609750556,-0.045118078012511796,0.05432357140954157,-0.015844842016256546
2023-02-03,0.055585448396144786,0.03932954434565984,0.01101663055538097,0.03466927932048374,-0.00947995272660998,0.0005947570119680937,0.015754131915846285,0.007753909561257447,-0.018763529017154494,0.027503613997201866
2023-02-06,0.038803240212741806,0.023523454611579078,0.008894642906429266,-0.008657848444894208,0.01561684833435837,0.016106859451290763,-0.0017992568702647595,0.00477238864936613,-0.0070108101710220595,0.04828109587018906
2023-02-07,-0.06755594236534078,-0.051170666223520095,0.011988166447611463,0.021301027404208358,-0.003997337558318664,0.03217224972649922,0.02010671320660739,0.016658024977096963,0.013027370154734291,0.00041590358456601367
2023-02-08,0.08690747308969063,0.029716550238892088,-0.0013557240560594266,0.009541553123847779,0.018142133455066538,-0.009046203542444705,-0.007291581231667937,0.006973981323351716,-0.0029555147491874636,0.031638013612651845
2023-02-09,0.0541687582070399,0.0019288206191854335,-0.0024170698827268157,0.003220693572200944,-0.0031970389412555454,0.024611060622624224,-0.005922534922036705,0.014930821839252924,-0.021419389901402214,0.039112127257945314
2023-02-10,-0.009485315559719232,0.08305209705411401,0.013248875627298958,0.013981149488897306,-0.0180876131456725,0.0020665085162835817,-0.0030172299866952543,0.02885984959170995,-0.0072042057841710016,-0.027874121985387756
2023-02-13,-0.08268147519388891,-0.014455910672017066,-0.017422456738817142,-0.011569626461709235,-0.003078419258394052,0.006511399771447233,-0.007823230293917216,-0.014653105736293524,-0.014453306420251163,-0.016053194395448923
2023-02-14,0.006475954497146849,-0.0488695164990094,0.012531645526061865,-0.0018560044575943889,-0.01271090052540104,0.011935325233329274,0.0008998170246830321,-0.006390814858332389,0.0228357147831077,0.05355682000713338
2023-02-15,-0.010001738209135837,-0.028044763781893498,0.007147536875481437,-0.036670641088852166,-0.008807746073228505,-0.012520985508402253,-0.005214592629106103,-0.006832934068660654,0.01790725905010093,0.013664172583800012
2023-02-16,0.09340788171979014,0.032537772472721965,0.011474501486389045,-0.006065363600742994,0.0010567649486876438,-0.01635867794704147,0.004590804661127886,0.002992759894491559,-0.03243560496099538,-0.04172914991546588
2023-02-17,0.007968491071100862,0.0599784897689248,-0.039320029079848724,0.002363813122725109,0.0018957954851375116,-0.015329205977650246,-0.014812490518865499,-0.02066188961142256,-0.007737467787898784,0.04717193266483399
2023-02-21,0.14108785011620392,0.040768327790921696,-0.0182582786246948,0.013545324365124761,0.023335471241382272,0.028496575517594457,-0.014410025998822431,0.023362681093517964,-0.035858753015978496,-0.0126195613663779
2023-02-22,0.0187685807109146,-0.011455422957197248,-0.012287101839564664,-0.004468809666356648,0.019544567254624723,0.00857463218714893,0.008408993402072892,-0.005861847251773164,0.00904342067013857,0.010958715422218577
2023-02-23,-0.03454538486473664,-0.03268414321077895,0.012489194438250974,0.023952627481812858,-0.02308934109809757,-0.002539788177055986,0.018300640691131853,0.004715431207130122,-0.018923270408688807,0.003031932560387015
2023-02-24,0.07824669257827097,0.03625630308058006,0.03152678195357071,-0.009562070832707862,-0.007162957453528579,-0.007307088063215242,-0.0070102549239397195,0.008214031313226452,-0.010637026271588067,-0.009733544536325123
2023-02-27,-0.019505263135775133,-0.01907463440249596,0.02005345989556967,-0.00204474091963888,-0.0008254075929685755,-0.007541025164824919,-0.0007245081167526165,-0.011164576659935678,0.012343346222914374,0.0354204571456718
2023-02-28,0.020874097839364433,-0.036836553204912886,0.0009434831438551847,-0.009636161312141034,0.005801507801827815,-0.012043604930510985,-0.002974284077359549,-0.004355026556619705,0.0012381266969522546,-0.011675829006993042
2023-03-01,0.0241234158684275,0.008726853461806556,0.014226524455995484,0.03507750118777041,-0.008444821970221273,0.00866927710472021,0.012780642609899582,-0.0013235518663652496,-0.01359674073847295,-0.0037496375656519195
2023-03-02,-0.06316710446259434,-0.009205128855169515,-0.02739643259897147,-0.024201060825949368,0.0034542609000071385,-0.007599377031321353,0.028361145930207037,0.02272847731829184,-0.010947802198025807,-0.05275197078440619
2023-03-03,-0.09455962000028106,-0.049471836940248336,0.0034254282607116414,0.00848225448717263,0.0153466402795887,0.014126953554840033,0.014302406483756549,-0.004655881600569261,0.0176613134488002,0.012791453905268608
2023-03-06,-0.006604846367202597,0.024145083568410157,-0.004507621302162076,-0.004989644954596599,0.019956080210139608,0.025219929340465873,-0.0036115784091713056,0.01642971188615952,-0.018340327999414256,-0.009874478968385478
2023-03-07,0.10096532036187564,-0.010497803394528448,-0.02061010597224177,-0.01919221762531066,0.006953147527908208,0.011783918348926324,0.0031128378376506015,0.013438640967960009,-0.007303997780513966,-0.018044090272789644
2023-03-08,-0.0024112436588556306,-0.037872010697897605,-0.012213421955972864,-0.0166572125070134,-0.028334735665787904,-0.012486254345311395,0.022864257417815507,-0.0015974519168315863,-0.014670725303388726,-0.02633985201531274
2023-03-09,0.10720966653661566,0.014728886051296982,-0.03491081642699816,0.001401300835172082,-0.008621040590706022,0.008829959926294385,0.011738334075870415,0.016839411576125233,-0.020450973117911882,-0.03430225561668704
2023-03-10,0.058771710324114795,0.038229299244338946,0.01217945390369258,0.007924996075512985,-0.023946941241191327,-0.00012286344739593846,-0.0010923121244847624,-0.026278705638753844,-0.005706403895224849,0.02069397475368436
2023-03-13,-0.009797193035703325,-0.004922686959850016,-0.05153803962124081,0.006221268698328386,-0.006367579921623929,0.020589035933296865,-0.003132341003726593,0.0015484352265752713,0.0007756832142570646,0.002504282708850054
2023-03-14,-0.10946229835994646,-0.05909843113900264,-0.0004410789384532667,0.005739398233237804,0.008078006737266856,0.013274702897555066,0.0066766745805841975,0.004577785691775348,0.023311810642462343,0.02747368375359978
2023-03-15,0.024960925138393212,-0.011040661203431902,-0.08850407237668899,-0.021995896216206807,-0.004132853780219107,0.023663237058550234,-0.01705854134661942,-0.04864408575890574,0.006875353795846272,-0.014537954864490587
2023-03-16,-0.11280820871353887,-0.08390470913822572,-0.007465296789651979,0.004408405184534626,-0.006506097102657044,-0.004221351677421972,0.021057740934285356,-0.0012403635054645881,0.002049282527293107,-0.004402155307700689
2023-03-17,0.060619722745824944,-0.018846675010823963,-0.025883805247469426,-0.02733544431902355,-0.00882690152280585,0.015604021809180689,-0.007020490688691767,0.009604739823323471,-0.012517613825422536,-0.026478104101399405
2023-03-20,-0.05692611492445753,0.030250440758137133,0.0037304920637508104,0.00820018053370347,-0.009737425018066702,0.01766447489949705,0.0066557350627512125,0.003882851784614295,8.424682047868507e-05,0.016978958291873944
2023-03-21,-0.07316260057926685,-0.04008747234309195,0.04167740263902029,0.00489002303431989,0.036265445139352294,0.010395113660780057,-0.018356230978629217,0.017615945022430142,0.05685138559602842,0.038112168837985246
2023-03-22,0.09902427356725964,-0.0056841925392937314,-0.02939788256892125,0.0008477590217455242,-0.0077933511541817685,0.005623160672770272,0.009247501513282092,0.009047582549076286,-0.027404352097574556,-0.021723960968206002
2023-03-23,-0.04129897028319932,-0.05068667762412952,-0.019860402196828397,0.004692940277328603,-0.009024343146613593,-7.853216343167127e-05,0.005036733205344748,-0.011257179666081332,-0.008259703113236082,-0.009584879806997142
2023-03-24,-0.034018229977450444,0.030491301537491407,-0.03461289416661442,-0.001523175909542287,-0.01123506923401774,0.011457243870049063,0.007781161509532287,0.014231960765645216,-0.0005789560606768449,-0.007191377329590853
2023-03-27,-0.01684414838513087,0.04637884914849022,0.03887776520462411,0.004213974052176967,0.011652270809396075,-0.0067152918672384624,-0.014253984444185928,0.004478315582048296,-0.0009044531948670569,0.0007734391406424317
2023-03-28,0.014300492533286689,0.017001663837874284,0.018406903393658355,-0.003108840499835787,-0.0028824866546588598,0.009106568963358541,0.008828978843524269,0.0005342132555722989,-0.00638685514273281,-0.00840634516826918
2023-03-29,-0.0881621990712288,-0.0379955303194078,0.017423751027368154,-0.01553767441961982,-0.018048057361715986,0.006028952021610728,0.009629994264458205,-0.016714624533287495,0.01905669348085697,-0.004090495768944876
2023-03-30,-0.037774164024624426,-0.013723118588189325,-0.01524685290674302,0.0012200185218403379,-0.022998736903945185,0.012264904726208446,0.012595433557667783,0.001590742329751095,0.014114555554802687,-0.00379568620308452
2023-03-31,-0.09225894226954981,-0.023007498632949364,-0.008283522441408444,-0.0034870034576014288,0.0014830217447930076,-0.0076465714877890865,-0.014583013981804211,-0.008039459169652546,0.024186058888324955,0.027507908204306604
2023-04-03,-0.026212241059190396,0.05737920303659794,0.027384570311785577,0.02713082529124348,0.005557428547567923,0.0382127685496809,-0.010976997389010467,0.030826312684659057,-0.023541816911245232,-0.03906542964553001
2023-04-04,0.01702337644010686,0.0024432589964405527,-0.03881150009409748,0.0007142462691861447,0.022539835937114436,0.00716983555873299,-0.0014903787098966659,0.0004771013835146282,0.01898487132969548,-0.021167785519686236
2023-04-05,0.0019449024815637172,0.07476242227077483,-0.018382336213156304,0.027640190985689907,-0.0022944185121552218,0.019786246235435408,0.0008226361853678924,0.004418563199738948,-0.007237349644721255,-0.023785471083564137
2023-04-06,-0.016808074876225047,-0.0020415647864537837,-0.01306140983089982,0.009561071099473756,0.012433488689412905,0.007943630659531764,-0.004689702314828006,-0.019874078338341268,-0.005672229748547243,-0.0010121081793683332
2023-04-10,-0.0014842001050238112,-0.0015764939954197874,0.02501777502442831,-0.00515211598794984,-0.012339691581429857,-0.02277895830633703,-0.01172203536032222,-0.005738456294804664,-0.0004287544382930612,0.009981033171701171
2023-04-11,0.0021511317995534284,0.02406333141145362,0.024043265666345088,-0.0031470515651553154,0.002833070987016557,-0.022356075027088283,-0.008615418937777203,0.0025789566430262025,0.0002748444061491351,0.01568284564960382
2023-04-12,0.030840217108403373,0.033210837297949665,-0.004368307400459264,0.015438973875214016,0.025761009433017297,0.0020325703093572022,0.011369798005362731,0.023500158455399166,-0.021255472847920266,-0.00816133420819311
2023-04-13,-0.0958192381373929,-0.027472943460384425,-0.015666231826760486,0.005498477691728227,0.02864313354931438,0.016459983457639715,-0.008317990064923309,-0.0004645217979082699,0.019813034157977652,0.00923727226312699
2023-04-14,0.00944431355879644,-0.007133060250683217,0.025872776102408603,0.004932759495787994,0.014170828959226183,4.262926982957355e-06,-0.002882743016597627,-0.006046678499112797,-0.007852046876159821,-0.0053420894753310405
2023-04-17,-0.01827924580861797,0.0027261405365641657,0.012957518242935869,-0.014851532323793297,-0.0074346183083038395,-0.027555711510155977,0.0002826592383536405,-0.008622344874874049,-0.004436839242080294,0.017824905263384812
2023-04-18,-0.0043006554732271125,-0.0058548771555718155,0.025692377672914102,-0.01636279849600545,-0.0011910321080309373,-0.0014878333229281864,-0.004216345704154494,0.0091529713639649,-0.01513033679419626,-0.0012720970522368594
2023-04-19,0.012175041402679743,0.0027742243514816533,-0.009876826870706576,0.00018105684775605377,0.009830670649383822,-0.005101736998088523,0.003005055274023506,0.007344034393686128,-0.0015896084265334747,-0.004327643732232994
2023-04-20,0.050407263186391514,0.015675082693028995,-0.009535853558819911,-0.0011905983722300209,0.01067694712126029,0.00853339137579081,-0.02715917418480545,0.012651406597002127,-0.055131606020468266,-0.045548124963798835
2023-04-21,-0.019767901657746185,0.009593692587874207,-0.03044817100361176,0.001376469961517124,0.01101625536281552,0.00449857617135713,-0.005708669354509559,0.0026883856405352847,0.018809063684236373,0.0033824515721699307
2023-04-24,-0.0037238394769367736,0.023685046348340337,0.01202996440902477,0.0036512507229821815,-0.002807740428440347,-0.0028349937493544423,-0.011574517936750798,0.02275135391313524,-0.0057783584213671225,-0.0008961750501282659
2023-04-25,0.10367904378682319,0.05887382729157026,-0.02216521679071656,-0.0012631084280495804,0.013835949297887768,0.039016255070424624,-0.0028481366342986403,-0.018431093846191356,-0.018555236356522696,0.009389846986718095
2023-04-26,0.07110466436163905,-0.05924624968846398,-0.01578485619949315,-0.018997860334275564,0.015156878841336425,0.024034179745750752,0.006974839735405749,0.0036246837332383534,-0.020150322415583448,-0.05179466348150362
2023-04-27,-0.11205536570107875,-0.03635459656152372,0.0017290514316826106,-0.031227161443148275,0.024179669274012137,0.020744266963095642,-0.01839320849273159,-0.014255919577103716,0.04190397911225582,-0.0070826910656305135
2023-04-28,-0.06884370196368293,-0.009329200610317069,0.014545658751649931,-0.00055898888005108,-0.019242514083288607,-0.01744536593193924,0.02540806900329932,-0.007699130529944155,0.013234312723701328,0.006724096738203534
2023-05-01,-0.011186370320561268,0.015469675940667376,-0.005520736030351954,0.022907261928507013,0.003854362157517735,-0.021593996047100845,0.0006622132191024785,-0.020973524898661455,-0.0241529585193385,0.006469227393374626
2023-05-02,0.07887147678477502,0.0021420634653460478,-0.059202837476730504,-0.004840799440130557,0.014611655344033588,-0.017820793141149312,-0.0123537164926078,-0.00460185974422931,-0.017850486413031573,0.005103808508189697
2023-05-03,0.041632452278558704,0.0033243409511966985,-0.02124313800136941,-8.95752868943076e-05,-0.006628305236788409,-0.011190707776078184,0.005556169177373411,-0.0018109546937233128,0.0019084854354368074,-0.010488539067283455
2023-05-04,0.06064243643504281,0.0054190514104676445,-0.030717890497765295,-7.847021747304405e-05,-0.0031180162184308953,0.01672723603528203,0.0021032486233047367,0.015014120329565913,-0.018010102873877578,0.008735946593270072
2023-05-05,-0.1080476310983375,-0.034691762447617104,0.03085620695893837,0.0035541628116861883,-0.008161698798229193,0.015505647189659327,-0.007915491628288323,0.00015373758020805755,0.00997197476977082,0.038049129137637305
2023-05-08,0.002166852279491903,-0.00545196615504924,0.005274131203630283,-0.0028948507268374427,0.011333112242250896,0.01691450309961037,-0.012934102939347646,-0.011348580017291079,0.014311324262264188,0.006578194667926736
2023-05-09,0.0352037445650604,0.006886332276883838,0.00725003896953173,-0.00718132719029884,0.024743182108717374,0.005183855096221196,-0.020687876571286352,0.01523411814432716,-0.013034039578138897,-0.0029300604694654253
2023-05-10,-0.021542772193826647,-0.02639529088152337,-0.030332135852362104,0.002555869910537033,0.011150282000914054,0.022008437041248597,0.0023310982656129676,-0.004879767651726146,-0.002768780171988141,-0.012409356200207895
2023-05-11,0.01968843965195381,-0.005942687597096837,-0.024152477764719914,-0.004804055879284553,0.027990505455779236,0.02219572009835255,-0.02038639612139532,-0.0006142288444234687,0.0007234638536861186,0.015021826308245247
2023-05-12,0.00914679820424772,0.02046991055132705,-0.007667288094216856,-0.01728826704058771,-0.011778467114643325,0.005602939705609173,0.010712390067897492,0.008435072674346508,-0.01433758051141959,-0.01911956161956941
2023-05-15,-0.024565929312155236,-0.039057564800556895,0.026903299967280726,0.01057944907668874,-0.011218424045234677,0.002821519313273331,0.01350989175719528,-0.01443674678888234,-0.01792250195633505,-0.003830357434853852
2023-05-16,0.052298224185290225,-0.04200996038875667,-0.02702904475124485,0.0002245178367375514,0.025920989703606807,0.01585341216127191,0.00031483824388533544,0.004508036996105597,-0.02116781924242382,-0.010257739432549559
2023-05-17,-0.07787768474179844,-0.04241659543889125,0.05309836414078529,0.001061177885572861,0.009735459582822395,-0.008191080244402717,-0.020659418676256182,-0.0010225427910772805,0.008131647787668438,0.017981837926242205
2023-05-18,-0.05882197785239444,-0.06780078241223472,0.009655608894864573,-0.005871486524071448,-0.023173311527545752,0.009719299845522516,-0.002725894232625945,-0.00909325855344817,0.0014488266182662304,-0.006407027364478239
2023-05-19,0.002532720593691681,0.010408723384553951,-0.012165370556731819,0.022885082441751834,-0.011046588943176786,0.012857929474023993,0.021215581358622747,0.014596329172477808,-0.008777766801049275,0.00449329661744728
2023-05-22,0.020283966383928334,-0.037077572485463284,0.006854587067279216,0.02022343427147096,-0.0005141869445914959,-0.014012842659531309,0.0006726244258807333,-0.01804079691748267,0.030584305458405413,0.023543065896558996
2023-05-23,0.06355694100664022,0.022896768985043208,0.017283201407013605,0.0010794761251550675,-0.021254685089755164,0.0041403874363681705,0.0002453763848793003,0.019826256292262256,0.016552597450027594,-0.0024887625509143574
2023-05-24,0.049139398991450645,-0.0065123319210496295,-0.0007564829180917421,-0.0029871971679033397,0.01240366909530765,0.03156846977540744,-0.008661060959575107,0.015114072772669684,0.0029848610866409016,-0.008535163065998979
2023-05-25,-0.024651864895970592,-0.09333214671093351,-0.015314645730034257,0.0009644157922556517,-0.00016320664714291884,-0.01104606244042323,0.012796676131601646,0.02970393232797065,-0.052956425321367066,-0.0008099649335054995
2023-05-26,-0.09966918602567307,-0.09600023515939546,-0.007678649322837992,-0.019794581247468745,-0.043854404230816726,0.007472743923995674,0.015719790090521147,-0.01202079727904252,0.0037738583724735886,0.015959600909397787
2023-05-30,8.180894535478769e-07,-0.05125178349611804,0.008967597849235141,0.005972227264343662,-0.03823785628307176,0.014600375455963424,-0.0032766567509464706,-0.01858755712925617,-0.003944473741955182,0.020425222114213777
2023-05-31,0.01589065228537524,0.01740291340276386,-0.040922251186003754,0.007527516107564924,-0.0004181657296856176,0.013736183624624273,0.003491582689706415,-0.01840521391357446,0.016973817062178247,0.002490456855306792
2023-06-01,-0.04571436454527406,-0.01985326165640427,0.011510840179232524,-0.011329729068176026,0.007694572833651609,-0.00013119710409320752,0.004243093123502005,0.02554478449145994,-0.0037796232662048986,0.008145990199775058
2023-06-02,-0.08688147788404135,0.02045082478790058,0.024252777008016133,0.0077832315056663316,0.012300258749295778,-0.0016778965945915666,-0.008840985747120281,0.004836438957117875,-0.0010088001343264283,0.04674472347102119
2023-06-05,0.03440008904265103,0.013554656061766611,-0.025619633905349035,0.010197604695146913,0.018510823730067422,0.017973951012161263,-0.03622748408707888,0.0014608954519560158,0.015842986807804632,0.007071873600038585
2023-06-06,-0.009951240432805649,-0.02778161724842617,0.03263032274880279,-0.012072780272550081,0.0014888358265869178,0.0005791174315399945,0.005624848448384826,-0.007720625882204786,0.015204889191536241,0.003816962891013501
2023-06-07,0.015567501475390514,0.06149487657487544,0.06124238343832002,-0.008114592866511571,-0.04810211006756075,-0.04595149346201441,0.0065979241627020626,-0.004399444754989929,0.02844279613503936,0.01419738325610919
2023-06-08,-0.04327759884081667,-0.023824939124365514,-0.025085853397354144,-0.00469925739303385,-0.018359212836891545,0.03539671501328713,-0.013039376366708478,-0.0022130203904548507,0.0012196453911557333,0.03262220474751975
2023-06-09,-0.014295777813402787,-0.02500465867238613,-0.013699925113192537,0.0022858476835280668,0.013322856551645503,0.008980677170325073,0.005403570553616423,0.01177397215660709,-0.0031661149023051644,0.02281035279508333
2023-06-12,-0.06962884651242225,-0.07177767482581833,-0.008379433809160472,-0.0090526705185582,-0.029493133743689066,0.0036761386046928178,0.01245562044333065,-0.017212034950850514,-0.013326492529615748,-0.0056735007677278905
2023-06-13,-0.035023017702360305,-0.012618067609935705,0.0068478432069419455,0.008236145625180779,-0.03670322202610229,-0.00448853769812459,0.007140661208507848,-0.009786268628738295,0.009675830715353922,0.02353654088769136
2023-06-14,-0.0252689640796502,-0.03819461390407331,-0.014697323449019856,-0.02568710191416764,-0.03609083317337666,0.0006452441159908824,0.004254262176493427,-0.01555605180431405,-0.031396984845369236,-0.028174931706143273
2023-06-15,-0.09005505148053038,0.013764854109750731,-0.014907834970900176,0.0018256321469126275,0.017137851504808288,-0.004706560629455999,0.00352802810266954,0.004325187990481151,-0.0009026415198640002,-0.02822107058002051
2023-06-16,0.011597813914838936,0.0167549499585382,-0.01240162873557987,0.0065558423235559365,0.005472164622246598,-0.007760153708264232,0.02171237650828751,-0.012227472699818866,0.009653792111681868,0.024905947756059827
2023-06-20,0.04473306357943212,-0.017904732577786703,-0.027128492289981473,0.013682721213610468,0.020142036792461827,0.018226414212683676,-0.012874403534832253,-0.006432449232856506,0.002609817891601842,0.057010526425688775
2023-06-21,0.04170073002984091,0.06882558870578753,0.006047498701431108,-0.01068838591992497,0.03597966251159344,-0.005984774353139175,-0.009048546085582624,0.03175791509337565,-0.014826113465294053,-0.019586699877694146
2023-06-22,-0.021375860848247472,-0.020092648732651704,-0.048931114393807575,0.005680712689321767,0.008460752846062255,0.026353777717136043,-0.008584775929018367,-0.006165347120508864,0.01542314277210589,0.007428346393907832
2023-06-23,0.050844752139171584,0.009353727598701055,-0.011979457881771217,0.0056323816015727245,0.02707345037601976,0.0032239518267560305,-0.009448118360611617,0.0061222896251506564,-0.0036022905312422873,-0.015151118415388899
2023-06-26,0.019696548942394563,0.0429929868527312,0.04317692947100528,-0.016569715538112987,-0.03427940135578052,-0.03767212669828554,0.005647452572744323,0.0013360805944251642,-0.0009222328141574728,-0.0437083835269154
2023-06-27,-0.06300474055659293,-0.05133974437734951,0.008195393459430166,-0.01846274099332805,-0.029505232944984385,0.026497724054767156,-0.0018539249479838642,-0.027470329216183337,-0.007375439104785505,0.010695527176653086
2023-06-28,0.017320077826223745,-0.006789243709827207,0.0064328092560729955,-0.005406659345846507,0.011463805040245693,0.005116034653947731,-0.006769501674479184,0.01373719551479683,0.025656168181503482,0.005842504520573765
2023-06-29,-0.04030251517955753,0.019619651621696918,0.04197785613758693,0.018753179418700694,0.016259109161644945,-0.01786440111791961,0.0042912507499797145,0.00662196727436309,-0.026185444525461277,0.013030585318048273
2023-06-30,-0.06790748384258323,-0.01324485352718634,-0.017176471879783092,0.0012329684255293464,-0.014502999818258498,0.012398663042660327,0.00047177259283065785,0.00939969943307935,0.0014810038721121469,0.002718113301340127
2023-07-03,-0.012712212097068874,-0.008252192088701918,0.026187647250864,-0.015349411034408147,-0.016973957378675273,0.003883145723840368,-0.007666713130421137,-0.0255616112361738,0.02517568293302864,0.04958369773171959
2023-07-05,0.01363523400569153,0.0042107198341316205,-0.027562887989181006,0.004010667926311821,0.042219111886280955,0.016229156189542848,-0.010701738233569368,0.006054441579215942,0.016355134971705296,0.008883351782232526
2023-07-06,0.06599543313381381,-0.0017410128699222587,-0.017784531794105995,-0.003947950591921379,0.013442271444389803,-0.00516822733178838,0.00010117194344966117,-0.011401716592473101,-0.030140663979603608,-0.011372204754582832
2023-07-07,0.04323850084524227,-0.03517173290170503,0.03795780957489663,-0.0012320823201596557,0.0007579631079893276,-0.010275243753315547,0.011028795560469283,-0.0036114252035165523,0.008747753154841631,-0.011318660992491627
2023-07-10,-0.03651829258392952,-0.0028101673660007446,0.01014587842022547,0.01020689993618869,-0.03156582994042519,-0.01803145175227402,0.00814343381013602,0.0005861406685063374,-0.028711056153726044,-0.007303975261583683
2023-07-11,-0.04540835656898605,-0.02131649113455384,0.027809589702657175,-0.009031999071696209,0.01617683429317584,-0.013929492854663758,-0.0005182203200944569,0.008284254005611318,0.013574757018355144,-0.0076519401696382005
2023-07-12,-0.04784466364436664,-0.04714868187119422,0.0010796947848759598,-0.016875739322978926,-0.00759280269060738,0.008594712542270776,0.00501929709659889,-0.003257427617947985,0.014654948049164573,-0.005523993321973444
2023-07-13,-0.04695390965196521,-0.04701087029445754,-0.017022791877760842,-0.012089780142511357,0.006357093013405405,0.011400226496783145,0.015279858848864052,-0.021464776177495242,-0.0016654523539743177,0.007541689583474384
2023-07-14,0.0049426679379640705,0.008955373258546789,-0.04962700510149758,0.01736310878033569,0.015437130497005793,-0.012820993777782551,-0.02545849958713739,0.007926687300830269,-0.02939886090750696,0.027116077364438176
2023-07-17,-0.013909374328213023,-0.04269090458874655,0.024986270197067725,0.006956430084993756,-0.028236347311880357,0.005387531095831861,0.0013360020152425052,-0.0007605306289303649,-0.030164810759633145,0.04038702201387996
2023-07-18,-0.029591943785505472,-0.00316187444627362,-0.0072874938104997644,0.020527494944946635,-0.008316260354501852,-0.005717173131234959,-0.016261247552505843,-0.008315843871041204,0.00991779604504808,-0.010977513266069763
2023-07-19,-0.03019846510518091,0.01718774582023545,0.002990245478803857,-0.004256926239482694,0.0008290012135861779,-0.009785776813794346,0.002842136163165577,-0.0034194297512667934,0.02559478829797243,-0.014898621789971903
2023-07-20,0.02098723118104898,0.12970967361618976,0.0006229214408251717,0.029297557674005038,0.004796345739593447,-0.02471246062635662,-0.011382449948769935,0.01933693255102475,-0.027029166401348854,-0.03230658003924443
2023-07-21,-0.037781062666450566,0.01890941788005244,-0.028325082522620778,0.016363831753768772,-0.029279182735716152,-0.03672718272727756,0.03154911349212834,0.02514943083929631,0.018382580054415763,-0.01678987153777892
2023-07-24,-0.027217767604754608,0.0009994092462609894,0.018791597808855757,-0.001897175894145569,-0.001277574799584886,-0.0051437746542655595,-0.008835777544624853,0.017580019477687933,0.009534405449029606,0.02162224385615116
2023-07-25,0.005940932550674248,-0.03210283347816355,-0.01850049077263354,-0.008913121253820225,-0.027240140146934808,0.020457435861026822,0.012734052876413781,0.0016879504848341701,-0.001500016041280688,-0.03171118806108693
2023-07-26,0.0034488364675428567,0.01974381740942294,0.003370900329288625,-0.004837108170833554,0.02410631266087583,-0.03129452252777383,-0.013331215313226724,-0.0006138787223403931,0.01924787373951437,-0.0007866321194206127
2023-07-27,0.03382858742821653,-0.026988011385997247,-0.0018750572849455414,0.004078425174758589,-0.016355262607351952,0.038315702639073135,-0.015936252196913813,-0.040386474182309826,-0.006970087775966733,-0.037274472151368705
2023-07-28,-0.0659838320032117,-0.03931591869575064,-0.01949784357030286,-0.0010760723000986486,-0.017597815756639473,0.020981173033037346,0.010872059296047468,-0.026132344630840243,0.019836063115341782,0.0234377274286913
2023-07-31,-0.005024368169686507,-0.012836002734264771,0.04556622971390818,-0.006946360216440536,0.00969232122674349,0.020947784168073448,-0.011362448729878918,0.013588729106230659,0.01506971548868868,0.0040017946353238165
2023-08-01,0.01789056875019059,-0.017598334015921157,0.0023134085247735747,0.0015257183667206212,0.007428472344937354,-0.0018157478204032175,0.0065447213415797895,-0.0011747499187528437,-0.03108856960025068,-0.02213711055830401
2023-08-02,0.08645419892798872,0.06886933787764803,-0.02944950071321795,0.005752709099892726,0.01301576579556287,-0.023305074136291737,-0.005519538233378932,0.012120221960379122,-0.004261517349788909,-0.006797921488733047
2023-08-03,0.019527064678645144,0.00612925205234476,0.013757829801832775,0.00012245888745277412,0.012726373342093089,0.005407110703988124,-0.02546929972798369,0.005866556395709925,6.184330691317087e-06,0.014000374079967216
2023-08-04,0.024208991544526312,-0.024856289828532375,0.0008690869593252753,0.0270366289161425,0.0017275611111948123,0.005836045485217575,-0.015217365222353603,-0.0096415176940952,0.004691652854163108,-0.022018885122648595
2023-08-07,-0.0601480747776476,0.01025479834263077,-0.017730486374671974,0.011406566378324354,0.013654227604806205,0.010369093815526559,-0.021231487508508513,-0.010949427844331299,-0.014829905526423324,-0.008523692609357444
2023-08-08,0.02800438236017542,0.03130844341015509,-0.00919379076453748,0.020132229685981405,-0.004627403099534316,0.00865859562598786,-0.010601499093221866,-0.0013998535375553214,0.01139054340029835,-0.004423613904758994
2023-08-09,0.04426080060542094,0.05721665423725427,0.011114690355604749,-0.002876551783732597,0.008261576331776049,0.001748261280064459,-0.01130754241393648,0.012592638358309037,-0.0023430003580031554,-0.009319499504575073
2023-08-10,-0.014826778737315279,-0.006578062858219886,0.012072298779151565,0.0015061864753309249,0.0077807991815359405,-0.0007093618233088044,-0.013491596710043567,-0.020479481079540004,0.027341287152572315,-0.0070956047227275975
2023-08-11,0.005156350551937307,0.045799740214718665,0.003714502776282065,0.0108050499869768,-0.000334661104941857,0.015993668497785374,-0.007547716579978342,0.02143419526584019,-0.0023033131227451556,-0.00695776940328986
2023-08-14,-0.04465631580700438,-0.0478780138052713,-0.010487014989044982,0.021728399962577468,-0.007852859900328276,0.021231294374640344,0.014995858293826395,-0.005305353903065065,-0.014452101103703418,-0.023570253888906115
2023-08-15,0.06680247447581145,0.010768783892022802,-0.03757132022703078,0.014492893332019299,0.0032202516744209418,-0.003037854166894232,-0.018704023960408003,-0.018302225482187417,-0.024804457919987342,-0.01678821255569494
2023-08-16,0.0542659079262183,0.021679758449028114,-0.009313061450488967,-0.007537649458301131,0.015434621837297253,-0.009639304550078213,-0.007764686595010908,0.012738412609578793,-0.012418253094138238,-0.011436427820773165
2023-08-17,0.030582700690344904,0.02334881512707188,0.023359530727495578,0.027761733111841984,0.0030089055139493792,-0.007818799282240762,0.023957419930717906,0.013718124071238468,0.002124659004419469,-0.025576475052563646
2023-08-18,-0.001406673069476811,0.01829618558763794,0.014233249849762975,-0.0030762160251638286,-0.011664856847821741,0.01252051921854283,-0.001992576484683019,0.014965330707464246,-0.01516451780921925,-0.009179925700572864
2023-08-21,-0.03136067032508164,-0.08456751464138067,-0.007664019080523735,0.01136474183462386,-0.014980537695494112,0.028279353816939773,0.01629645029907794,-0.008807810517908578,0.00475073719138084,0.044803659749980754
2023-08-22,0.029327994526795645,-0.004016774047229909,-0.01421912421815453,-0.014439551398378716,0.01795410565521876,0.002016992293872793,0.006800084876431286,0.007478186770669515,0.0073432360934552925,-0.0030070166561878605
2023-08-23,-0.06563990505975403,-0.037978398250988,-0.02036001686133375,0.0006835026849295371,-0.015192622477423987,0.003048491277244826,0.02477842285113532,0.00810922624731364,-0.007094003883850098,-0.002935662139096462
2023-08-24,0.09221754386094978,0.04746834983216706,0.002809313746583321,0.0005310740220651689,0.010740740071493303,-0.01611303582457193,0.00021782089871516782,0.00440608278648743,-0.0064381790865518694,-0.0015581954825248975
2023-08-25,-0.056780546415351164,-0.003948888135737924,-0.004963039619655265,-0.004344457518952215,0.0020603907692526018,0.00921339344992973,0.007051430662947949,0.007760664295346063,0.009177810780481792,0.012567939713961973
2023-08-28,-0.04054898416099942,-0.018945089645252197,0.015881577302637312,-0.009084119794524729,-0.004051558965364655,-0.001153698295724319,0.003342181529481887,0.0009355147097006235,0.0042447175969197535,-0.004697966988242671
2023-08-29,-0.08560030611865402,-0.04647646094231988,-0.012288689916092466,0.002513051806201629,-0.023480206426388567,0.008928077125618883,-0.0017213495428387434,-0.016291828955162454,0.030395239746363458,0.0302479435997427
2023-08-30,-0.01517060814838735,-0.01144830764468809,0.0011802172653103855,-0.006737936670284309,0.0007391762116606121,0.00224001116854811,0.0008482930473479562,0.010706945523409676,0.0006463838471245348,-0.003397946150417663
2023-08-31,0.0009319938083595028,-0.0455627791259777,-0.00721164148704541,-0.00991558914754886,-0.01626074559085626,0.02117052222102521,3.679529110770265e-05,0.013456035232029671,0.007072296796046891,-0.00961900882928645
2023-09-01,-0.0018221514197031003,0.013276784910104355,0.016437729076419112,0.025121768522205955,0.007328909783376468,0.0008506874127899874,0.006887992635036595,0.026724909496020615,-0.015529317574635756,-0.042305270535757646
2023-09-05,0.04205963544165079,-0.04369380000363791,0.004742702024038801,-0.00241027109898182,-0.010852558093790418,0.04389654631942775,6.709585726133122e-05,0.014064143497306163,-0.005009495008635639,0.02661760937741226
2023-09-06,0.03924138536081804,0.005763495112017627,0.005447117885653286,-0.012220249793792678,0.010169414911114628,0.006507723969098994,-0.010463957137981634,0.009726832706020611,-0.003932975211264896,-0.026034018821934162
2023-09-07,0.00796455243174053,0.037472424686010336,-0.030471681549998783,0.015212186949133353,0.024364700057179823,0.023776985856902962,-0.030501926864724374,0.004118882715461121,-0.004809669950959338,0.0022788015487703
2023-09-08,-0.007091818342854761,0.01187879020417834,0.00665840639692695,0.011561686535172389,0.007727975001580003,0.03326240777047432,-0.01772514803043612,-0.0130848861111335,-0.008402175683082455,-0.00497949875470942
2023-09-11,-0.04487060469108546,-0.03370798077442452,-0.03679358515656798,-0.015813483446334455,-0.012727052660782398,0.016657464175198373,0.0008644194649984183,-0.035389220231090625,0.03840592507088379,0.04805404077231516
2023-09-12,0.03804042255777803,0.043338653802008895,0.046983685896916004,0.01411775971165422,-0.010425276532045183,0.0008876203200101886,-0.002250154016885513,0.000562524967904143,0.016294285443591423,0.002331996572955241
2023-09-13,-0.022254365530923373,-0.022497949940624262,-0.015966831287661618,-0.013156061516795648,0.00010636689040772909,0.002143194786711349,0.00812854833494371,0.003108153699282829,-0.0009190068122944418,0.004534177141563463
2023-09-14,-0.053512283494907734,0.006474467176999457,0.014756067536447993,-0.0062433619525238005,-0.02249058705976599,-0.0033822091902036416,-0.004480745436449385,-0.01314809931555994,0.013601085165829047,0.0089676954194145
2023-09-15,0.07487634591320437,0.029645066325912704,0.021215354047248704,0.0010771522022000872,0.011776153328417228,-0.027808483036387527,0.0008829251016133185,0.0033547303111186094,-0.002201231277026702,0.004647510115187951
2023-09-18,-0.00249433626281488,0.004832867184977346,0.008663782757137466,0.0032561952562339563,0.010780630790931112,0.021345408673741517,0.005612556255857643,-0.0062479169299602625,-0.01761061459810374,-0.01945694527892453
2023-09-19,0.02083186033357262,0.0028021759909548144,-0.014257071366425324,0.007614255858886849,0.013899236433965054,0.0036063652007575853,-0.0052354123774147766,0.01707874030252626,-0.008368759867349352,0.005336770226950306
2023-09-20,0.044575854240686705,0.05450813976846518,-0.0040604847842281395,0.005377056389919312,0.009735916283108648,-0.015712943982232986,-0.015520372722991477,-0.0024413486662581466,-0.004219443060922941,-0.0005390018763338917
2023-09-21,0.1054206868128612,0.027233560341365523,0.008085544259758801,0.012090491942788793,-0.007934369213655916,-0.01707507202451038,0.0011296647508128622,-0.019169743296509764,0.009973844136084684,-0.00563326295073883
2023-09-22,0.019747384081367215,-0.005497519369118915,-0.019319898853266647,-0.00384116241628727,-0.011585464738153443,0.011032685096736147,0.008526717254796834,0.022559285827405597,-0.0141319874534966,-0.028947136191587942
2023-09-25,-0.01578748874703468,-0.020892220192144827,0.011815229952377805,0.020298423686372063,-0.016869147207803508,0.0015391549564878581,-0.0031819550582993395,0.015245380644937754,0.010060052550106358,0.00948631397204732
2023-09-26,0.0912074211067629,0.017599647718186597,0.002960381906180791,0.013525582702607512,-0.007070981929447144,0.0050978851303904085,-0.006344719767725426,0.00031282839310276645,-0.0030315497564641224,0.004589464488019216
2023-09-27,0.007455810756004938,-0.02692891269334538,0.040643419445375285,0.020267344464622403,-0.013701144818741571,0.01476892055434026,-0.018997579342803838,0.015688044846861378,-0.010122240460460499,-0.02316680504987094
2023-09-28,-0.03266359778037528,-0.023755376778261332,0.002310952352843171,0.012020679373617416,-0.017781286096364438,-2.8356970961729422e-05,-0.007421391661660553,-0.022255584895681264,-0.008743392219225477,0.006453625548662326
2023-09-29,0.010998110607249072,-0.03179615590131118,-0.0036424858224105602,-0.023902050655328553,0.002835494277032515,-0.02453582631820982,0.013900056932269407,-0.0042196990367180075,0.010371524847951756,0.011860112941853275
2023-10-02,0.005971908953688544,-0.06464081780408955,-0.019140581787652936,0.00693620657398957,0.005696697341611892,0.039896191804620694,-0.028598805231481488,-0.012095507088616442,-0.022727237449277737,-0.010908990495176123
2023-10-03,0.07469641404746045,0.033269865160445056,0.0029059166577330865,-0.004394729129855553,-0.010748265197893342,-0.028522445531969965,0.02533280951982818,0.025351450918072525,0.01223761990487211,-0.012572201598573972
2023-10-04,-0.03610865382764651,-0.047820583689232546,-0.032891093554455714,0.0018160980935178405,0.012247930350933186,0.007236156827358947,-0.02436638353249913,-0.024611681668276486,-0.023842104149507052,0.03762026318781026
2023-10-05,0.013052473418376849,-0.014103604235693644,0.0011028407059727897,0.0403465254009533,0.010790049590518954,-0.002357422332697922,-0.013852588960878067,-0.01193269083813503,-0.0005369026244393696,-0.012625136170768155
2023-10-06,-0.06650790093730213,-0.0349541473086206,-0.007584535799519558,0.01852184118248421,0.020577082699707223,0.008359730612962466,0.013071560121335306,-0.029433859553376688,-0.007194143650499936,-0.004747491244738706
2023-10-09,-0.03501638467345006,0.014993415661552531,0.03338573328138827,0.014161712640623705,-0.005109512017104593,0.02306767589740281,-0.008106732657017144,0.005141480476257662,0.011257223675302769,-0.009941086058235682
2023-10-10,-0.03855499829965551,0.009532099204073384,-0.009211245779374853,-0.03625276621676244,-0.0024932786648551265,0.0004725027162134302,0.011432174912691285,-0.005723718588694325,0.013999901245704948,0.014182571042814396
2023-10-11,-0.0158116088269848,-0.03691391238989267,-0.036668904091992784,0.00796507183444397,0.0015352619600810745,0.011462380807113452,-0.018883508112448925,-0.029522196015977536,-0.012675751786204989,0.009615060042860628
2023-10-12,0.03365843274226539,-0.021463722687640307,0.010452024175917814,0.020201633999675356,-0.013772208396926064,0.026727856458400968,-0.016778361689940246,-0.0030095462013265935,-0.021924030713805286,-0.001068693296013899
2023-10-13,0.015807859385425237,0.07285716293237404,0.024410094793890256,-0.003991755565003659,0.020193627488754626,-0.011074083847005806,-0.010549448580193795,0.030906516853787598,0.0019510445047423721,-0.0018879747941353128
2023-10-16,-0.07214632713252135,-0.01328484491712064,0.0020986407135734093,-0.006932695461776714,-0.004726701710639413,-0.001895949576675323,-0.00385717106464799,-0.011746629562811263,0.007845512739034445,-0.0019432363705271952
2023-10-17,-0.0032922814799551314,0.01540949055153886,0.016768349245968414,-0.007750198189178744,0.02236226064159722,0.00040919688959233406,-0.004723048118284125,0.0072826380230031,0.014275923433761861,-0.0028060984264392684
2023-10-18,0.06567273606094887,0.04067539398148233,0.002502924955209615,-0.014314650015203906,-0.003568906132613866,0.023819374881403663,-0.0007087326685089672,0.011568725135334504,-0.035366125674609526,-0.01631160536854682
2023-10-19,0.04497901491212296,0.004303399269845995,0.006429103774174256,-0.0041860711385398805,0.006089810542328848,-0.026605684988249775,0.013997392572316704,0.027477132683260432,-0.025265886180280132,-0.0778676556612929
2023-10-20,0.0710993278365172,0.052810656161837756,-0.015464478865902275,0.0037587430534834656,0.014799411456685304,-0.015804325743837708,0.015700304923672137,-0.01625463126730601,-0.000411809120059003,-0.011540730930161155
2023-10-23,0.030421587345997404,-0.04126616438009103,-0.02669052985425313,-0.019110106828832032,0.0107693963189687,0.01056773849951835,-0.015859856106719084,-0.006123357893402815,-0.009067514012090223,0.0017029670452714148
2023-10-24,-0.046501970020649486,0.006000593215715404,-0.014710866288066076,-0.030570624365790486,-0.004955068941919522,0.028364175869805868,0.004755221050732791,-0.028095662652315088,-0.0017706127259943772,0.025754547078002375
2023-10-25,0.09747562787575526,0.08228358908641091,0.0038187017747795325,-0.017037082642058585,0.033178128528630946,0.002749736761942688,-0.007813404751528252,0.02427153168388674,-0.028052669890904675,0.020298347876286395
2023-10-26,0.08354586249041385,0.03957208853307141,0.003247606501435605,-0.004950772314429448,-0.02033626801165655,-0.032153894752694284,0.02830212576817981,0.02934253959366157,0.0029239552948781026,-0.010584149152219483
2023-10-27,0.04530666257810111,-0.09661413992599925,-0.0058150923414695055,-0.03644324596160215,-0.008830832367681847,0.020995395531275475,-0.0025175527988053913,-0.025577380319435437,-0.02237411702971181,-0.010270087810992168
2023-10-30,-0.08869496290590097,0.0072742443702130885,-0.0019010297291763116,-0.02607325334757656,0.022382286788381806,0.009295805649536807,-0.02162616411984682,-0.012688759750774008,0.0009138647954314029,-0.04649473120750235
2023-10-31,-0.0573678896647195,0.0030779101445662267,0.015516351759090424,-0.019009950331127186,0.0046031931432307955,-0.04596396652498417,0.0180998299682146,0.006420004674235809,0.012592106698709638,0.003724014019838406
2023-11-01,-0.0522678514252417,-0.0512164755358018,-0.021000039071144064,-0.00140210990863379,-0.005660188266277078,0.03679341698408619,-0.0035749634227797904,-0.017578100361924455,-0.002754596411174957,0.0009675604560236541
2023-11-02,-0.12497540459754464,-0.012371948176773149,0.02602666446344079,-0.0009093898558029277,-0.023108450572175795,0.005432787326776536,0.01672678059511378,0.00026370400223328677,0.027510949171512398,0.037568398500897916
2023-11-03,-0.05115804402952377,-0.02787162269422364,0.009242426739486288,0.006989041283093705,-0.006253440007746786,-0.028890198477514374,0.004120212109715363,-0.031009170382931328,0.0008421662076442218,-7.422572183813449e-05
2023-11-06,-0.007099770650543304,-0.00847276239609703,-0.030231421606992746,0.014593091589370612,0.0025001466275104754,0.021536214187745064,-0.018442930120257172,0.006173713305214964,-0.02646063150021903,0.002345411984716802
2023-11-07,-0.028678816759165955,-0.04020767002699406,-0.025417216849486824,-0.0057536762804522405,0.009886779619828983,-0.0011757673443728942,0.0019514562764983657,-0.002046314931170805,0.0009659699264298268,0.006949875198170378
2023-11-08,0.002408393279645888,-0.01289301973080414,-0.011828276068023537,0.01836630088725031,0.011476612985390329,0.00834756075716931,-0.012786108282841702,-0.005015814015088686,-0.028947108945649624,-0.0016592664691883032
2023-11-09,0.06983053428482244,-0.022064911171524083,0.0369595900567983,-0.0325759629798243,0.007015556406765038,0.002217214851671176,0.0033807064374904126,0.0007364436538069395,-0.025241055022726725,-0.04794114113455227
2023-11-10,-0.08779063461423132,-0.05418958887039872,-0.007000828917430678,0.0010793644727418812,-0.031221744859410094,0.018662119473487983,0.005136040544025019,-0.0015007422842152193,-0.008684708308770703,0.0054485787900750435
2023-11-13,0.005512412428020304,0.012832284285854777,-0.0063732475979679385,0.0060635776707046425,0.0037549193789888943,0.024027113445349392,-0.008646626753417172,0.01120036618430138,0.01079294901339236,0.025404624945767108
2023-11-14,-0.11110795971666228,-0.04611021090284305,0.004692808570970146,-0.010359775921363336,-0.024876619706388922,-0.040056898559169524,0.009309636899885192,-0.001389713681908156,0.03441527083331247,0.026132168092276448
2023-11-15,-0.033842381633615116,0.0052555111848217395,0.02167931339797082,-0.0070344453773002625,-0.02384959178223734,-0.04874383968110057,-0.003568933704235698,-0.024691875733099652,0.025948746919145775,0.015163529702527096
2023-11-16,-0.00877894906119544,-0.01132350692756572,-0.007246151247073837,0.010790182467096223,0.018508574166982712,-0.011526299531221838,0.041926895881187844,-0.021503517294739916,-0.0171542024481016,-0.034257198195492486
2023-11-17,-0.006551729850537179,-0.004612338490177648,0.030709582662405227,0.00023899885923605135,-0.01554088473592626,0.018257368747990405,0.011913104517519903,0.006627303305886036,0.004954945340435869,-0.0005780441283719794
2023-11-20,-0.0466685821609244,-0.030165982962259426,-0.009475686541210004,-0.00829165951659318,-0.003538180162786265,-0.0033354086006236222,0.008502315273678503,-0.00026043787285985083,0.0018568993160871096,-0.022306475304353483
2023-11-21,0.005400176577502537,0.023415262705223237,-0.018137389338492554,-0.009585266826311997,0.02354338729544282,-0.02823815212707081,0.008683394350267697,0.02755453077236419,0.024657435919615583,0.017910435951266585
2023-11-22,-0.03423502809505856,0.010797128763190857,-0.006018863451470248,-0.0014286590911317893,0.02172074553293561,-0.011923908799201176,-0.0025100170147943123,0.0012605803113077108,-0.006118012106498682,-0.019778182502708564
2023-11-24,-0.014816629846702173,0.01962647734733331,0.0035445386444813444,0.0031482937637910273,-0.005204822089236758,-0.004902504949692688,-0.006119058429664159,0.0005869929359093897,0.00021207287728627707,0.004163359659997046
2023-11-27,0.025162372724706387,-0.011300222090692445,-0.006810500644687694,-0.010984868130454323,0.0033603971747152212,0.0013837524015282226,-0.006869865277251805,0.008956617697285394,0.0037027209801028813,0.004482851462331436
2023-11-28,-0.008938244386215433,-0.003796653043110974,0.0026692237443415876,-0.016349564189107074,-0.003047943280594973,0.008168762004424462,-0.007517345582263819,0.009244642162109866,0.008092269105729705,0.0332586577311653
2023-11-29,-0.004039003799804598,-0.000989451265747213,0.0020947600850601176,0.01837161812053881,-0.003335724433840647,-0.04043961514802044,0.019620073520033084,-0.007676483179095951,-0.0010485684422645656,-0.008828611327277651
2023-11-30,-0.03504892604771456,0.045668034317656675,-0.0017489032488238888,0.01432639979533506,0.02151154017902648,-0.012775886043401328,-0.006973313561203646,-0.002131931630277205,-0.00903456056078798,-0.0033670031416311473
2023-12-01,-0.041682974159536715,0.014638785117909996,0.01290693452727687,-0.0006060941699328143,0.0053815258488497915,-0.024863211026034976,-0.0029345415657214048,-0.003812744845009627,0.0014056241444739684,0.001953699070103805
2023-12-04,0.024664307408531504,0.03911482877111573,0.01324409974517761,0.0061803970049802,-0.01105068040083653,-0.02702120825427039,-0.02019349425262591,-0.008908389659537004,-0.01043343496610893,0.008009670304757896
2023-12-05,0.014513051618585602,-0.02675979156533968,-0.02344141868543636,0.007970606752443697,0.0029399125972267947,0.013075751159930322,-0.014286069373912516,0.00813261713412752,-0.004371700986863055,0.021176840622505886
2023-12-06,0.018738465795561928,0.018867546384233744,-0.003729561436465644,-0.010637962432627407,0.012865806449539573,-0.029988794128861553,0.002490089715462211,0.0010110322949232252,0.02273647558544457,0.01136932611097095
2023-12-07,-0.04063801352528448,-0.050524655557251594,0.0027511000445678566,0.0018535383405839968,-0.0077684938786952125,0.022938550142448662,0.0005162529514550271,-0.03041560452077532,0.0038559104017456824,-0.006010649403035834
2023-12-08,-0.013731867125452938,-0.02346601461044255,0.016658720291873663,0.017438345222103867,-0.0045456483591838175,0.016864809158613228,0.0006031598313293282,-0.001132242841705011,0.001059046230432235,0.004049419695023748
2023-12-11,-0.05436302579244382,0.0035093747380977604,0.005471713523132462,-0.00323581898067437,-0.04034187322917312,-0.030138533964131832,0.027585797832608526,-0.008544677370575052,-0.03903889822563382,0.00020199609396626204
2023-12-12,-0.017765742410201863,-0.02447292212715922,-0.016262001604813645,-0.0006837085717657577,0.011722330735531836,-0.00301099610407083,-0.00032312036127617416,-0.010877695089339234,-0.013432350736051061,0.012611532540836506
2023-12-13,-0.09695091755317485,0.028566952643008157,-0.007702614888834856,0.0030836364633519244,-0.022864341038946315,-0.01896236335384411,0.0025150196872020304,0.0013472504483401063,0.009419075736137848,0.020335664023733407
2023-12-14,-0.007224590913524678,-0.004236257358363529,0.0865968137496394,0.00838453482853381,-0.057651839630914824,-0.04122401860192231,0.0170266720069596,-0.02021969369024228,0.065525793601444,0.019163775786331137
2023-12-15,-0.009623036484591868,-0.050198218830789974,-0.0013516986545215749,-0.007687313008881445,-0.02176289226174982,0.009563447496376576,-0.025082575481190927,0.0008703313023674394,-0.02061914477295292,-0.007184376779657683
2023-12-18,-0.03648128103620568,-0.012063197211870592,-0.02422151119611219,-0.00902613543662246,0.013177562053936937,0.034979868818210205,-0.01966279805602629,0.0125290846407613,-0.009578139186375633,-0.013086787547222065
2023-12-19,-0.038287065694183615,-0.002395614800836126,0.014796058720859834,0.013643948411479251,-0.00031983946805085056,-0.0031908487207375994,0.00542654695869038,0.0022450805831375127,0.0156607485986116,0.01509987554700672
2023-12-20,0.10192933067873874,-0.006383536370626574,-0.0004554347649039238,0.004474105119938104,0.026483839735210006,-0.0009684363516411464,-0.0053707010102206285,0.00415942862278086,-0.011966080385972595,-0.029547003331913835
2023-12-21,-0.0665318782088266,-0.019530945064053982,-0.005977298976626967,0.008971462499469998,-0.004234552304783586,-0.00016928085605153031,0.008798538748721144,0.001207939658526908,-0.00014559971844876248,0.014003127938848746
2023-12-22,-0.017116674347995638,0.020250741576084783,-0.011988895009139291,0.01689238531539701,-0.020743748528739416,0.01092834699070282,0.0027930369404004615,0.0012568385747964818,-0.012765822986487364,-0.008578119274146187
2023-12-26,-0.027898270279703267,-0.010474432067621027,0.014356211609150026,-0.008289335330731638,-0.02922058062460416,0.0012410042780876746,0.02017061102208738,-0.002745496787743514,-0.00397579122560371,0.009420495898013121
2023-12-27,-0.011390577850830209,0.0040943219193726055,-0.015295512765710282,0.002708550239172612,-0.006702215278434263,0.004018332060606269,-0.0032821857822486595,0.002425984357156093,-0.0003911890245620494,0.017118631891821886
2023-12-28,-0.003244020002217577,0.008698562602170239,-0.008960742578361916,0.0004560836860836251,0.01122050332523741,-0.015424023185054717,0.002278438751868775,-0.013071510211250607,-0.012544907358355414,-0.0191693959829864
2023-12-29,0.015121379278587291,0.018836470183080937,-0.0031859429474480343,-0.0008829743982118958,0.0038923252578115563,0.0010774836162376193,0.00032773466854900244,-1.930736518570654e-08,-0.012159689722828364,-0.009538922876687367
2024-01-02,0.006957328487882563,0.11550731915587607,-0.015600808948493196,0.03288049415707754,0.014091295652956849,-0.002552287320706885,-0.008236500155925025,0.003602244480412076,0.029177434425620805,0.012084889465522747
2024-01-03,0.043027224515527845,0.04673095887287732,-0.0026920886023019427,0.020288213946537025,0.00963242108371539,0.045008005520516155,-0.010381314268167218,0.006021941199990333,0.003371933935432359,-0.03196637859643012
2024-01-04,0.013866620548575834,0.021009203110535304,-0.010754442002839945,0.023523612471988857,0.00673120687920533,-0.021452868887793332,0.005232328931267913,0.0033366714007361633,-0.008398924736958139,0.004304571307967701
2024-01-05,-0.005796277816274026,-0.008277924367601806,0.010488249851954182,0.0025754850678495235,-0.009894334591164391,0.005764180843604874,-0.012823073495517643,-0.017624408221889532,0.014151396381592468,-0.012542406417081816
2024-01-08,-0.08733610845004997,-0.05940761752063719,-0.03382254367959525,-0.006074546120947687,-0.013748330342159288,-6.786527878920067e-05,0.011114352301566134,-0.011094755462396005,0.001008112546825796,-0.003602568076044038
2024-01-09,0.017060603445165554,-0.02377693685157598,-0.02822628617662439,0.0035077292346185375,0.003723742910216602,0.006366476526849006,-0.008205597956766156,0.004844313443691644,-0.0259776582438383,-0.010273397627938528
2024-01-10,-0.03500482280398375,-0.021162529146110075,-0.020708784514697334,-0.010349979699940962,0.02123639309120124,-0.0037970857592240993,-0.025310745211343223,0.004490289548291457,-0.0037672501630580894,-0.00986179140810023
2024-01-11,0.0033338496619531293,-0.026151673264309203,-0.002258973015688434,0.0069599330355730946,0.009252628381915626,0.008241277703282026,-0.006532296509862661,0.011109807381360167,-0.027786664904390385,-0.01766398773386479
2024-01-12,-0.009964293292451071,0.009919696144466882,-0.008633711641209433,-0.007924824488315368,0.0009316166271924817,0.026805472908760987,0.0048541196096474615,0.011570942912133652,-0.006615058306451375,-0.042481856502964
2024-01-16,0.02603057981956466,-0.021441817663833754,-0.01348051599624296,-0.008389912573382924,-0.008849314617794968,-0.010414632717985269,0.0014500749711249704,-0.020754644311513647,0.0032273565463930977,-0.009501344095732155
2024-01-17,0.033987158221825936,0.0052802584033642625,-0.008860314957721459,0.014647148563366007,0.017268753928154162,0.0007490810899888626,-0.01118163664162762,0.014048910738752087,-0.03417427281355598,-0.0061222122925649845
2024-01-18,-0.057084121483089445,-0.0404621111942631,0.0005153937135595921,-0.0033374223240932414,-0.02618419725228596,-0.002446791313220582,0.0071505503434072665,-0.016801074819189927,-0.020920484728396808,-0.021766340062108494
2024-01-19,-0.08632956378893308,-0.06207222704382368,0.01331049207902969,0.01587326340205241,-0.030653049384418093,-0.006065149042953218,0.018403000851331286,-0.024417753034240472,-0.009845068718723645,-0.01050365056624228
2024-01-22,-0.009905353829130978,0.006159752416086049,0.011690452472658337,0.01160429029160095,-0.009294795474360788,-0.0047838221110108005,0.001913665248621908,-0.009515910838190998,-0.006247226477283716,-0.02108434525889412
2024-01-23,-0.029491751942715954,0.01882857591224742,0.008450515090455888,-0.012011776328445214,-0.006205858613092917,0.01252719929238389,0.009961656956379605,-0.003637039158547367,-0.0016076545883167365,0.00019920881098436745
2024-01-24,0.017560490987723713,-0.042120919496458735,0.028197007309420465,0.00967163705868593,0.008209802200699844,0.041543202030194064,-0.0018032343499213687,0.01263663826946805,-0.015608036216565419,-0.005894355345017463
2024-01-25,-0.03423901564299571,0.03207875460519144,0.02182569723834755,-0.015643396059047614,0.010325657853812483,0.0103584914760849,-0.0065694897674136365,-0.0026440049258538777,0.006044147322105154,-0.09984739692189581
2024-01-26,0.0035518075560584095,0.03168490177634344,-0.01611508124004493,0.00023611175189082223,0.03290849602008021,-0.013225893468016144,-0.03718979779577083,0.01929179695010612,0.03681148857205949,0.0020064372869212253
2024-01-29,-0.05197223789706768,-0.03047766914610724,-0.012290693718911632,-0.002824533817711191,0.016441138694784,1.6223004621726375e-06,0.004746801651208438,0.00663455979338905,0.02052014561179098,0.029330108600886327
2024-01-30,-0.007635457382863957,0.031203676842261836,0.008903816148155878,0.003260885916651145,0.02678246953691458,-0.01754880095632309,-0.001471041447192905,0.02321684108172483,0.00416840895838616,0.007658426372923163
2024-01-31,0.0923879897090709,0.03247464253640308,-0.0010981861889184715,0.0003392658795456967,-0.013609505626933534,0.0047829184264501085,8.546222511590742e-06,-0.020998884934297087,-0.022418615477487573,0.006837573149917631
2024-02-01,-0.07398331619080725,0.011210532181821558,-0.05126859208171967,-0.005724200832050992,0.02188644828662377,0.012999827516261317,-0.003669025757652848,0.01555320245947645,0.0003876200417773737,-0.0017228440975643555
2024-02-02,-0.01923752342136429,-0.05796354241222496,-0.0029303942022138037,0.020883054285862897,0.011309991560995143,0.03992719376550743,-0.021268842023843118,0.025402463641120858,-0.0058745835000713975,-0.0068871584392719105
2024-02-05,0.026891756737474803,-0.022271851302934725,-0.008635729414461248,0.03852520908195661,-0.03032404593594358,0.019188267734144115,-0.000820409925723103,0.006145622674858914,-0.032736028461719795,-0.024052067707835797
2024-02-06,-0.018632175549694385,0.02756336688573161,0.004786029548116321,0.007192852964261796,-0.0006327877900467369,-0.03158482032840424,-0.009330784305466765,0.0043823492286459795,0.02215251954472706,0.02317275440673021
2024-02-07,-0.02911373446591381,-0.04381440712916164,-0.007436233392363035,-0.0064594766162091,0.0042835503827677295,0.019180673240296313,-0.004349108505857279,0.024214190835512427,-0.026446349826359464,0.015597757785404752
2024-02-08,-0.002426388742730839,-0.015004980668781455,0.010274489416338975,-0.0008513443118746256,-0.00871986881323632,0.005807708033221761,-0.004800550124541351,0.01791720000537239,0.0020955863040615164,0.012958288010239714
2024-02-09,-0.015208424749212645,-0.05206773245256171,-0.013815930507078761,0.007412703834867498,-0.010623694522890094,0.0044928017982267055,0.001026187392944512,-0.02373312882613266,0.0016304986503081174,0.012123566304119388
2024-02-12,-0.00778752195486175,0.03784283695788137,0.019797482300563683,-0.01278592708557182,-0.01414163799931402,-0.01436132568817542,0.0036584587476022785,-0.010747508528370087,0.010367513965498584,-0.01474444768306051
2024-02-13,0.08304618383096164,0.01604933403560213,0.007774836396575446,0.010583140809854128,0.015825215943633193,0.010866886909387915,-0.008180745597418068,-0.002229229756944299,-0.02107571253680719,-0.010502237379082303
2024-02-14,-0.060362121968514856,-0.03533532535698216,-0.0034130306925043057,0.011515879356897738,-0.0001183144682946217,-0.011283710377653584,0.009242306134633258,0.0014447901991456514,0.014264854072538009,0.009215247072016822
2024-02-15,-0.04426876250179983,0.02752555390334253,0.04290717019451684,0.008593270118623385,-0.004178156020446918,-0.002708949863025543,0.0008422527530364517,0.005582410279658845,0.03304234504333445,0.0572841228997906
2024-02-16,0.038711362781675904,0.040146640707006,-0.008289333913411632,0.013308235052040958,-0.011727967200410347,-0.0025500977387740305,-0.010042182994491444,0.0125428189448329,0.002362408556077281,0.007752140857184892
2024-02-20,0.022633385762594282,0.03927463410393966,-0.005729742939462151,-0.025288333116606155,-0.02611877504315189,-0.01681929352787513,-0.007782809826632074,-0.008202567166493405,-0.0074858662049355025,-0.01414140741488281
2024-02-21,-0.019424521027487603,0.028464653051142246,0.012301057676243435,0.0014420900469650005,0.0158327172097052,-0.011058915441078137,0.01331149848613914,0.007741411922821107,0.013825048450385024,0.005430626541304986
2024-02-22,-0.09292027703736151,-0.05816163329185081,-0.01575685370766896,0.022481770510976173,-0.0008307584760592387,0.013470904828067247,-0.008593395906586974,0.004166751163820268,-0.024697888597684837,0.005940935168479327
2024-02-23,-0.01591739584826921,0.012482963476750196,-0.01047219761755458,0.005131649345588155,0.013002254595462266,-0.012201200746209041,-0.003997059523424184,-0.0020060265895172247,-0.01739872649433344,-0.017704792279658325
2024-02-26,0.017051481730519073,-0.029697041211649552,0.007177818537740365,-0.0003177516153664912,-0.014262548766655128,0.005013309186164106,-0.016484143178997594,0.008327121072001937,-0.0037777944376455263,0.0356463239676291
2024-02-27,0.0006409590267221946,-0.007693096656240751,0.0066724406272560075,-0.012485116922644562,0.004826635288244811,-0.02093945429872513,-0.0010157681484294922,-0.007328816611870868,0.01681576211466998,-0.006155699008503177
2024-02-28,0.010072237498711724,0.009050998292924104,0.006004275556144165,-0.007502669131279971,0.016894800190927282,-0.013639545226043048,-0.004977578362851914,0.0037258191955881494,0.0071422021896561305,0.004149588641718881
2024-02-29,-0.01899477067356537,-0.04634447912746876,0.020244992087127253,-0.005191676246858301,-0.0096282116465721,0.0077557467478701625,0.008588715177854075,-0.02142626108382596,0.006988104177092923,-0.014992235164537106
2024-03-01,-0.05351544246776301,-0.04233023225721965,-0.01581027605750921,0.03132818625289583,-0.04328996718551433,0.020850871197286503,0.016169832545149296,-0.0006876694221308255,-0.00805511509299958,-0.008734888327907009
2024-03-04,0.007261951435858975,0.0018688922794782028,-0.0018339154684049114,-0.009716489546138574,-0.04297052971302584,-0.028781921657567686,0.009698439046772181,-0.011011213799840712,-0.04521943505459357,-0.05685941329189057
2024-03-05,0.06832519697067,0.06641119641407218,0.026816453521459768,0.0006166642697671413,0.013131897880961042,-0.01796163869782218,-0.024501581859972536,0.006872111928404943,0.010355128696171783,-0.007190934452116878
2024-03-06,-0.035307514697418316,-0.007302085754812722,-0.0046930454049058535,0.014588494656934473,-0.03077740435788606,0.0004622593288212229,0.006242161040142423,-0.001509673758112463,-0.02844423685962432,-0.011005355634125418
2024-03-07,-0.05459375454868152,-0.05956894270500937,-0.01079926172644658,-0.001314223084488598,-0.03978025120717069,0.014503366231951188,0.025960564675840497,0.01038313731976386,-0.002626767945256451,0.0007732661932592278
2024-03-08,0.03450266788226772,0.054739957718790616,0.01420137867516051,-0.011224616942032231,0.06362712638570683,-0.011637553865507497,-0.00012662948272899307,-0.0001232228520130416,0.033410317377155156,-0.010044633187142006
2024-03-11,-0.021848446221999076,0.02770855560818269,0.019835961469681227,-0.01623586547185025,-0.007605553722003679,-0.002314718827020417,0.011492843177212811,-0.01424745326813364,0.011284672010534572,0.007104480781359659
2024-03-12,-0.05660133971526567,-0.04429396689677912,-0.024606035363993146,0.0066854350704034235,-0.007422031757547007,0.020526974075424555,-0.025648793595578295,0.005184648359064065,-0.023392894726714134,-0.0223069873434622
2024-03-13,0.024167750512649203,0.032689839915830764,0.010051976018633517,-0.02441058093816647,0.0375513083838884,-0.0015417578919774153,-0.003934877829724412,0.028245049904973278,0.02083236983564897,-0.03254155063919579
2024-03-14,0.025551691633972137,-0.003664124399217859,0.004455495556094601,0.0028366373552240805,0.021747547674855303,0.031427908728107905,-0.003909636980740056,0.027941360485127593,-0.010957933740252843,-0.027620746975475036
2024-03-15,0.05144584585532613,0.031672859590143376,0.03186133288116853,-0.00865445042098283,-0.018671807203278767,-0.005994357752278471,0.0033193094082295846,-0.008844890924315578,-0.003169898542984457,0.02207264047064839
2024-03-18,-0.038179815947629744,-0.030845173854018162,-0.0026436430721414063,-0.018877534856289648,0.024008651201006342,0.043672444840342925,-0.007863907144248148,-0.006239304606197189,0.024339676014727384,0.026234423991732963
2024-03-19,-0.03056716448219769,0.009947207705171057,-0.009317504872590306,-0.0015676017412147032,0.025570177517546727,-0.00557993096829815,-0.007197036664084422,0.022474424791347536,-0.002193893024929027,-0.004292835760823543
2024-03-20,-0.04694260097711702,-0.03022928679068739,0.006798790140787842,-0.020229659167031004,-0.0130511366362896,0.005702276000733282,-0.0019391232314163519,-0.018165514272599183,-0.002590950610726835,0.01770063672980177
2024-03-21,-0.011730833937421982,-0.008260435522462535,0.01312341407293756,0.013931101812087957,-0.03762888205394843,-0.017664017723808323,-0.001928798527942902,-0.009415992604562001,-0.012520049174027218,-0.011259992601180812
2024-03-22,0.027630649325624618,-0.007021724539297813,-0.011132369104086203,0.015607721327657137,-0.020816529546335415,0.021538588803304476,0.016228567069284928,0.00018820281988249094,0.006155905890266706,-0.0065173349463204765
2024-03-25,0.022154231479685944,0.014861428423257871,0.007124998399350286,0.0032472039086977223,0.002640427611105672,0.029159185576290672,-0.004801360865194424,-0.010081638691846867,0.03117846577765574,0.007280883845440674
2024-03-26,0.015872269604428335,0.012324119965254765,-0.007724922982981802,0.014474104870571563,0.020982321233470616,0.0071513229830730135,-0.005227573564123793,-0.003981855959354737,-0.004336229046182241,0.02665309076895464
2024-03-27,-0.068810723543525,0.04149820684549915,0.009237444816911446,-0.00047964967202946757,-0.02421659068412183,-0.016593774185300236,0.015164549000644293,-0.01767744149073851,0.022249839190727295,0.010863994443071519
2024-03-28,-0.015086283748902946,0.014658207421957302,0.01412510441350257,0.009680960615286201,-0.002138662142052612,-0.006362226582561384,0.008827173894962083,-0.0005336709874500693,-0.0010894472366612226,-0.021351905940225527
2024-04-01,0.03307752985483056,-0.03287021787018901,0.012369434846584523,0.0025554255843092985,-0.006521194756939344,0.03220901852225765,0.022824012629810313,0.010427737492472082,0.0026868259129071686,-0.013585986847122736
2024-04-02,0.039789428567482354,0.00887410594210049,0.023459157738781704,-0.00028320033697637893,0.02065711814554157,0.013761391346596773,0.009436840121572554,0.0028242307221442472,0.004051862590956018,-0.047119866263838496
2024-04-03,0.0256262192349258,-0.02608379394297697,-0.002300577173104385,0.008489690912818943,0.0018888323046959352,0.006738606610710758,-0.013136899855105286,0.024016870649558597,0.005338009252677504,-0.0006511878882716589
2024-04-04,0.07646638307191161,0.016828197668097684,0.014126089936763349,-0.03136844204370644,0.005481265587958407,-0.002308094182817702,-0.00541322510608056,0.024385638464257273,0.017648691205462214,0.018935707768498154
2024-04-05,-0.04797068619056251,-0.015883836488108437,-0.0006175537145752452,0.017468702919839454,0.02187600201304556,0.007479693126800978,-0.013681486754071754,0.021184687192337508,-0.007470395000788573,-0.028489435697084425
2024-04-08,0.0017495018865216992,-0.010907191737860653,0.004910082518326172,-0.014077078858981282,0.005098202454060092,-0.00646014169349949,0.0028295199232126803,0.000518934854991958,0.010312610120844792,0.04825093468813552
2024-04-09,-0.03230791565504075,-0.00316143090533316,-0.011387810738844362,-0.0034434500390791174,-0.01295242134175663,-0.019027715967335945,0.017804663375828724,0.014562740510812555,0.013326259962777486,0.013526281667959574
2024-04-10,0.07522915887459919,-0.002809024912948442,0.0006615920927585049,-0.00444653570995726,0.012265175315924881,0.03921819352323405,-0.02354235397167429,0.021699409444320583,-0.009076303368421437,-0.01783492288142174
2024-04-11,-0.0354496166978336,-0.06397327874145595,0.002273835924873088,-0.012526042549600632,-0.030330602720247873,0.008095241940043565,0.011668488284633512,-0.014966423859548966,-0.006122507851978721,0.006922207787786167
2024-04-12,0.10222620958168831,0.02000135624263847,-0.01573468782196287,-0.017195637274810133,0.027455715551038245,0.003824050515697093,-0.014691898347201197,0.019260561062566454,-0.015790086406028386,0.0075482860462413245
2024-04-15,0.05571624382461752,0.05333961750605346,0.012274680051695738,0.007732234357072049,-0.013867099652963347,-0.021508766408148996,0.002081380159642692,-0.014761511384064367,-0.01552255816268004,-0.03452070697561948
2024-04-16,0.009107645047317068,-0.01290734649318974,-0.012048604836263695,0.005774491050968644,0.008933380648984425,0.0031244235673679056,0.004276908181595695,0.00477311788966193,-0.022714083460696165,-0.011179154537192083
2024-04-17,0.022425884689991387,0.050176136474590814,-0.001040909235124958,-0.02308255595888817,0.03771184215579095,0.007526640868252666,-0.004211588601302296,0.007351330429175372,0.004992381394823025,0.010586904742882389
2024-04-18,0.007740665633465318,0.04317329385676575,0.014892299713486754,-0.007182801831401614,0.017651056213881564,-0.0001854397764484117,-0.01003453651278685,-0.01428706175973685,-0.0011725396411789437,-0.015863276665898925
2024-04-19,0.012016061605400427,0.10806650935279709,0.029549669414170327,-0.0004094450269506706,0.03160922423636988,-0.026418668302856486,-0.01417591868519867,-0.0015350817023969947,0.004696207798611002,-0.0008510437979792521
2024-04-22,-0.04602569011833807,-0.009631733538215339,0.0009764803894901073,0.0016223303792001413,-0.017838188493386035,0.006305745688800717,0.008109156951047374,0.002168019757570097,-0.026865249232280286,-0.011566194218127495
2024-04-23,-0.06529754248151354,-0.025238255827242675,-0.010536319489842606,0.013138276604349759,-0.0005451195071434616,-0.01655028533036702,0.026163917465283144,0.006073672025246255,0.03520414704552396,-0.007369349534865955
2024-04-24,-0.013664588377854227,-0.014980004938108988,-0.0027751448924684527,-0.029385866366193225,-0.02088268270266077,0.025237561365971647,0.022402856878503644,-0.004724815243130993,0.019862940539673277,0.08182005020251373
2024-04-25,0.023700454591510923,-0.008619502615520917,0.023086154497714558,-0.0034975359734535447,-0.0505178166025638,-0.0127985623449435,0.016914957327990154,0.04302880962264481,-0.022709290876192587,0.052550912890887355
2024-04-26,-0.023933528475429226,-0.053852048165840945,-0.017673855345351045,-0.003522186655058387,0.007416800424058508,0.003495060396050864,-0.018410064421381378,-0.0016469759514785643,-0.0055986025588630525,-0.023652840529725237
2024-04-29,-0.010437732891547617,0.003138168023855376,0.0005087389140039341,-0.005664545319441,-0.03369983365112282,0.0054161269138903526,0.009177282271773269,-0.0048264417882136834,0.04914120679574776,0.08412697761262378
2024-04-30,0.09037464340142486,0.04383357000480351,-0.019900012870016078,0.007878827008599206,0.012515377358439923,-0.0072049794752926674,-0.004362207651888313,-0.0021067050704555853,-0.029340454871187176,-0.022510520285342617
2024-05-01,0.010471447137646892,0.020039037842597664,-0.029705272642308395,0.00024531959301984257,0.034381179377971555,1.5936223946866457e-05,-0.003848980423228039,-0.009317988951213408,0.009413928985748906,-0.017667578633519924
2024-05-02,-0.04414026494459899,-0.04377396982759098,0.00995085928152667,-0.025265698749586896,-0.01756149412047881,0.004214112576226917,-0.008816716274037332,-0.0015203614006088762,0.008646660868635714,-0.00017559928769955547
2024-05-03,-0.057549957741607524,-0.03718675720890434,-0.015721231939649288,-0.001266657436052414,-0.020913629698025196,0.0046368624481084265,0.004051036769142683,-0.017536214386958647,0.004277122199923126,0.004176857578030524
2024-05-06,-0.04822878271257575,-0.03872323815311169,0.005240393607600272,-0.010326280169895462,0.0014533239897624626,0.02505626264251355,0.0011781433227917586,0.013546465325498193,0.006905029765820355,0.0003121747117500052
2024-05-07,-0.016596529482567932,0.027153207765206844,-0.018458804728583182,0.0040002082935765,0.008473670492640572,0.001201862312153169,-0.007804978152747781,0.02422071676205484,-0.027453260567076823,-0.020467928305968067
2024-05-08,-0.01251642619570124,0.00885059311438542,0.02208653070856586,-0.002240880355893206,0.004719157390552331,-0.010805740794275823,0.007003651419683535,-0.013647056263049705,-0.008039264899072139,-0.011565178372423502
2024-05-09,-0.025050657643306454,0.03511653910318028,0.008372279645641521,0.0012119366582806572,-0.006329921334642888,0.0012555575570029002,-0.009600779877415025,0.014493686694090837,0.01252001186111845,0.0017622669312795192
2024-05-10,-0.022962807258889658,0.010400999278136078,0.0054805363775967545,-0.004863667830847204,-0.006286422821033438,-0.015458574676169786,0.01102994036095731,-0.00351118376074536,-0.017305219710893036,-0.015717070313273632
2024-05-13,-0.008666876974558925,-0.01040313746698175,0.0016797113335106709,-0.004989519140394045,-0.017945686702030464,-0.0010540861781935524,0.016263146998013563,-0.015437826582484881,0.011523845088313372,0.008175674730752877
2024-05-14,-0.028703509953657086,-0.027885256050617823,0.0006828680197947326,0.012400484958161168,-0.03288968461183136,0.00042633169547254263,0.020065780015241393,-0.004071165219292477,0.000762630008132918,0.01651104263284923
2024-05-15,-0.06832110199601484,-0.02152484850239807,-0.027973067106589863,0.025909568099679245,-0.021289343065212935,0.010835679992714512,0.021081452866951424,0.012435490659194028,-0.027105227704618626,-0.013599186236464285
2024-05-16,0.007012400189539086,0.013590026555087415,-0.008437657103289854,-0.02359383525253393,-0.013626053641967343,-0.004428176235813354,-0.00990872389576809,0.004535895972923073,-0.004554413402985547,0.00630722943737561
2024-05-17,-8.737468075555426e-05,0.0012195861170439198,0.010029535199178723,0.007798629979604085,0.005609806911483058,0.008633374142091678,-0.019377065968970462,0.01481759042624467,0.009590793547375681,0.01041935722616295
2024-05-20,0.015795857462651716,-0.037154304423198635,-0.017458862370515502,0.004124413253447097,-0.022698253602335124,0.013561340086513147,0.026043305769637787,-0.00037706810308320255,-0.007837608309479775,-0.017599328019048236
2024-05-21,-0.001625747488436233,-0.01024253883203063,-0.01016275164244084,-0.016438087868373093,-0.006452124011839766,0.018215414684738106,-0.013092500298578037,8.138878267278894e-05,0.013146914583859772,0.05768435521538394
2024-05-22,0.009623886649001318,0.001933781233566961,-0.018457010810899486,-0.007208088218232737,0.005169380613702198,-0.009665451558147447,0.012447996294881435,-0.0011500736205284502,-0.023122109183667458,-0.02984674062280203
2024-05-23,0.07771893792483545,-0.026365350103926256,-0.01049587635691492,0.013459355718642362,-0.0002264427568260096,0.011240241027828229,-0.004457646771223911,0.013318211493279684,-0.018034019984519725,-0.020661829406830215
2024-05-24,-0.019704661953043007,-0.03315183904156741,0.018323883306893142,-0.019181551242216845,-0.03587031465871266,0.007862211691879903,0.008771858776587945,-0.011294950191595314,0.018532909892841808,0.026452951909997503
2024-05-28,0.020277154902946966,-0.05345032573771399,0.0204686249412208,-0.01739100320794508,-0.02946145986319594,0.023248102874972178,0.00042560678239270865,0.0061959351310596255,0.006976214950694623,-0.01796947329217511
2024-05-29,0.06315343656141656,-0.009626778206108232,-0.015830120001862947,0.000497105086079695,0.02189725158937983,0.013233854176215788,-0.00824747592229752,0.007644421833201811,-0.000746437263144301,0.0006863023048610007
2024-05-30,0.017797158688187924,0.07727974864126251,0.03519422676322616,-0.0171923734836142,-0.024721824988615998,-0.02760365456173887,-0.01538495518628549,-0.0328863452239199,0.034730510451394005,0.028771644855077303
2024-05-31,-0.0739900010298979,0.053516921321921054,0.019065923973155284,0.004244166153182687,0.015444737909970975,-0.0014749629352231544,-0.0028315288680245843,-0.0021567363134890063,0.028368567573689364,-0.0010656897836222449
2024-06-03,-0.0005421450054524713,-0.015936446989025462,-0.04578051949822404,0.02108696516740697,0.004141404147672654,0.005035459993375443,-0.002169947336665104,-0.011009825765130628,-0.02276319675956506,-0.0035194498491152343
2024-06-04,-0.0284624885048823,0.008286053541984053,-0.028646518703052036,-0.016242003308980867,0.011874428932304525,0.0033836567696278737,-0.002554892269276678,0.002510470797943909,-0.0206971586983012,-0.005260036704791599
2024-06-05,-0.04661078832287094,-0.06400185508612706,-0.013537887673076187,0.009153515793199373,-0.0372659198216667,0.009199022111335336,0.02128988950818192,0.008095285070525655,-0.017342664009467233,0.00031140776427463743
2024-06-06,-0.01715318374076503,-8.477723033502154e-05,-0.014888557834086385,0.000990385534353456,0.021346432385938318,0.006075907606501345,-0.010160208547213305,0.019109961478949222,0.010770000034530953,0.004164245643503182
2024-06-07,0.002987108583073654,-0.008185684874162586,0.005331990938175834,0.02850476087648603,0.008571615179326204,-0.002045164565326022,-0.0021001819613344457,-0.01285927169865428,-0.014807631591534738,-0.002675756687850165
2024-06-10,-0.015003975075948897,-0.00702883911240484,-0.0080051849724638,0.01997196790206694,-0.019630724819613754,-0.0005358256024680398,-0.009876256545193949,0.001984603611573879,0.008025186928373925,-0.009920370894013172
2024-06-11,0.013393049333378594,-0.025714014705412565,-0.0134651431465845,-0.00033919244127523124,-0.0002638776611283934,0.023817774331947955,-0.004572471042241712,0.0033547678555725,-0.028758635578134222,-0.01309348187324611
2024-06-12,0.006246008358420207,-0.058246874697453405,-0.008990321594447325,0.0017127464806671233,-0.041181085096776565,0.0016049366667323561,0.003986915595742443,-0.0031044891470551465,-0.012729613769759063,0.025647246417891713
2024-06-13,0.010233723093353195,-0.01791666234527397,-0.0029593769088514807,-0.0125305973674085,-0.03227600851670359,0.017151376429258645,0.004867536213380427,-0.009473494738784172,-0.019086794786578886,0.037452600592981534
2024-06-14,-0.012372626095650641,-0.016481681052375043,-0.015492429482332537,-0.0012764196740767122,0.0045838137573885876,0.0012930379247575933,-0.0008975369189014806,0.006331322080204721,-0.014355845535926757,-0.01814665866230172
2024-06-17,-0.04133947855293879,-0.02910731646081626,0.010404451361830538,-0.007370271274353172,-0.03382470164957871,0.011239606146917944,-0.002849761342297731,-0.021163955381721646,-0.012587969692744408,0.041854344311443165
2024-06-18,-0.012064833855735584,0.00101357447044473,0.0096910396292415,0.01669065171334978,-0.009881145289385536,-0.008815681429638265,-0.004878891544562561,0.008240868666849602,-0.019467597049791917,-0.01985542697632052
2024-06-20,-0.017093067622467657,0.0424365803729139,0.0173880660540406,-0.0015037278292777264,0.059029356224919526,0.011694394414427864,-0.03011944156656912,0.004973414130227332,0.02530874759375766,-0.02900862147199777
2024-06-21,-0.014537907085885352,0.011007388259110714,-0.019850494907979646,-0.009407185024081293,0.03229327409390578,-0.01916372112002316,0.006351427866955185,-0.0049328554211042226,0.020207165373688357,-0.001489405268126115
2024-06-24,0.006924487068689326,0.0881629537802289,0.0061707042931208825,0.009035769570585162,0.028497240507359838,0.011682834830367578,-0.01985800854548794,0.01242811916072676,0.032849230412894344,-0.006410052635114877
2024-06-25,0.012428857314439809,-0.05390578565257869,-0.016607507995712135,0.013716753159472319,-0.0033514377874860933,0.05317606407737109,0.019882846383978782,-0.007526026779941632,0.010831645854101707,0.005398921212882825
2024-06-26,-0.003629115135340209,-0.022688083900997608,-0.014396411610269439,-0.01931232408794142,0.005677031206615066,0.0017717524573716743,-0.02011854049676196,0.004398675188826584,0.02587791752537095,0.036627902411564044
2024-06-27,0.0011267292294544226,-0.027361831130794243,0.003667178811016029,-0.006892840747232583,0.013551753500736695,0.017065224249100765,-0.009796645487547028,0.004579524796117346,0.008721978420581023,-0.010346870857916038
2024-06-28,0.010667526299010664,0.003201978959519706,0.03279913670629613,0.029647064243396953,-0.03580777112509118,-0.015563405275948924,-0.01000383611816159,-0.009351204212200172,-0.023663740419263096,-0.004839261010591783
2024-07-01,-0.0008101909320473641,-0.04003907199504153,0.007428464356259019,0.014542647034892065,-0.004947039502456918,0.038170219457623375,-0.0028064016490079976,-0.004154719167621061,0.005348086351894698,0.03546455632573037
2024-07-02,-0.025952384513141562,-0.04174205286945686,0.011713545088787688,-0.027787578516251608,0.002882518047815931,0.02255422770667445,-0.006506355535040213,5.74308713193446e-05,0.00793838328561508,0.07116033618738617
2024-07-03,-0.02370023217770908,-0.04836171911322727,0.007875502021180297,-0.023548352774936013,-0.02460795468742106,0.008296783212259339,0.022952249491571146,0.00030216895283790836,0.014244916581134203,0.0425991313939242
2024-07-05,-0.036765310036780505,-0.016245709869259578,-0.0536899419526203,-0.006831572961073005,0.0019517419010944667,0.02659760630534241,-0.021523752189412545,-0.006675012273130115,0.012601928249566956,0.007851650906304153
2024-07-08,0.012195487301981887,-0.017015304347118346,0.0003713277848118503,0.009529727870964405,-0.05885513731001107,0.00432243844528655,0.02328573145461623,-0.013310951311629455,-0.007936806690110381,0.0037678924943627444
2024-07-09,0.00605299403014905,0.004311988786153852,-0.0039051709128795826,0.02299000922573088,-0.014657050327659018,0.008978484694060124,-0.01306650255692488,-0.02541950176729422,0.012653500409210103,0.04657353697557972
2024-07-10,-0.049456999670852195,0.008653848777761486,-0.012514878161179122,0.0065252832891790685,-0.031494989133704916,0.001769583834368254,0.006498942335691299,0.004288431705454217,0.005814458742904576,-0.0012889835584446296
2024-07-11,0.027316832037111292,0.10165673537215555,0.018723835339972017,0.002658195111365757,0.0427337941276888,-0.05866810887743404,0.0073640753467534665,0.015670335063160474,-0.015501847658354445,-0.05635610370739408
2024-07-12,-0.039079090718592786,-0.007370207940641852,-0.022934504511122333,-0.012436633056244583,-0.022535820497969938,-0.004109548911521149,0.024277289497171763,0.0006793782883637045,0.009537404187497893,0.0003424942642938941
2024-07-15,-0.014341265637767438,-0.020708919834185553,0.046926871467362304,0.024427185713666144,-0.009947962425494646,0.005057573302232733,-0.01831065951011936,0.0027707713022947253,-0.015479790893985025,0.006632561631529175
2024-07-16,-0.06412839425005007,0.03864567601816282,0.026630047548078545,-0.009782354372854428,0.001767827267279953,-0.05260950116998427,-0.010538723314325472,-0.01015732680016075,0.011312346254420803,0.02572197424108622
2024-07-17,0.006293240592727557,0.13229360713010133,0.019911620367950363,0.007242194828245151,0.03894486397989728,-0.024043202710055066,-0.02147630615420215,0.003225328681260433,-0.007347886017218103,-0.0054266649475404665
2024-07-18,0.05716679954280031,-0.030061562275300612,0.015562458682939501,-0.04123226779146007,-0.031360001459535575,0.03134680328479749,0.030408459287480323,0.00030943337981912956,-0.0003141680267037895,-0.0007917130077940598
2024-07-19,0.04680456422975118,0.03476704528590736,-0.031400944687838946,0.00860186213373704,0.043234340950089496,-0.012009262318843835,-0.028385465754320584,0.0007062505427508133,-0.007438781968617943,-0.019855228106846208
2024-07-22,-0.058171991137176846,-0.06652457458532693,-0.021720176752201916,0.018172799498833873,-0.019609639427436175,-0.019159278216011676,0.028255344166693404,0.0074270381800799375,-0.0067724803983087835,0.04976930369326654
2024-07-23,0.030018129723338803,-0.0055554370375670925,-0.03178833474836284,0.017426641978299608,0.013315001141298974,-0.0010996839391866444,0.0036350767079996052,0.025944070956096098,-0.017954142765129476,-0.0029203749418396045
2024-07-24,0.08046869686696535,0.15880071746065022,-0.020923278756159052,0.022403753389798147,0.012102181883894215,-0.04736221441029306,0.024268572841780335,0.028469963755752593,0.019454679711814728,-0.05194674358248107
2024-07-25,0.011006658249519968,0.037795942676497774,0.016778547716140076,0.017867806375229674,0.021320806082196157,-0.013151649744586996,0.008105233825362922,0.016985254092981336,0.025209681025595274,0.025250417738572867
2024-07-26,-0.07746900885696809,-0.01193728196337195,0.005457473262404263,-3.490996597264525e-05,0.005255098800325075,-0.01576653940246073,0.006865199712636039,-0.025377460273784073,0.00516607166395137,-0.004180046114947507
2024-07-29,-0.0014083299289791482,-0.005628123623381067,0.0012810663163018198,-0.034810206855045586,0.023024729676125948,0.004543700651542569,-0.007264595409712164,-0.01882612814080427,0.01966270952295411,0.03537593758243521
2024-07-30,0.009094339564845474,0.06100437169660433,0.037666323704753285,0.005292845000160825,0.07124303337942367,-0.036260840199531824,-0.021778076888463126,0.020213514707191415,0.015395250073022535,-0.018972187865115495
2024-07-31,-0.07018623803726196,-0.09116371915445962,0.004310539580419417,-0.01875195557942921,-0.04699317220192629,0.013844056065244296,0.030599067862213752,0.0012209912912285465,0.00719008295745335,0.011673728412869112
2024-08-01,0.054027017998903984,0.10219180421670113,-0.09397513327912993,-0.004146921637808488,0.08403035467502037,-0.004954746040602754,-0.013934698611704502,0.013775178946897622,0.002722175115185256,-0.039693367450946364
2024-08-02,0.08385641612771585,0.0895411094158635,-0.052006346544948755,-0.025463507150618767,0.026206848779388284,-0.006536674424994975,0.025705418090019062,0.015889753972246748,-0.02458996394449824,0.008238606336239823
2024-08-05,0.20102015225283842,0.02249243034445959,0.015271063555672128,-0.010946376790247446,0.001434215915426036,-0.025634221059870347,-0.012396188837842152,-0.00017569036858625266,-0.013082253223647687,-0.009476827710051388
2024-08-06,-0.042981281793772946,-0.0294161819675989,-0.00041540511909723667,-0.0009716309243905528,0.0013872455774779217,-0.0062183756471431,-0.010865924310788564,-0.012979536661505496,-0.0011970893304258548,0.0011046287186389184
2024-08-07,0.06105522956237891,0.039179559447948244,0.0040450165524105845,-0.019161338258248634,0.05276329533793377,0.018113697957724564,0.007875742119954619,0.027729866944135435,-0.007141181811610602,-0.02720622641397394
2024-08-08,-0.1395243518801928,-0.06274386989410685,-0.006349364016728902,0.029033296051228598,-0.06814298670375847,0.024693861504260336,0.005402111335395345,-0.014947741094606256,-0.0019683864827455657,0.011555062920389427
2024-08-09,-0.013841566653780899,-0.011159191215210069,-0.008788473945113796,0.006109555249358756,0.016593465747798148,0.03264243262541851,-0.025290666517191862,0.0161465460978148,-0.0018351990683274219,-0.0008590105746311803
2024-08-12,0.015928083972582073,-0.01147589327895659,-0.0016947433761030967,0.0026424144389868964,-0.0037297270018503592,0.00045353239529992575,-0.00909431555478595,0.019707003714599502,-0.007161140052500963,0.007874592160629855
2024-08-13,-0.0980242881082198,-0.05690283390036943,-0.010765128042252133,0.01570285550569344,-0.04263765016682511,0.006894053999658178,0.02226606412289282,-0.038276442342740996,0.004443516441358133,0.03827391455778558
2024-08-14,-0.014530248930219956,0.01845594084283523,0.007549193469026828,0.0020756518470786338,0.010335770042144995,-0.00711348485393996,-0.016287684429211108,0.015804540927701418,-0.021731717385332375,-0.019771549590446615
2024-08-15,-0.11257094081401184,-0.07457473354311893,0.015699838403987955,-0.0023704336199586585,-0.02934567936220028,0.005840287178115578,-0.01612287545137078,-0.011140928994459764,0.0032012697373506285,0.041246213045144295
2024-08-16,-0.02013340207207755,0.010752835585877796,0.011810891034672259,-0.012615793995975559,0.0003305560556488344,-0.012009159568935099,0.0018046309409160003,-0.005269042720455862,0.004947713994532103,0.005763702997931175
2024-08-19,-0.05953044953819741,-0.018503708729407507,0.0026315069483705132,0.0033465911317542714,-0.015561796771755385,0.00441482261026379,0.005474355001011004,-0.016985724211041473,0.013277199923251107,0.017554333635274606
2024-08-20,0.0018926504762284309,0.01671102743336653,-0.03584714474678836,-0.007735306765146388,0.012693655615159213,-0.008220219793238165,-0.017422557225255434,-0.0003046773898769974,-0.02292604041243916,-0.005581293305713056
2024-08-21,-0.023487990587437366,-0.011583334939461423,-0.006971238928094478,-0.011286085281863154,-0.01815769213509725,0.006704095465472928,0.005099727601568575,-0.007989131246327824,0.0006242354749250545,0.0009840392343001565
2024-08-22,0.06204934486202936,0.05901076579487043,0.013033545387049025,0.0005391207908422848,0.042269728969860594,-0.00226011014300401,-0.019804342856353668,0.025064610737271474,-0.02140779429234858,-0.026614367077768066
2024-08-23,-0.06706157901456547,-0.02558989701402427,0.015691815992700246,0.007971851874875579,-0.04100512342325384,-0.0024180353402488523,0.009165063541135932,-0.008319728642305704,0.016538627806320583,0.028834609912983825
2024-08-26,0.002194221691430203,0.045285419945686016,0.0127018746683501,-0.018232892859703257,0.030440527603216753,-0.001986342932152348,-0.01745964796770179,0.015038482485884906,0.009684648113467172,-0.02763687738884491
2024-08-27,-0.014879215208135805,-0.009544914033874521,-0.0031769010715459105,-0.0023662570591793455,-0.008120323602562497,-0.013259740761813257,0.009374299873075254,0.0010317997796353321,-0.03135749492414912,-0.004278296422005405
2024-08-28,0.042636164606740155,0.04251582961396417,0.0034523397013938423,0.0200192352374532,0.014302848154284245,-0.008374990215890967,-0.0025029985464216577,-0.006076558631925696,-0.009242399675960411,0.0017581891271753825
2024-08-29,-0.019893807018013458,0.013825240065912948,0.017049356433205366,0.0025876619681619822,0.019314185076940927,0.0024934597450671195,0.0028048207177778874,0.012145638026579373,-0.008094704126013532,0.00235935976345225
2024-08-30,-0.07121253174745482,-0.021655716058077954,0.001353091593397683,0.0033418879417938256,-0.044026729993055444,0.009086210754735272,0.011630005048017878,-0.018816592540809623,0.003778687677447865,0.017659222485326594
2024-09-03,0.08852637577290295,0.09957995063665567,-0.03272287993026685,-0.021314738035015927,0.07344446788893244,-0.00870554611958674,-0.024848823789103247,-0.004614838361438821,0.004899123700003877,-0.009593665479396853
2024-09-04,0.003008994146529616,-0.011070541742605114,-0.014570939261546241,-0.016355210521310098,0.005570377278710922,-0.019986547837459456,0.002590774188337096,0.012539144581110126,-0.015829381960297675,0.04748857272802666
2024-09-05,0.031233931627125077,-0.03691858835302626,-0.010448290415790384,-0.01842824787123051,0.0035345604889823355,0.01394409403189568,-0.005724212429307656,-0.013278759957486315,0.030290575373735907,0.02033590233475688
2024-09-06,0.08951153173872504,0.06188980893809641,-0.027788690222410255,-0.0127158311550088,0.03256386046861618,-0.034655383028311296,0.0043795318853050635,0.025868400133776306,-0.017746718614551186,-0.0621533839155566
2024-09-09,-0.07757351017862132,-0.006956207657936126,0.009506340191969878,-0.0036733350326174246,-0.019717751564397805,-0.005215725958890019,0.012356341036311152,0.009755794990319977,0.01976769900532377,0.014553039752420494
2024-09-10,-0.028119847681139242,-0.030022383993754675,-0.055170405105142754,-0.004016172042166961,-0.019044066653811146,-0.004526203645867939,-0.0005888970879334013,-0.0037900571635255853,0.00041235201676965543,0.01934722320393418
2024-09-11,-0.0340747768415248,-0.09063832470779849,-0.004742363697990652,-0.0026926873136003783,-0.04265605853189971,0.026343039159367823,0.017500309983384633,-0.006259860503233127,-0.011765854405842052,-0.0016493661751700698
2024-09-12,-0.03290920047945944,-0.02319222961682735,-0.015392513391767974,-0.011014289773509973,0.012606258788146073,0.031622412935158654,-0.018951284420152113,0.015832457468312054,0.004682681694145109,-0.011327359477719444
2024-09-13,-0.027053725622341953,0.015651084412794964,0.00962726498142913,-0.007595453783884706,-0.02325808993910478,0.0009615204877579836,0.006660217258125993,-0.0193912701550778,0.006040179454925634,0.007300219534136399
2024-09-16,-0.04041441896417343,0.03653136431369275,0.020824636281973806,0.015311005202090763,0.0035571840370444163,-0.0069186085612785555,0.0019557263207551946,-0.0102583625607636,-0.009006277029096973,-0.03673082507230094
2024-09-17,0.013444574354975664,-0.02344314749106515,0.03514855349519469,0.0018716094655314226,-0.0049930501209326265,-0.0013752183635817221,0.01325816734372052,-0.011339859309070109,0.014250089782573822,0.0042217415682114364
2024-09-18,0.03188187888164338,0.003584423059370279,0.004805436446656328,0.004298159167227429,0.003679176983770488,0.0050722264780632305,-0.022939836038964993,-0.0037711650862823345,0.01976968662203296,0.002911891294013522
2024-09-19,-0.07637229466798107,-0.09610701324870329,0.0144274797703496,0.01898502415723801,-0.028134732194617568,0.013105207848413764,0.0011351692935610903,-0.006896762930020861,0.01720761784165059,0.030936696293842693
2024-09-20,-0.004239176161415765,0.013156977905672275,-0.0008240517260185072,-0.013589932423655793,0.00952559290616002,0.013098299696903678,-0.013670275520505135,-0.009753821977796015,-0.006896970571011126,-0.008572115752115016
2024-09-23,-0.023704442488899122,-0.004745427369634649,0.0031626005512607005,-0.017133654349129175,-0.011627327214365877,0.0128026285769909,0.0023834857250116482,0.01200245017070925,0.026373795562922117,0.037828726457798514
2024-09-24,-0.009534640354776256,-0.019208161805366414,0.005963159444292749,0.002038897931767861,-0.034278643074734175,-0.012462102534708929,-0.003747187460928332,-0.014842343092516065,0.021579447561029568,0.007208642418527067
2024-09-25,0.015825545616545398,-0.03344542601231288,-0.000604665823437693,-0.035448943293144033,-0.015666351208129443,0.0069777083225519235,0.0015105263134318576,-0.0052505207271228,-0.01911806184650006,0.009628057846028434
2024-09-26,-0.041066778654211517,-0.016243446400596405,0.006903103391950456,0.00882059958458461,-0.0029409050856151852,-0.04843202658388908,0.02473363825679178,-0.03154331504092529,-0.012466903286896642,-0.013410268706270814
2024-09-27,-0.005023838123994866,0.02930216666039303,0.02641506414627453,0.0018664672449095817,0.016965623559307717,0.008507217928657562,0.0007829387233052647,0.00045857521097023197,0.033144605533365346,0.013668736519583037
2024-09-30,-0.026713872581602422,0.01316250587204941,0.0007944652179368427,0.01189430115824714,0.003850292701020324,0.0005841475121004912,-0.01418893860738362,0.013071364880858298,0.007305789504189634,0.001510077879271877
2024-10-01,0.044151939202222254,0.05648624464586783,0.005531047908852704,0.0010615662452189102,0.037920854357913314,0.01728437672191233,-0.014409604018336429,0.025843158322457954,0.018137938640909918,0.00433786590653445
2024-10-02,0.004530965971498128,-0.013980273564609437,0.0055937530818578884,0.021767204947636315,-0.009310953459250952,0.008058898107590341,0.008477348069488319,0.012919909734127509,-0.012488213035479395,-0.028311333423135455
2024-10-03,0.02759143922936962,-0.02006886542505893,0.00691293213429947,0.0021159548736039064,0.00040249983141668323,0.018680373651735048,0.0010550204792713176,0.00846713888872776,-0.019329310308587453,-0.017803038767184247
2024-10-04,-0.04734831098602569,-0.03668762709873659,0.030577778831821847,0.009485342029544257,0.0016974809028458748,0.016059958205773935,-0.018279623289889094,-0.015550120988277004,0.00034205059793101285,0.02311794287768892
2024-10-07,0.07001005988700615,0.019054733566202665,0.01978437939436433,0.031851319639914215,-0.019913917340476664,-0.013496241662781811,0.006969418937531165,0.009547491959269764,-0.031944963156777216,-0.02238973596798507
2024-10-08,-0.05245505221705852,-0.04567877402801588,-0.028912568821438073,-0.020487220209904036,-0.0155170401487062,0.006348552424953934,-0.001109358331543373,-0.017236862715907908,-0.02214724546888624,-0.0035646858861691296
2024-10-09,-0.06031586871022887,0.01394118542107065,0.0035639873971228773,0.0013728277891765857,-0.02303961912686289,-0.007264961215031055,-0.005501559145576153,-0.008813017783564844,-0.024651861761178995,-0.007171607198180577
2024-10-10,0.019802955093977684,-0.007829857017664886,0.009153313712706704,0.0028906086687479934,0.014859087455788192,0.008006159740452856,0.009623128634131447,0.012932418081016991,-0.001352291923479336,-0.0013931564791420084
2024-10-11,-0.03808780380434956,0.042319581891992565,0.02859495263105855,0.01121818454730817,0.004571680730615428,-0.019103654908838134,-0.009052943298279362,-0.014249945908262647,-0.03117685405764486,-0.06679593357501062
2024-10-14,-0.05402813869189173,-0.014627705438212714,0.0030154623838247237,-0.007157403301345767,-0.004723966280243556,-0.004303063904359822,0.018529199521259577,-0.00320730847623018,-0.0008415430829852985,0.006318955242817497
2024-10-15,0.03272619686360285,0.03544762893624387,-0.020221174049290767,-0.029095817276855687,0.04590024739367755,-0.020661014032049466,-0.03245469278107132,-0.01512233874477753,0.004926229945196653,0.005196403684592703
2024-10-16,-0.02994436706947363,0.005802978054173952,0.032309554251634454,-0.005257349799448024,0.019279647817801435,-0.012674981125401035,-0.004938423213099091,-0.003052478219158591,-0.002258575579028185,0.005873484333193569
2024-10-17,0.0010402668570894335,-0.011224991946679528,0.0034328146498861923,0.006550710839697598,-0.0037093627052425904,-0.0022461732229109364,0.011538261655619952,0.009169026606778444,-0.004105228345400722,-0.004227664506423291
2024-10-18,-0.020458873072398777,-0.0001700143217463824,-0.004301050420983032,-0.004566630882631005,2.285440177384985e-05,-0.00939178809293099,0.0027272387285548097,0.003719961894178021,0.0009590183864314579,-0.0007041969691182684
2024-10-21,0.0476824287811108,-0.03789695725194553,0.0034495976887470373,-0.008224436935225347,-0.0005244983642628002,0.023005547377023046,0.012669415071762625,0.02592001370370458,-0.012677155210706384,5.644812579487273e-05
2024-10-22,-0.0025627504173347934,0.006978270543216684,0.011512857572745594,0.001113639385569985,-0.0024522534642446,0.03873427731113605,-0.02360858346565205,-0.02704049035649135,-0.015701810421722796,0.009444756360231297
2024-10-23,0.04977002681238002,0.04960466198289815,0.00911809544240443,-0.006430514785127051,-0.007670080723631249,-0.009827036758086579,-0.016404859665677715,0.0036573414783336437,0.011410414755352089,-0.021886140972412843
2024-10-24,0.013347270241747275,-0.04705565187488331,0.008627627874431398,-0.002412056694071108,-0.021900696153790918,0.0353370986378528,-0.016756006296398927,-0.03475085404516183,0.017285136634929508,0.07178190721883632
2024-10-25,0.018446338708168773,-0.055349978079105015,0.004752456443605905,0.0037216983293960975,-0.01515577158036121,0.022624468529087165,-0.0027808837422039732,0.0003024176342880558,0.011165547047739392,0.013960241151459024
2024-10-28,-0.01399453372129977,0.010576054308311413,0.004500457986998167,0.0021979104911451744,0.0124598716658994,0.001137481643931236,-0.004425349135231441,-0.0173201740794147,0.0019577678659173426,-0.008782011681518606
2024-10-29,0.003015809323663516,-0.06053479252870585,-0.005859011881244372,0.022402480242109446,-0.011562962534053107,0.020270473625600558,0.007604279633352221,-0.02697183226409712,-0.021210401014033632,-0.024313276421925812
2024-10-30,0.02460194577831526,0.020173151304613883,-0.005290191084294297,0.020652262304349203,0.049929124493509516,0.0033720074466169784,-0.010787982644022642,-0.0003963042159370338,0.006742777160544151,-0.004654236420847133
2024-10-31,0.06311634981113766,0.08476062140670977,0.014712299035850581,-0.002347137027533371,0.010792490355085007,-0.0390293638161841,-0.02372772643034096,-0.019607741399502072,0.03856642226792472,-0.004513792074901514
2024-11-01,-0.03745313311056265,-0.04976158454275658,-0.0022545083363231634,0.009921726646804241,-0.0098686049875041,-0.015712568850026472,0.0028475594324479494,0.0168043291904157,-0.010943947980608947,-0.023374067705180163
2024-11-04,0.028832501199400846,0.009045321530149718,0.0002652692696724902,-0.010992554662250392,-0.0001221478873774899,0.010545364993082906,0.004569579159298624,0.0356236391054228,0.0004215790367601835,-0.011025883658004176
2024-11-05,-0.06042726037119221,-0.019711019152223123,-0.0032116900168404935,-0.006172159191607972,-0.018276046084355724,0.0006532352300360877,-0.0005337468241590113,-0.007573656177777962,0.0027685530290925786,0.026527632133978865
2024-11-06,-0.10863770711988721,-0.11022770482517455,0.09627902061695123,0.041407019385708524,-0.01618212684331511,0.012240679795707438,-0.014986647151945939,-0.016772408420400856,-0.008077248928300642,0.03668062588541236
2024-11-07,-0.026346981457459923,-0.05736144914494348,-0.0454536182654439,-0.009576566903965834,-0.02981791036545301,0.03736438608437739,-0.004745278542066468,0.012074075667087198,-0.005804490865403854,0.007640521817690657
2024-11-08,-0.0396904268870142,0.018197354496820452,-0.013624374614112837,-0.016726636543145306,-0.00017709670682910492,0.01791828220989281,-0.011429566241964301,0.014501629693096702,0.005222090269230942,0.07364074496273468
2024-11-11,-0.005957747401071463,-0.016040417465077172,0.03154139585096486,-0.004693128944256569,0.06755851856164381,-0.015187419830719985,-0.03105049101453157,-0.004272334909541548,0.023541949888426044,0.06514275431922441
2024-11-12,0.03228892738109673,-0.022629588848900168,0.011044350115669876,-0.03213495758639296,0.04330116482589706,0.0029039976875541115,-0.019579384615100916,0.02112706136081676,-0.028265233964110337,-0.05536665593686669
2024-11-13,-0.015091331553920131,0.01139294293846931,0.014126120575653746,-0.01580290408770454,2.7568000804789033e-05,-0.0061247339562663285,-0.016375215792099187,0.009844461082102908,0.02718395291245599,-0.01909295893911385
2024-11-14,0.04374776266405809,0.01008286367752563,0.020498340028667683,-0.02257774602263743,-0.0064074948600111115,0.01081015682531488,0.029318714693314332,-0.01798842205953149,0.006564779457764008,-0.038280869869033986
2024-11-15,0.08009711540963313,0.04147139150297448,0.06788783859208579,-0.05451540632915348,0.020369370104801443,-0.03533862146759358,-0.01647756516538492,-0.01524823387242664,0.025606226745030932,0.024161124891174432
2024-11-18,-0.022640525524429373,-0.00717736154017953,0.010617145281069882,-0.011407445842900588,-0.03423052154447618,0.01956210687788682,0.015765045265852325,-0.01117759642612084,0.01306713134697103,0.030129386533837302
2024-11-19,0.001127353011179669,-0.02581737845826601,-0.03895572772900154,0.0018591311961846794,0.0076452755390022335,0.01129639057404693,-0.020223225387182745,0.02005598556994476,0.004800590198468099,0.021470844167085498
2024-11-20,-0.0005901963597063757,0.046681290555304004,-0.013019250640915395,0.018667876657673534,0.020894877268028193,0.019209957902373925,-0.021569663876966915,0.009973597125404856,0.012198076809133991,-0.015308927308390318
2024-11-21,-0.04677228663178207,0.0318346118809825,0.006773497883022404,0.00022187667005327028,-0.016884794895979764,-0.022199862206656932,-0.00994009458113105,0.002258021702172935,-0.007936182102015313,0.0023087162802174935
2024-11-22,-0.0425031814901023,0.014274861632306709,0.009182867302854572,-0.007468161564123269,-0.007607938098589012,-0.01920189744900481,-0.030701739697299096,-0.009914064123759283,0.0053487167743479684,0.027698815037507794
2024-11-25,-0.03930126201566088,0.014425258591053345,-0.008894448320665906,-0.00587302457031732,0.01178863928663067,-0.025739387953516348,0.006832839492848189,-0.01802464010055946,-0.011139344600215165,-0.029567069256238886
2024-11-26,-0.01646532654891469,-0.003315238602337881,-0.027074622778979818,-0.00288368886516386,0.02773609762716981,0.03884350505222891,-0.022419795694698354,0.029277961130965962,-0.00292874339024809,-0.0025455979323357686
2024-11-27,0.0182832574984474,0.04349068764124251,-0.005608372131108017,0.007362605005114387,0.015273151589176788,-0.025174558271627432,-0.0015712344544290778,-0.002874529658133861,0.023357607593930626,0.0035408830373321897
2024-11-29,-0.03519439441032133,-0.024056443566411307,-0.005649643631876153,-0.007000719693182641,-0.022451404449485693,0.005786308266954942,0.0028846803234847083,-0.004638057999378932,0.0076505021213197945,0.02542157017171983
2024-12-02,0.0004985744413623324,-0.055043582143378095,-0.018258746129045895,0.0033574353319930626,-0.007856187828508224,0.024496512655691995,-0.0005000139439017733,-0.0032066614913948324,0.01635816913767566,0.019450260496800924
2024-12-03,0.030353304634121146,-0.019701323604327966,-0.02604014631985367,0.008084509819439131,0.021634099006701685,0.022109612031372843,-0.026872485034915523,0.022712211364520625,0.002887600557642205,-0.0077294955808876594
2024-12-04,-0.011574088892021417,-0.06940877554803983,-0.029588733233421538,-0.006392541868065834,0.01925600754179591,0.01644516594523819,-0.02450072292774257,0.0052271929416723975,-0.028262791504427832,0.01193172735232053
2024-12-05,0.02027015248950832,0.015878139226028928,0.007359568223375139,-0.0240781829846324,0.026378730862164974,0.03142739730235271,-0.010137471084516613,-0.004715144167012311,0.01024494825014164,0.03163652172933664
2024-12-06,-0.024254577831132402,-0.058109484022687244,-0.013424677434471304,0.001113782809867817,0.008508490693981654,-0.005808759981482272,-0.013726227413791748,-0.017398503096979993,0.004508064446039178,0.026029710031389378
2024-12-09,0.0293516583330694,0.007108897894503822,-0.016500932633377156,0.016837680633718245,-0.01701622395553257,-0.021883057538527286,0.02499585501579769,0.03250853937003163,-0.002740590729148337,0.008438705618816926
2024-12-10,0.012882993487819324,0.011490958811275313,0.005645398864222447,-0.023581518406577285,0.04982707624781332,0.002400833826640082,-0.02263112129777391,0.0059888022258742955,0.027475827130289284,0.020436247353907498
2024-12-11,-0.019270340394230513,-0.09826178185711867,0.0034955845500805926,-0.01563030975857096,-0.008758434752029969,0.015844127730130834,0.004544584252476991,-0.006333605394349588,0.0191326079283782,0.0287119962134289
2024-12-12,0.03387445361455347,0.022400901019659438,0.0057740703466473515,-0.016890101264541022,-0.01093273512667548,0.009893031000419281,0.020975038940200707,-0.029809967774762,-0.0020837215144765384,-0.016005485526400572
2024-12-13,0.01081438505506866,0.0018286995697175264,-0.003264789022700467,0.0017902012618268074,-0.024921203714245613,-0.008705289159588962,0.006946556596376982,0.00898121828361763,-0.0024227082614236856,0.0472024943838654
2024-12-16,0.0010073698781700169,-0.06913064133987741,0.0020361967277783342,-0.012410773002958488,-0.0009691077496870351,-0.0025621912768395423,0.005112766589047369,-0.010939271741855121,-0.017179417189140282,0.06326988186626854
2024-12-17,0.018120224414699956,0.020100494792009933,-0.018599571859972016,0.00819919882942209,0.01836661416544334,0.007157543839276611,-0.005346636324802833,-0.014941411806829908,0.0220928817762774,0.03192102223449711
2024-12-18,0.17054150101237991,0.05180135791420663,-0.012435410245154857,0.001218983325031646,0.01708757161659188,-0.014033328566609797,0.0001847188498173658,0.011467388081412304,-0.029889076855672273,-0.04090332227719031
2024-12-19,0.013658067679687197,-0.016986305784503605,0.0013002430788239645,0.007907455361755784,0.035176855071703164,-0.00860268088913741,-0.008054146937672162,0.001447906744626522,-0.021982368591643323,-0.013607769960231865
2024-12-20,-0.06748336595708417,0.002388843058670129,0.011410797987020195,0.018610902231587796,-0.01204967984206674,-0.014746963670516571,0.015972514866500205,-0.01084664861780515,-0.0038831112357964933,-0.020953370200964445
2024-12-23,-0.037165535451320265,-0.033451273129497056,-0.0049455536090756095,0.03719802761433379,-0.04284706358009851,0.021704479332795207,0.032372761691741025,-0.015383956485786937,0.00044707799888820294,0.018575142886425536
2024-12-24,-0.06325285094846596,-0.02470369431365117,0.0042013436903872445,-0.009231472164731799,-0.012312090303460223,0.004408816408719968,-0.012892173961479951,-0.003957597280780309,0.010520014561872926,0.04842291442437959
2024-12-26,-0.001695775939487586,0.008417042697705239,0.007677549005658872,0.0035305571522027675,-0.005360034158162148,-0.006099371704407513,0.004245928646472858,0.002735457516681023,-0.018017090541877095,-0.008193153169879184
2024-12-27,0.05384522857311186,0.028042095350219568,0.0045921639612015565,0.0019781313794842562,0.004364324694845389,-0.012837073814302272,0.015177909294836513,0.004100961084421294,-0.008201150902098968,-0.031921834264587834
2024-12-30,0.0829889050736249,-0.0007275850141827761,0.0058693430035120075,-0.006011191005041651,0.01383420115286518,-0.0036093510405344133,0.0013184608323249538,0.011660961294916585,-0.004740556210522346,-0.025743864034140532
