{
  "n_components": 10,
  "total_variance_explained": 0.6712018509751693,
  "eigenvalues": [
    19.550690361923404,
    3.692298344243466,
    2.372496193043256,
    1.649243361173923,
    1.1426421221382184,
    1.0736534120575636,
    0.9285415409419822,
    0.8779236573670497,
    0.826809736045929,
    0.7745919688484698
  ],
  "explained_variance": [
    0.3989936808555801,
    0.0753530274335402,
    0.048418289653944055,
    0.03365802777905969,
    0.023319226982412646,
    0.021911294123623772,
    0.018949827366162922,
    0.017916809334021445,
    0.01687366808257,
    0.015807999364254505
  ],
  "factor_sharpe_ratios": {
    "PC1": -0.9201850878869556,
    "PC2": 0.5917495416571025,
    "PC3": -0.4941488438806038,
    "PC4": 0.17346590173969365,
    "PC5": -0.18754912376083516,
    "PC6": 0.6204323989298852,
    "PC7": -0.09159425411104445,
    "PC8": 0.4630237600366942,
    "PC9": 0.040892920215603985,
    "PC10": 0.7153911348497298
  },
  "factor_correlations": [
    [
      1.0,
      -0.4400995242208256,
      -0.10919181601136038,
      -0.1980816704239657,
      0.17639930146312038,
      -0.17627614819135892,
      -0.14962821337442248,
      0.09260142935950563,
      -0.23889479345103898,
      -0.25412105859139367
    ],
    [
      -0.4400995242208256,
      1.0,
      -0.10286923799366811,
      -0.04316825731966122,
      -0.19439681987150845,
      0.2536471172531007,
      0.20702115121032366,
      -0.13088420427309463,
      0.2134794584601985,
      0.32923436018385427
    ],
    [
      -0.10919181601136038,
      -0.10286923799366811,
      1.0,
      -0.014218840421160062,
      -0.08448135908382284,
      0.015025343830535089,
      0.005698477097303109,
      0.02335869670969863,
      -0.009652956139842975,
      0.02387152548634319
    ],
    [
      -0.1980816704239657,
      -0.04316825731966122,
      -0.014218840421160062,
      1.0,
      -0.07155226014473201,
      0.076713407535989,
      0.04110139651175826,
      0.024681990506006557,
      -0.04746771356505361,
      -0.0092524311390566
    ],
    [
      0.17639930146312038,
      -0.19439681987150845,
      -0.08448135908382284,
      -0.07155226014473201,
      1.0,
      -0.048547278110604365,
      -0.3132971453559053,
      0.10859911847992969,
      0.03054760971088828,
      -0.1420006864482125
    ],
    [
      -0.17627614819135892,
      0.2536471172531007,
      0.015025343830535089,
      0.076713407535989,
      -0.048547278110604365,
      1.0,
      0.030777900368023303,
      0.01342528165076917,
      0.16426541668376168,
      0.12868971186284603
    ],
    [
      -0.14962821337442248,
      0.20702115121032366,
      0.005698477097303109,
      0.04110139651175826,
      -0.3132971453559053,
      0.030777900368023303,
      1.0,
      0.02153043609447715,
      -0.036240573830608386,
      0.044586208519522955
    ],
    [
      0.09260142935950563,
      -0.13088420427309463,
      0.02335869670969863,
      0.024681990506006557,
      0.10859911847992969,
      0.01342528165076917,
      0.02153043609447715,
      1.0,
      -0.011260265430911725,
      -0.09443656577979005
    ],
    [
      -0.23889479345103898,
      0.2134794584601985,
      -0.009652956139842975,
      -0.04746771356505361,
      0.03054760971088828,
      0.16426541668376168,
      -0.036240573830608386,
      -0.011260265430911725,
      1.0,
      0.48799809465373534
    ],
    [
      -0.25412105859139367,
      0.32923436018385427,
      0.02387152548634319,
      -0.0092524311390566,
      -0.1420006864482125,
      0.12868971186284603,
      0.044586208519522955,
      -0.09443656577979005,
      0.48799809465373534,
      1.0
    ]
  ]
}