,t_statistic,p_value,significant
Momentum,-0.883865499896068,0.37687916379943465,False
Value,2.0057288606053465,0.04502636077247093,True
Size,-1.8729905509122695,0.06120178317799824,False
Quality,-2.1879421605695897,0.028793550412394432,True
LowVol,0.7502469896415469,0.4531968094063469,False
