,t_statistic,p_value,significant
Momentum,1.62322068029166,0.10484408036314953,False
Value,-0.9170677445207625,0.3592929993631061,False
Size,-0.24786901793195823,0.8042752317738637,False
Quality,0.5091264911589156,0.610775200407361,False
LowVol,1.6378374184642666,0.10176196478640753,False
