,t_statistic,p_value,significant
Momentum,-1.1093113243432922,0.2749968102453255,False
Value,1.982810582712694,0.05541575957635574,False
Size,-1.0439670004828558,0.30366422902939855,False
Quality,-2.1518408376830167,0.0385144435127527,True
LowVol,-1.6273590947441492,0.11276775418760347,False
