{
  "mean": 1.5704411381239226e-19,
  "volatility": 0.21162995176957336,
  "autocorr_lag1": -0.027425313781054495,
  "jarque_bera_stat": 251.0631422170349,
  "jarque_bera_pval": 4.7804202782198335e-18,
  "mean_correlation": 0.32434583864593175
}