,VaR_95,CVaR_95,Downside_Dev,Sortino_Ratio,Calmar_Ratio
Momentum,-0.014710549597296195,-0.02131633425303185,0.10253263768028695,0.1705929296722904,0.05801584622622276
Value,-0.016309001700368853,-0.02168373526669879,0.09789541583182695,-4.224932724435971,-0.4194300796542391
Size,-0.00911244410995345,-0.012225598637983776,0.05815941476383322,0.5086639034819262,0.14687729506616193
Quality,-0.010935466289145518,-0.01726143147314213,0.0921104108908619,6.530969481824613,6.337157127353788
LowVol,-0.01781342743868789,-0.024744707565822595,0.115902096655408,-0.5642041696966468,-0.11083689071000055
