,PC1,PC2,PC3,PC4,PC5,PC6,PC7,PC8,PC9,PC10
2016-01-05,0.5193053649272008,0.04026659356711815,0.03403226993963028,0.029557508785078734,0.024909337304618303,0.020251382830093576,0.018254551601357364,0.01613748963638843,0.015867418341180713,0.015384243254862375
2016-01-06,0.5170398041569154,0.04046394786694136,0.03455975766805336,0.029523749089772382,0.024789907548815163,0.02031760286768354,0.018367809186784996,0.01619246084079286,0.015948162351601826,0.015417597361505962
2016-01-07,0.5187491077473778,0.040606676721115696,0.033790592048916365,0.029611229669721194,0.024719505389939465,0.020306744389706775,0.018130413028769,0.016159071485955898,0.015918084509090737,0.015433927582677347
2016-01-08,0.5222152789163385,0.04013112667357463,0.034170228031156796,0.029421170643986996,0.024139920776533846,0.02012781573249323,0.018205832609269834,0.01598998959254296,0.015822501267375097,0.01523504118095592
2016-01-11,0.5202859640888485,0.04020149446803375,0.03438903178115176,0.02947701111455164,0.024167180856911014,0.020163585160055966,0.018227988830019137,0.01613780755023196,0.01595065641221305,0.015315259147430814
2016-01-12,0.5192182820487523,0.04021731725714256,0.034161356734575474,0.030254704913767253,0.02446401998011038,0.02015035239245227,0.018227246877561505,0.016120573123035473,0.015956465526130045,0.015314891505042559
2016-01-13,0.5199623483439101,0.04019705240615865,0.03403194243595393,0.03030261610446843,0.02442302152063595,0.02004079555697334,0.018257112855623335,0.016064343570918217,0.01588607103175785,0.01531226389559061
2016-01-14,0.525214353963441,0.040026293812470554,0.033911270198130145,0.02984160455190885,0.02425205024144214,0.01990246980837732,0.01807018315970564,0.015861044701285076,0.015614139380579936,0.015192861682077173
2016-01-15,0.5262406991724474,0.039679707310603066,0.033812184288262596,0.030406238423701798,0.024403920034817155,0.019458940322361208,0.01805634153785023,0.01570000482736951,0.01549654015208578,0.015276519680429024
2016-01-19,0.5292347776074804,0.03976941040852021,0.033813658195288344,0.030320939234688312,0.02416215518952402,0.019220120331660758,0.01819465296809017,0.015496556320403957,0.015375929187969345,0.015157387964585536
2016-01-20,0.5268538320919711,0.03978831460261547,0.034303612521940155,0.030479024988325155,0.024982224030926693,0.019318829442356654,0.018187090257418482,0.015432849577906844,0.015385584654780807,0.01519734193962521
2016-01-21,0.526787353577311,0.03989174954726443,0.03506135731899331,0.030501721569505535,0.025301383079928137,0.01918036891544704,0.018101364514102276,0.015375144819528294,0.015348490433794935,0.01523746330868765
2016-01-22,0.5257367559589714,0.040188881173180174,0.035033964248249186,0.030532261742492243,0.025305866205148988,0.019024011849902756,0.01805740586164359,0.015604628512663749,0.015330753031841584,0.015200169858223197
2016-01-25,0.5270357188566281,0.04010555425701087,0.03491169203479416,0.030476078596034892,0.025302269646175757,0.019021408051251718,0.018084842850294477,0.015737150763867856,0.01527235127241854,0.015244139495274648
2016-01-26,0.5290975728827939,0.03999996865131691,0.034531925770908384,0.030287974860110933,0.025789018051597962,0.018974763309186383,0.018019701175489285,0.01564608309456058,0.015247423780927973,0.015183223763943742
2016-01-27,0.5289765489753079,0.04060981756755463,0.034459685757181786,0.030315570797512417,0.0258152336710395,0.018836827540378864,0.017988364242091204,0.015604602400850385,0.015211811755631337,0.01518513725247858
2016-01-28,0.5279938064881426,0.041023206756944285,0.035348755407798624,0.029907216558669437,0.025708460950643355,0.01857115041205829,0.017542836689435543,0.015612381269473764,0.015515779049601044,0.015024697462225688
2016-01-29,0.5230395217551618,0.04106957524576373,0.035163245284647496,0.031534223811749994,0.025332527066827357,0.0202316103434656,0.01763204821653534,0.015659700230215644,0.015497564919844848,0.015037679211791971
2016-02-01,0.5273404479921746,0.04065059572996756,0.03475526624214586,0.03129431163134652,0.025329026152938295,0.020429637651029182,0.01732263512326312,0.015470734797501481,0.015290801888384484,0.014868826011633024
2016-02-02,0.5269516610800198,0.04075187168915339,0.03509985331576569,0.03080030411028958,0.024772302339967505,0.020655728267728723,0.0179393448975179,0.015577789486867671,0.015396292420038373,0.014989039506309565
2016-02-03,0.5289018511780418,0.03985576159503164,0.03588665957196464,0.03059608728921197,0.024440892349107287,0.020537955684198958,0.017814818274341518,0.015810075672127753,0.015384927249648423,0.014832074825222122
2016-02-04,0.525494385217273,0.03982650870346439,0.035926947428910935,0.03223040122930157,0.02448707271795874,0.02078282945396934,0.01757419845351425,0.016228111314133764,0.01544144619313492,0.015024788933848218
2016-02-05,0.5244265755444321,0.04038222375100509,0.037310891930045435,0.031774154889874576,0.02452539786593478,0.020175185512081206,0.0178586657723047,0.016140949154989013,0.015412778243844585,0.015301079201531799
2016-02-08,0.5234454905008445,0.042285335936106665,0.03820778290808624,0.03218385499342953,0.02420844407901154,0.019846515587096537,0.017732199030480407,0.016036715647875843,0.015491660689021986,0.015130330796002057
2016-02-09,0.5205822640604961,0.045159125478960005,0.03817645647994527,0.03284442993516444,0.02364642699414786,0.020159442750797115,0.017546414170168684,0.016749427005756528,0.015412529085851463,0.015131921033218497
2016-02-10,0.5190634584413302,0.04510896430970292,0.03792848427357925,0.03287874132373413,0.02356844678220734,0.020255766381393755,0.01752277989663717,0.016742829040795822,0.015846293586810292,0.015155108835004616
2016-02-11,0.5164609887545345,0.046150857709540666,0.038226272000824575,0.03307340962048487,0.02273259812919975,0.020112972986683537,0.017499151701542107,0.016720406967081932,0.016164850851427815,0.015081824660271415
2016-02-12,0.5159278120321574,0.04622564513394988,0.038508593766182556,0.03308636296936333,0.022923645401953404,0.020159959984134085,0.017404947162364827,0.016510136310506997,0.016150470004314202,0.01507286735158985
2016-02-16,0.5179070797737544,0.04629462645488325,0.03793173093533575,0.032988408669365046,0.022947476499906003,0.02033081136505163,0.017139897139897095,0.016443417647937233,0.016105146041596973,0.01505635811829056
2016-02-17,0.5199476653414536,0.046299622428689756,0.037598354989881656,0.0327825373116762,0.022834838944608166,0.020284960716763216,0.01704201090101525,0.01635311427967228,0.016108056791024946,0.014954386748098496
2016-02-18,0.5216381631210176,0.046575194210569944,0.037515230241567346,0.03243891857528597,0.022602930241183254,0.0201259860031458,0.01699432485674074,0.016125098352821488,0.01593904258357751,0.01519155957448565
2016-02-19,0.5209334097471016,0.04677504995676562,0.037226516903302885,0.032314489766246825,0.022664674964887038,0.020116380479642718,0.01719389378760417,0.01646004184848633,0.015908120762471438,0.01510386032404159
2016-02-22,0.5214750441663533,0.046393167599660244,0.03721636267052001,0.03234966827885298,0.022709322714224725,0.020227946092858568,0.017178175771552485,0.016503226304383087,0.015991056325320354,0.015014997821494425
2016-02-23,0.5217179754597494,0.0462400580331373,0.03717854884480311,0.03220813891700756,0.022621909722137266,0.020050594229337682,0.017091917400386097,0.01648239644715375,0.015994322633980238,0.015010642802110856
2016-02-24,0.522348511569651,0.0461951608200188,0.03743749679148229,0.032246709477371245,0.022819233641403123,0.019929408055270666,0.016937903004211434,0.016375266189629,0.015995539354884784,0.015071030350235501
2016-02-25,0.5224516195434966,0.04610714881142304,0.03742869166026695,0.03223635642354464,0.022822096526904784,0.019937752666424283,0.01708123027225807,0.01635075850517492,0.015989892902995354,0.015166991773185524
2016-02-26,0.5236857535774659,0.045892704166921997,0.03738010097691394,0.03221614707305755,0.022569880488242756,0.019958443287450618,0.01703415341956178,0.016377593129390553,0.01608432639023396,0.015015977960907124
2016-02-29,0.5238379356968882,0.046285967853277786,0.037979042231540625,0.03222384347080734,0.022630254862874132,0.02010763793126232,0.01697761115193767,0.01629269521793551,0.015967781256537583,0.015266633336556756
2016-03-01,0.5243413059192154,0.046108856133165746,0.03789350261475505,0.0322784670702329,0.0226167805161708,0.020091191956824073,0.01695086685570007,0.016298597893001473,0.015965850435113373,0.015247937059345813
2016-03-02,0.5275801389098213,0.04591433830263278,0.037662730947615984,0.03210770258711517,0.02240014137437086,0.019876910453214863,0.017008716996480357,0.016193504381408638,0.015928635005329057,0.015133683756657697
2016-03-03,0.5270255447557897,0.04601806545130328,0.03766832369319599,0.03213094296274207,0.022368814961128854,0.019883325414300688,0.017054146820912844,0.016302687229803527,0.015914144192668185,0.015192995961897717
2016-03-04,0.5269809132164225,0.04588692063717964,0.03774141550342893,0.031970279789054395,0.022388865715141055,0.0198311739549155,0.017036778236294337,0.01635692512971877,0.015946934847603112,0.01518555811240007
2016-03-07,0.5272585899803854,0.045976937967002356,0.03761283073413575,0.032004035728187975,0.02238344780781015,0.019719731720745856,0.01713905149516747,0.016265622662615737,0.01601123619315681,0.015191594987666202
2016-03-08,0.5239226622434902,0.04655268892805484,0.03757335752604244,0.033030406499548345,0.022366547856668133,0.01963138776115323,0.01740672245314145,0.016398225370049806,0.016016030200917675,0.015055418270565484
2016-03-09,0.5232033908970888,0.04657173794745729,0.03839221938168502,0.03339056662965322,0.022395105930187623,0.01957146820964229,0.01735957220230894,0.016370411784137114,0.015962898109225215,0.015016834698261698
2016-03-10,0.520024488227715,0.04672113594642254,0.038502432179093944,0.03329124457463503,0.022460046257550863,0.0199406920418084,0.01742469511227286,0.016467370791482402,0.016098746917035833,0.015102030835544858
2016-03-11,0.5201990841030133,0.04669031177164634,0.03843994163688303,0.03323433485081203,0.022555275953954918,0.01998612525693246,0.017416388653451458,0.01647428942444698,0.016134449867406194,0.015100132907744866
2016-03-14,0.5214491530670544,0.047206115692308835,0.0374606328741321,0.033272424853329215,0.02250650521015786,0.019287704350346564,0.017477276898515484,0.01650560423315665,0.016125336924241652,0.015233944938260283
2016-03-15,0.521489171138153,0.04736745829268324,0.03746032848768355,0.03328777774613858,0.02253955459679591,0.019330094366269514,0.01750879943749834,0.01650771775814461,0.016086036179981226,0.015182088618198222
2016-03-16,0.5195661187401069,0.04761344715796623,0.037580379776575884,0.033781667717065055,0.0226218269286776,0.01935838429499871,0.01741009750438531,0.016656586001581822,0.016161937001345886,0.01524957190569273
2016-03-17,0.5195112840772166,0.047499526355611006,0.03754276961868544,0.03377292377855804,0.022589934370563825,0.019344336465762935,0.017406748533710097,0.01674113519259904,0.016167550372832584,0.015243630052683544
2016-03-18,0.5181916663579955,0.04815832640538015,0.037726890362171986,0.03401054769062431,0.022688476890180567,0.01945685152737695,0.017353385792527206,0.016862953526570756,0.01644431078852603,0.01529930424501257
2016-03-21,0.5177476799459348,0.047902265942593045,0.03788281843425574,0.03429751260852642,0.02251774038251191,0.019549134822375552,0.017350909699931194,0.016956948884971644,0.016362820212566215,0.015561881837961934
2016-03-22,0.5175744158062052,0.04784459587526354,0.037863763739293975,0.03428696804946082,0.02254407616711611,0.019592753333839332,0.01751236841074717,0.016923257587476332,0.016344737781261602,0.015578667865135152
2016-03-23,0.5176757866308497,0.04809041235987306,0.03778097842628755,0.03448992297874539,0.02261879841741681,0.019569656120220866,0.01753611574606207,0.016889473468950835,0.016229497988796467,0.01557121089254056
2016-03-24,0.5173173304768548,0.048002407017792556,0.03791612114674464,0.03422828148986401,0.022661037632593296,0.019562097076187612,0.017489113744208366,0.016911589546413343,0.01622085816737306,0.015471362541745163
2016-03-28,0.5139493033278135,0.04813775999629896,0.03821169995090866,0.034294869577117436,0.022312125341778143,0.019719417817315885,0.01757981064539177,0.017245067235299887,0.016414835286560764,0.01556250819285972
2016-03-29,0.514594916237238,0.04814462600864789,0.03821032683177363,0.034289817311939474,0.02229347745003514,0.019718863485687913,0.01759068103074724,0.01720012505041779,0.016363220853810624,0.015540779052284548
2016-03-30,0.5159417386910052,0.04807178020807917,0.03832249522051403,0.034196986268034225,0.021763657281191843,0.019839721489475496,0.017588557729571765,0.017212879855280794,0.01632515778833092,0.01553120872729185
2016-03-31,0.5151680886078588,0.048040229386812676,0.03841651207259735,0.034343866484476016,0.021789284484689104,0.019921837479941952,0.017424271666368254,0.017298441943703825,0.016381471147876768,0.015659105908300563
2016-04-01,0.5145384277011495,0.048176577150100576,0.03846762099249342,0.03445222839374972,0.021776972784696754,0.019954542685162495,0.0174887834375524,0.017324381657998263,0.01640194978417389,0.01567093206597684
2016-04-04,0.5149953138960152,0.04813157491074169,0.03865610047341611,0.034357729377295636,0.021832972510253,0.01995365003556616,0.017325632805101014,0.01692427279670615,0.01642646191407528,0.015678802805373235
2016-04-05,0.5146501859664367,0.048025872924947866,0.03866218964835432,0.034602277923631755,0.02178748737290829,0.019823332949046656,0.017395414745232686,0.0169133036917343,0.016446138173782904,0.015711482176654152
2016-04-06,0.5150197920144631,0.048039660484085284,0.03865132969427451,0.03442935687158521,0.02180695179340432,0.019716984112511344,0.017313409308284684,0.01686106811531914,0.016367509515759947,0.01577242795493491
2016-04-07,0.5159739132444652,0.04800678575835168,0.03848740264499887,0.03438025645752191,0.02175335968698397,0.01969982994974948,0.017275074796280387,0.016842194970729783,0.016365169016542336,0.015722338393597508
2016-04-08,0.516817092672832,0.04771554659236656,0.038338933622859214,0.03435643227430523,0.021725409426239257,0.019599919329800295,0.017212838553718086,0.0168009498105237,0.01647266091932228,0.01568104243349848
2016-04-11,0.5167106038645288,0.04814849506275347,0.03834596619830706,0.03414613673564541,0.02171897939552488,0.01957824956324152,0.01726861076788415,0.016759051040091958,0.016444236641512223,0.01565185494269435
2016-04-12,0.5168024960512999,0.04815217983829242,0.038575521093119985,0.034102046738871794,0.021724257068644188,0.01952785444295535,0.01724544448344509,0.016762361094287043,0.016450611004446624,0.015636499666472594
2016-04-13,0.5172045266119795,0.04807483016422896,0.03857633744080746,0.034058886977326674,0.021784708829619925,0.01947360769931401,0.01717008490833496,0.016799800404358436,0.016354250194593054,0.01563711195640532
2016-04-14,0.5168118627520498,0.048392528638074785,0.03918896389446689,0.033942923446816944,0.021696013692279942,0.019700466310731603,0.0171017814699918,0.01673559328533009,0.016284063346635385,0.01569613707498892
2016-04-15,0.5175767777303858,0.04843118564274677,0.03867245922727247,0.03397951334439917,0.021805799178964167,0.0196702242990604,0.01711880305074989,0.016763816620353,0.016239060145292947,0.015700908917114335
2016-04-18,0.5182196862042774,0.04860014001869717,0.03909812510857593,0.034024066665501125,0.021799339949921722,0.01965645913148744,0.017122832313799782,0.016797319244755506,0.01612077257084256,0.015727557598932566
2016-04-19,0.5173576704893785,0.048760093941974836,0.03923486796370971,0.033922680616608455,0.021930237546068293,0.01970986412688553,0.01714054814533991,0.016897400090225837,0.016203360212699264,0.015706273085748332
2016-04-20,0.515931147958169,0.0489960094258607,0.03926201410732488,0.03415782764072265,0.022058468527780522,0.01965583572587954,0.01725855882140951,0.016928699448266332,0.01616867642069325,0.015643205663579223
2016-04-21,0.5148095423859624,0.04956495152998002,0.03992528890169272,0.03429060337015922,0.022084695651284132,0.019647103699977825,0.017309587238209894,0.017106046429493666,0.016119497023653517,0.015627135259465692
2016-04-22,0.5147325688150978,0.05040407262620993,0.040020234043053854,0.03439110764616023,0.022187150958971724,0.019676608167831455,0.017417088987717745,0.017168916246343063,0.01615476891541033,0.015353455716018795
2016-04-25,0.5141916795465176,0.05110322318973007,0.040044156132105206,0.03478626877651961,0.02203974985842691,0.01995736031952666,0.01748403621533431,0.01714346453322559,0.016142347066354208,0.015179561489615563
2016-04-26,0.5152810075786092,0.05123881817352108,0.03997211494759121,0.03497588530207258,0.022042194882700917,0.019543900868904604,0.01749876461202541,0.017154059139618597,0.016270860541460205,0.015139688855451377
2016-04-27,0.5156294512998629,0.05125790683324428,0.03939891425773559,0.0346857461235444,0.022072404608380874,0.019752528251555254,0.01746355837877259,0.017139538627491374,0.016272470496570608,0.01519038893326621
2016-04-28,0.5161104959900396,0.051451389630441526,0.03934435114828266,0.0344375662774799,0.022082070056848983,0.019838784198290462,0.017475749179982424,0.017183092999524453,0.01633020033774234,0.015186031916371532
2016-04-29,0.5161917172009071,0.051321931946473186,0.039439614763663,0.03433366175381408,0.02198437479806018,0.019984088127994036,0.017479587114252612,0.01698710999316275,0.016357696553911987,0.015020464383611877
2016-05-02,0.5146028999054875,0.051055015215617935,0.03966458748533811,0.03440330520084441,0.022333223042923685,0.020104501669237083,0.017477144898554904,0.01745831175215978,0.01642918231777201,0.015182346175684907
2016-05-03,0.5146153502803777,0.05106523122413704,0.039762334601093595,0.034467648761511274,0.022176913370568773,0.020106903300702948,0.017475486814896742,0.01744920357005458,0.016403551014627357,0.015063021582797962
2016-05-04,0.5152644674462249,0.051048471987475204,0.039806024818772295,0.03430814200162925,0.022190196366225455,0.02005604151356286,0.017477416449100645,0.017452806981994102,0.01642718689149275,0.015110968725726715
2016-05-05,0.5145756618827237,0.051261905799751005,0.04023145617998108,0.03436041993878268,0.022045082074940724,0.020106975594219943,0.01755855114269485,0.01743039375642911,0.016282189301312498,0.015126565083483163
2016-05-06,0.5144258439754497,0.05122987063494134,0.04027392212607168,0.03448311961938536,0.022065619257175213,0.020121879230456857,0.017581257169378067,0.017399861097645943,0.016298912977761197,0.015094722012510624
2016-05-09,0.5143703644720758,0.051042005359330206,0.040298664499634575,0.03458824320994574,0.022122747577012807,0.02009664044984189,0.01755115734417368,0.017417365047784378,0.016254575452556024,0.015097738731477652
2016-05-10,0.5143194489091397,0.05115314185466138,0.04051587541144579,0.034713655096625225,0.02228725266491589,0.020177701728976413,0.01758650701728325,0.017100556777414753,0.0162446698520805,0.015176544266224574
2016-05-11,0.5153687736253199,0.0509944687059337,0.04044942535128002,0.03470832450586612,0.022250144120164548,0.020144641696968474,0.017660677455136407,0.017112088773897815,0.016202458634899147,0.015145277087086378
2016-05-12,0.5159169862040088,0.05088754135489518,0.04048313124839744,0.034558471960521316,0.022277650319751655,0.02032132698629828,0.017528208992721894,0.017165223173972097,0.016152888723979165,0.015245316820308266
2016-05-13,0.5162411102345265,0.05103960355908064,0.040650173176759334,0.03455062392216255,0.022267573931439865,0.020283867807632836,0.017487539689531185,0.01716147800318002,0.01620720361559436,0.01522746914634491
2016-05-16,0.5149825408730054,0.0517586055797831,0.040774234262867685,0.03465219488459032,0.02260783502988896,0.02036901190440404,0.017629260344331956,0.017130828632679014,0.016148132153697623,0.015177208242633968
2016-05-17,0.5161539890506793,0.0516105325257946,0.040770906958500185,0.034572131463262185,0.02275344976885899,0.020282728638397977,0.01764396326502222,0.017099207435488123,0.01611445014589864,0.01508629961641492
2016-05-18,0.5171470163705322,0.051344722693329375,0.04120360633403723,0.03441761892208032,0.022756366242148704,0.020197326216036413,0.017517634026402284,0.017134662623440353,0.016086643841269205,0.015003183438523237
2016-05-19,0.5166455951972277,0.0524269158517359,0.041713893763195536,0.034341610352962605,0.022710602088033695,0.020195639212572582,0.017567061823884334,0.016895491144312554,0.016044836619865936,0.014965429945947316
2016-05-20,0.5156808381400013,0.052316979812625695,0.04163893003295763,0.034463473450946025,0.02271649913494279,0.020205554759183397,0.017458405596357685,0.01702948883948931,0.0160715405710339,0.015175791464258766
2016-05-23,0.5153782693020715,0.052421372813229394,0.04191010221159352,0.034454359201554964,0.022674456874277847,0.020207940807640008,0.017444250533923702,0.017049082598952773,0.01605224649204081,0.015337165932498524
2016-05-24,0.515563565320226,0.05231305969224899,0.041956029785828935,0.03442022309471373,0.022699305070668824,0.02018640230098122,0.017440230833608662,0.01703759858925638,0.016043509286598454,0.015290362313069326
2016-05-25,0.5163591176871228,0.05228393271303324,0.04188104062348947,0.034357368763842475,0.02284849713727083,0.020161669249595164,0.01739557400620698,0.017011503052350205,0.01603251384002057,0.015274564703819906
2016-05-26,0.5155705199881928,0.05225087319036773,0.04210435953200358,0.034386569747234634,0.022517878826458584,0.02016649200456243,0.017530856736664442,0.017013681083703935,0.016056340096772165,0.015230692782799291
2016-05-27,0.5155082687966314,0.05226586302491226,0.04221944699224452,0.03437500211019008,0.02247056673431556,0.0201620456222322,0.017447195188912884,0.017053739575361382,0.01605742769116709,0.015196349670022386
2016-05-31,0.5161989584123109,0.05231359554413015,0.04216230705344391,0.03462596196736653,0.022382453885627287,0.020191759239742174,0.017491367761323432,0.016985458437128675,0.016066138597677474,0.01516295497221428
2016-06-01,0.5160648714368291,0.0523466925223498,0.042125149690869855,0.0346531467242135,0.02236137219170098,0.020199156306786863,0.017467964488062458,0.017034830245263113,0.016103620107079383,0.01515196382861296
2016-06-02,0.5158929038324467,0.05239166574273492,0.04213600167760726,0.03465385617840754,0.022182850261252128,0.02018652461427828,0.01746527159544782,0.017089320026138766,0.016099424321266837,0.015128791352936771
2016-06-03,0.5155451658841333,0.05235909577806424,0.04218839599982713,0.034877278763169185,0.021953377762320446,0.020119665288446217,0.017400392756003236,0.01707993567778406,0.016134762441961128,0.015094210107512144
2016-06-06,0.5143988113214347,0.05266376694526711,0.042199503902067934,0.03481628727210247,0.021951267062322578,0.020139773234203136,0.017377869136326256,0.017204462555725036,0.016372725602509446,0.015132998158277558
2016-06-07,0.5146949782349916,0.05197551258576028,0.041991366314065415,0.034737824697846365,0.0218507073226258,0.020067906759959758,0.01752603188536388,0.01726518936448759,0.016386476012700744,0.015140373978941907
2016-06-08,0.5142171545637498,0.05193522583534818,0.04214294681513664,0.03468975842315675,0.021895537639784083,0.020103324664337584,0.01756378978125788,0.017434505163641492,0.016380681137981096,0.015174235152571623
2016-06-09,0.514337811544215,0.051922175207935926,0.04217703568626738,0.03474341659640534,0.021879115291656148,0.02013581895414301,0.01754209114706257,0.017419885977804455,0.01650932653893734,0.015164726863997367
2016-06-10,0.5132364736501525,0.05220806892378197,0.042259521167763756,0.034776604398093665,0.022002291225462482,0.020198993747793385,0.017577068379468562,0.017363044095882994,0.016587182715174575,0.015182871768989347
2016-06-13,0.5134784761671853,0.052472130726703016,0.04224083954619381,0.03469003432949073,0.021964351456392618,0.020125976759373828,0.017573047330084638,0.017277114551025426,0.016581466830261942,0.015184021747979587
2016-06-14,0.5129805543815045,0.05245100036149459,0.04229386983001063,0.034648235197649854,0.02191891707083416,0.020074665163238026,0.017578400367334445,0.017277112627332725,0.016595409777919814,0.015208210534948802
2016-06-15,0.5124912691724269,0.0523848022071815,0.04221041671069402,0.034652771738652506,0.02193838124082845,0.02019598356315532,0.0175869803605781,0.017318672725520238,0.01657588286308856,0.01530080689474434
2016-06-16,0.5121890061248513,0.05247064053263913,0.042190511671913865,0.03467483238584669,0.021934632193371485,0.020248633869405983,0.017585415455410584,0.01734682401823337,0.01654979585527832,0.015313554094346345
2016-06-17,0.5122947932919518,0.0525674527055038,0.04218286110496988,0.03467572338798448,0.02194869601312107,0.020228095996446493,0.01759465158353797,0.017309095300694213,0.016544977916270034,0.015293723248892688
2016-06-20,0.5116828780294171,0.052852328335310436,0.04233848261444942,0.0347236616343484,0.022003662946543108,0.020356438531630737,0.017573843393524545,0.017310736325869228,0.016500342888753378,0.015315281780775666
2016-06-21,0.5117890640798713,0.0528217832349681,0.04233575425054065,0.03470493156130541,0.021997345215305924,0.02040239723314336,0.0175278593580439,0.017307281733080195,0.01650206128968173,0.015366585999401692
2016-06-22,0.511698064563242,0.05283783708913169,0.0423681269961491,0.034782058390130176,0.022039494530440382,0.020418833013140174,0.01753189744714843,0.01728164547992352,0.016546965588614005,0.015376590137348295
2016-06-23,0.5111818344174278,0.052452808666789134,0.04230253911639015,0.03541803017762383,0.021816463212132306,0.02045316901929522,0.017677425060657448,0.01715605346917872,0.016510836632576062,0.015716352417804183
2016-06-24,0.5115339637889617,0.05246710871797235,0.042474279824076755,0.035372630372804754,0.02179928441850558,0.020387782793775663,0.017698356553401136,0.0171621271386409,0.016474915734625614,0.015757351557691056
2016-06-27,0.5192934749526948,0.051413881405452985,0.04194664140612116,0.03491053027370122,0.021351200425740277,0.020025886973107282,0.017727652775695518,0.017276763087477515,0.016141495893726012,0.015518212819829267
2016-06-28,0.5199586705448898,0.0515552516030346,0.04170826008745879,0.03484125716168421,0.021152479306753038,0.01969766241461963,0.018142948643621933,0.01761508361901347,0.016081237938377395,0.015473836900102459
2016-06-29,0.5180936195118272,0.05195295901127952,0.04175323986595183,0.034975967513191465,0.021187222801545752,0.019711067443817964,0.01824052846441659,0.017680254766325083,0.01607472462504088,0.01551012250124159
2016-06-30,0.5197567449286198,0.051730009900739095,0.04155585753642098,0.03476780766957728,0.02107448351646061,0.019648946015692385,0.018193044580097645,0.01766635469159923,0.015996364589237488,0.015471979145328002
2016-07-01,0.5183340974841993,0.052549822083290246,0.04125256418858133,0.03476569000694653,0.021087788879715397,0.019788694469874465,0.018259588720152698,0.01764599646935472,0.016138745810544794,0.015305763112913864
2016-07-05,0.5182921276962,0.052666836651867194,0.04129057823759121,0.034777265409725436,0.021159413278629455,0.01978351543407333,0.018195416704453137,0.01761634336634878,0.01614111820042978,0.015289798205630967
2016-07-06,0.5169645301571759,0.052855223102509244,0.04142997899324848,0.0347312850184355,0.021178063175065848,0.019722171809857036,0.01820849795869966,0.017645271302729762,0.016150933111660642,0.01526129078541543
2016-07-07,0.5172577836858361,0.05199728433821697,0.0409664008960807,0.034745617330572465,0.02121554418467152,0.019704839608187797,0.01839223184881662,0.017830876890891988,0.01618482472595442,0.015235181755298957
2016-07-08,0.514641852326394,0.05205050632550059,0.04105184738184713,0.03490561564907478,0.021351575839930782,0.01983199472845932,0.018450081591075602,0.0179008925064354,0.01606927205983191,0.015554107123829958
2016-07-11,0.5165592354393259,0.05181177033729656,0.04093855723871603,0.03481174351510382,0.02100745107315958,0.019609401863972885,0.01843620542620385,0.017882443221563325,0.015965819633259905,0.015521388209153402
2016-07-12,0.5151773370714225,0.0519828317270959,0.041038310837434595,0.0350503993817985,0.021040169323903953,0.019677217764936396,0.018446711545451664,0.01793977054450048,0.01599129952629909,0.015478807212633
2016-07-13,0.5143928977471719,0.052349187162670154,0.041198428376676886,0.03498579351819106,0.021046606144249018,0.019719194261541145,0.018457264825518186,0.01801933301466301,0.015981547797376983,0.015560467957458355
2016-07-14,0.5143743696600307,0.05249949884977997,0.041225622050756375,0.0350137673085838,0.021068841851218233,0.019753913424548304,0.01846031518852007,0.01803695111104279,0.01601740666495179,0.015522789195920919
2016-07-15,0.514494519305549,0.05259149241442214,0.04124078028306834,0.035013945665130254,0.02110593459476735,0.019753774163224564,0.018564307774010247,0.018024477884224566,0.01601435099203986,0.015460918567860553
2016-07-18,0.5146404041762581,0.05283134173552079,0.04123307708866551,0.035053118888041995,0.021141958037757678,0.01955969160805675,0.01837735580104805,0.018047629817119947,0.016001362250554197,0.015435170714732714
2016-07-19,0.5154538265303611,0.05275545699460854,0.04117189422075025,0.03507045853506758,0.0209431570426048,0.01956241288934211,0.018389844183925814,0.018099133473820656,0.015915679343591064,0.015281872976384793
2016-07-20,0.5151869010230707,0.0526663803051302,0.0411962089408627,0.035077705336604224,0.020938389617532884,0.019589584267709747,0.01850296161110385,0.018114548599039722,0.015925002360104374,0.01524476595049575
2016-07-21,0.5153019006119572,0.05301688731534675,0.04127048754004351,0.03514773859643928,0.021001971764024564,0.019572764114749144,0.018439436858720477,0.018037823044059764,0.015831104234670716,0.015249628719659836
2016-07-22,0.5158112825321616,0.05304808539117935,0.04084070006471061,0.035302830203513574,0.020964338454553397,0.01909432466699055,0.018358099149899682,0.01802268313495814,0.015995132585072264,0.015204646828801493
2016-07-25,0.5163834192342225,0.053047486203328664,0.0409635080105416,0.03532054250719057,0.020753481475586248,0.01902608932832259,0.018476519625375706,0.018047862486449566,0.016079405811659044,0.015165984681852153
2016-07-26,0.5176569059263768,0.05317389143800013,0.04116331370751295,0.03485683742815929,0.020856721352254345,0.018996652875676295,0.018473935717945287,0.018081501967536884,0.01564820771795217,0.014968780760568928
2016-07-27,0.5166411547913339,0.053517905903723996,0.04174381391730086,0.03486100079917342,0.020952541027114087,0.018956629786181782,0.018511913247166292,0.018080854134648834,0.015838014694591313,0.0149421913720814
2016-07-28,0.5151108253170373,0.05441315993972321,0.041763828248701035,0.03502874665495631,0.02106947694050832,0.018978453054899674,0.018540478719850297,0.018266792767545222,0.0158314765112485,0.015099541112077897
2016-07-29,0.5145399856201957,0.054332210873351654,0.0418292044418645,0.03504946493108393,0.02106746998203664,0.0189836658772307,0.018480062498868632,0.01828891129374018,0.01587510759926817,0.015114127281284964
2016-08-01,0.5147961394661512,0.054382299949879864,0.041890666556615185,0.03494630464024238,0.021025860544735583,0.019039469769938363,0.018493344655033397,0.018297861904410524,0.015872504480163703,0.015108257734744099
2016-08-02,0.5151536315374342,0.0545354461279425,0.041974048371145316,0.03494494649066995,0.0208655648331324,0.019019021761284206,0.018527965570872114,0.018265176934790926,0.0160205204530536,0.015151870076124133
2016-08-03,0.5157632902308631,0.054472499387772585,0.0418425917772247,0.03492355594499874,0.020783547272049688,0.018996251469389526,0.018544561629266952,0.018154770208302837,0.016046039648209217,0.015054501887388326
2016-08-04,0.515718249150593,0.05449953726757413,0.042074886801343366,0.03492295437979137,0.020807915801895307,0.018945099512617906,0.01856272305751955,0.01815574821436171,0.016039337804954482,0.015071926926862116
2016-08-05,0.5171942549126272,0.054606883908042136,0.04187495427100585,0.03494976727275729,0.020658456269405476,0.018997897027334815,0.018531144031427825,0.018215903476045604,0.0160682169129828,0.014318185027893197
2016-08-08,0.51626801935378,0.054395830650772366,0.04176676093077649,0.03512174326596529,0.020801159018266478,0.019119816898010653,0.018477900458480506,0.018204263830829563,0.016044520340463015,0.014397528288780232
2016-08-09,0.5168244594163282,0.05436195256309744,0.041921655150455796,0.035119932376498804,0.02073440127310224,0.0191238200849424,0.01843742490244742,0.017799008328278503,0.016007185493387845,0.01419716117880412
2016-08-10,0.5164737631816605,0.054487975016117296,0.04157963395393884,0.03516217382079852,0.02081990056040553,0.019091888483482273,0.01845810093004414,0.017828828026329454,0.01606075260439131,0.01426796671916257
2016-08-11,0.5166448143662893,0.054684631165168626,0.04133457091659759,0.03523909510608807,0.02083309021475575,0.019160428442127116,0.018479895382480713,0.017853927275437463,0.016030918272164102,0.01420178693131525
2016-08-12,0.5170817488985264,0.054717036106462606,0.04133719456747625,0.03519891834746391,0.020836241231192505,0.018996878295150257,0.018461158168272738,0.017903957399343508,0.016030145983000524,0.01421021528720686
2016-08-15,0.5173308718132568,0.05472679139275749,0.04136182584261999,0.03519396433253965,0.020818583726748736,0.019006145153812663,0.018402116016050178,0.017886276656610738,0.016067160469324892,0.014183261618091605
2016-08-16,0.5170773187106221,0.05467364756185097,0.041581959776470764,0.03518998833283353,0.02082438309651793,0.018930089743065738,0.01842301402043102,0.017882508520027405,0.01604413318927352,0.01417885374807671
2016-08-17,0.5174079783532536,0.054590724462794823,0.041642454435544304,0.03523969654533271,0.02086560097976085,0.019005056042851052,0.018434626091161366,0.017889117282583664,0.015928695387609233,0.014211959828590252
2016-08-18,0.5177650929060004,0.05475378955635695,0.04158545647102349,0.035283805538267855,0.020890494155369203,0.018915954309399824,0.018518015816715944,0.017841577597322467,0.01610549291092291,0.014243634902974724
2016-08-19,0.5173331640102455,0.05478012432192098,0.04153197569412742,0.03530706065256142,0.020935085287996348,0.018929019989907148,0.018565872630130348,0.017833739144660486,0.016123585502444512,0.014224863419664098
2016-08-22,0.5140697723214402,0.055186748170117546,0.04188586017221182,0.035467581078314346,0.021065741381475385,0.01919368022926498,0.018731335742476922,0.01791177520041445,0.016122916825198067,0.01429987337599879
2016-08-23,0.5054868532359228,0.056273664978178914,0.04270928699169483,0.036114098692910386,0.021540439237149055,0.019599189016910115,0.019039770030707698,0.01814925023819335,0.01648656283726447,0.014541425084152178
2016-08-24,0.4910723373641486,0.05798098298123158,0.04347245457811659,0.03714785893172687,0.022155366657752987,0.020035144809676435,0.019438682412675483,0.01881915978937869,0.016961736645439863,0.01500190001926573
2016-08-25,0.4897724133706132,0.058160255127605046,0.0438174220972006,0.03711283500620388,0.022170590112966987,0.02008632916105065,0.019563591653300978,0.018825917590233433,0.017083650491582784,0.014907669253396993
2016-08-26,0.47465943334894717,0.05973927058490974,0.045210714967406265,0.03812823905923704,0.022897894422654587,0.020709174221173358,0.019972627162896443,0.01928543399154127,0.01760586081678763,0.015332962132637396
2016-08-29,0.46991332237445393,0.06067363301111382,0.04575211525386717,0.038558164545128164,0.023248796869214026,0.0210308941341091,0.02008171490236854,0.019492516168865565,0.017827059369372556,0.01552400727869808
2016-08-30,0.4706172426187879,0.06077830542958693,0.04551552537391522,0.03854450483516415,0.023185963718561343,0.021053370983442492,0.020174325335612416,0.01951450919609263,0.017827150768167634,0.015574073160120836
2016-08-31,0.4695704699442224,0.06114854139031089,0.04543924098098069,0.0385937761383287,0.02319104779175788,0.021219878978014223,0.020171360895580998,0.019460933773222267,0.017772849391906854,0.01564511647028472
2016-09-01,0.4597207283705922,0.06238983165993285,0.04630749762012944,0.03923872336484948,0.023598326788277214,0.021677972639477603,0.020473513838727763,0.019745025280295883,0.018109991045440234,0.015925621707517726
2016-09-02,0.45557846190800455,0.06254311428828371,0.046564951891272,0.03935833845957775,0.023683667665900503,0.021739858496206924,0.020576338758690266,0.01953465219566474,0.018204091102141818,0.016096790647445725
2016-09-06,0.45595783437437726,0.0625283103222806,0.04650920698840463,0.039325906042308754,0.02369068162660766,0.02167587426013472,0.020533812033206356,0.019434599841223123,0.018158838473465458,0.016163020281394675
2016-09-07,0.45199826589890735,0.06278930401403723,0.04690733262924955,0.03949294204463509,0.024170035876716702,0.021901507051254147,0.020640315271143322,0.019488365809853612,0.01820804719543607,0.0163379834658079
2016-09-08,0.44424821428402766,0.06383204661599669,0.04756677847253544,0.040087510455348946,0.024313927366547045,0.02228030215494819,0.02098579320049833,0.019805369692943827,0.018235639404392958,0.016599649842915558
2016-09-09,0.4411006480093287,0.06401994537589933,0.04784952099991988,0.04061979060563017,0.024401980922732398,0.0223626205045547,0.021163737532954353,0.01991932414316188,0.0181505139314447,0.016728702306526247
2016-09-12,0.44760877432644625,0.06335318165827863,0.047151687456555326,0.04027345027433686,0.02408487896846046,0.02225502685551828,0.020891205341342048,0.019864627254235295,0.01789915170875759,0.016448645958054516
2016-09-13,0.4497578130576498,0.06315271673639387,0.046942322311202545,0.04012999694999684,0.024063505926892235,0.02231713208817329,0.020759573190751425,0.019750937845041575,0.01788092066849488,0.016414304217196574
2016-09-14,0.45164770798111276,0.06318153836635661,0.046713384208092366,0.04002978747841306,0.023958805296273564,0.022288420996290113,0.02069558613084799,0.019836801499339366,0.01782918107277421,0.016375240392221553
2016-09-15,0.44965223130676923,0.06341306757902566,0.046875002728326884,0.04016182120317446,0.02401773516939234,0.02236692292796653,0.020662142738115844,0.019852078027208644,0.017987642388373398,0.01643494378618689
2016-09-16,0.4501605226823888,0.06338108300617425,0.046836401141192564,0.04016908825357859,0.02406953765192138,0.022722821876570393,0.02063019893606096,0.019766139581401,0.01799631476522556,0.016391202022629843
2016-09-19,0.4506445729581321,0.06356517513643414,0.04629946804783287,0.03974419966717041,0.024200552289432204,0.022788104976186524,0.020594423281985404,0.01962420836033732,0.017984275362706557,0.01647789778252591
2016-09-20,0.44923347299535527,0.06336902916067942,0.046425093767686415,0.0401621604887259,0.024303413405156758,0.022782612268333054,0.020643787112406338,0.019823833546132156,0.018074869167943673,0.01642055861232075
2016-09-21,0.4497178541750388,0.06329801631309402,0.046585569092141156,0.03936072761655234,0.024270070490566682,0.02280419285429901,0.02067781277318944,0.01986098752216661,0.018081289148740826,0.016441718281937023
2016-09-22,0.44888388005794116,0.06324139512020185,0.04671599891489397,0.03933603446960257,0.024310058400751594,0.022810593362384696,0.02075654227807241,0.020307120262579092,0.01783430244734746,0.016466263179494494
2016-09-23,0.4494087247642367,0.06313906350004964,0.0467018673951865,0.03919655247880833,0.024265730511922844,0.022819759163898744,0.020738371311049802,0.020283731008879646,0.017811186787903433,0.016465955381216778
2016-09-26,0.449856007358337,0.06278514334742309,0.046692296641477705,0.03918205906132777,0.024223226727853774,0.022664829265306677,0.02071289111037072,0.020279063847665854,0.017782552564620187,0.016500841785547195
2016-09-27,0.4529768638882428,0.06202618738051199,0.04622279362648476,0.03807460282650872,0.02428655914955342,0.022474957242300742,0.020730023040060257,0.020267405655744784,0.01773776379000762,0.016411899171604613
2016-09-28,0.44866338454111776,0.06203770423346718,0.046226277901872496,0.03839510709824959,0.02459411130638761,0.02268920276516366,0.020857057251637664,0.02042179701125709,0.017858747941212845,0.016528108909499933
2016-09-29,0.44865746648722094,0.06196092971420993,0.046452637313676264,0.037999509417848486,0.024939961330499687,0.02256506784510953,0.020725117690069243,0.02044668256782896,0.017798401156405547,0.016191554909991548
2016-09-30,0.4446460246037098,0.06188290014222696,0.04719639389442355,0.03882820764932913,0.02514043794076835,0.022945108977317767,0.020795162782489506,0.020448313330095804,0.01812643257722743,0.01636190774253489
2016-10-03,0.4460015679419982,0.06143488365949276,0.0469283584111584,0.03879180025221873,0.025086131687513506,0.02264324285513624,0.020820197652800132,0.020611468095338134,0.018183294401543412,0.016410793526489248
2016-10-04,0.44425997917800075,0.061736332039368416,0.04721564295271667,0.03891511943451014,0.025280328730343728,0.02263823841786636,0.020945479934053393,0.020680265179553462,0.018296451920843778,0.016481803598948623
2016-10-05,0.44185778891962,0.06193816636287961,0.04746569749041385,0.038923433991695885,0.025341859357155022,0.022803357543002677,0.021043360586437056,0.02085880341731438,0.0183972975164662,0.0165523732688059
2016-10-06,0.44234826273211086,0.06167530853810652,0.047334492590439856,0.0379736759358889,0.02520669906053369,0.022843889304901978,0.021208618719989487,0.020796063453238346,0.018041592391581863,0.016708085357872944
2016-10-07,0.44278192348163364,0.06163807108934789,0.047242092349281554,0.03783802872692534,0.02518725209978543,0.022864898841792682,0.02117526675865241,0.020810978947903746,0.018154918069579782,0.01689895488909837
2016-10-10,0.4417981297596354,0.06105661993092708,0.047321017972617035,0.03815146673476911,0.025234089517707683,0.02284697442168609,0.021350311331817622,0.0208264557113396,0.018103252947687654,0.01684742646247204
2016-10-11,0.441446469070952,0.0609815863323301,0.04712105326388742,0.03791847992768858,0.025403799715267628,0.022847600767643406,0.02135099316380145,0.020886042697228706,0.01810992048676083,0.016809051379301103
2016-10-12,0.44354803249469676,0.06079021866686288,0.046971975262836405,0.03812963720319971,0.025428892770596533,0.022733758308767674,0.021250331709628673,0.021023333831298445,0.018085639640852764,0.01673839968210561
2016-10-13,0.44332489188481244,0.06103116183024614,0.047063483715844276,0.03832578081592327,0.025403926558710987,0.02276228971900418,0.021298750362843687,0.02104022657078603,0.01802116594687482,0.016793014667806968
2016-10-14,0.44433721454989167,0.061155245225885016,0.04695867570077693,0.038381180062674554,0.025525031864603316,0.02219327949974489,0.021082810459852643,0.020822465968710773,0.01807997342047041,0.016889109089856906
2016-10-17,0.4425126415612006,0.06156174292287481,0.04725505071076215,0.03884549898451707,0.02539055860137524,0.022309443306229953,0.02106976716409168,0.020943981687854076,0.01816239384626501,0.016856078421355423
2016-10-18,0.4427687695897472,0.06170694261078987,0.04704396646861427,0.0389099484375111,0.025417767204649146,0.022328302322200275,0.02107646733493672,0.020842817412627765,0.01803946883330963,0.016841542812042958
2016-10-19,0.4425136556598622,0.0617198986587997,0.046765393270206575,0.0387781665097228,0.025482805994080357,0.02219777584951927,0.021083369339799093,0.020794019463929465,0.01819078895637283,0.016661956911234926
2016-10-20,0.4425075462012488,0.06148278059823492,0.04591124244626827,0.03841330086508204,0.025634443904874366,0.022290292029857012,0.02141363168246856,0.02082189923371195,0.018295265121136054,0.016515437526965215
2016-10-21,0.44171976965427273,0.06160588479774888,0.04577179699886094,0.03849895640120361,0.025918261005599994,0.02220326649633897,0.02140473946868823,0.020750264566237946,0.018271318650885972,0.016526350644602318
2016-10-24,0.43916535219384517,0.06150574920045427,0.04609681054428111,0.038121172955588346,0.026288076075374596,0.022447215519897028,0.021362581544029778,0.020878481289090218,0.018442801153630374,0.016554485639704023
2016-10-25,0.43993011718283154,0.061083999165772555,0.04638485545845736,0.038602912752237414,0.026213719028445857,0.022462718300029536,0.02088659944587966,0.02006227093339216,0.018332015807884183,0.016621349541910302
2016-10-26,0.43969481549961215,0.061106855715869164,0.04574054963766965,0.0383387366655983,0.02625137807169514,0.022563680082230097,0.02087534219146454,0.02012300380573862,0.01856564039455066,0.016674655017274623
2016-10-27,0.4403701494678307,0.06112144897332999,0.04576239549386758,0.03685213881943997,0.026225633469532834,0.02266245720230271,0.020899235032057206,0.020019225342015647,0.01861634549702274,0.01667068807275135
2016-10-28,0.4393235069652024,0.0607861943304866,0.04576171579266173,0.03734323980768608,0.026298006553250708,0.022705170322920014,0.020900329709027,0.02023138713236153,0.018643721897474454,0.016701181409334333
2016-10-31,0.4385926189273092,0.06090454360180332,0.045543329098389256,0.03866126499176887,0.025705395486953775,0.022954798281978675,0.02066996611380926,0.020199078507282392,0.01861242303067575,0.016350194327524256
2016-11-01,0.43850120398355563,0.061091180065883606,0.045459009368040044,0.03895180233178082,0.025770122674269043,0.02285338757624406,0.02091560100576468,0.02015237724884221,0.018545680777969274,0.01658743970690238
2016-11-02,0.43898157709763946,0.06086828753740288,0.045523457017997974,0.039069759572726244,0.025932620758692036,0.022780854285076164,0.02090210371976962,0.020129812619137672,0.01857160196872285,0.016621619994675187
2016-11-03,0.4395141262890436,0.06077803257786176,0.045440054306235225,0.03907306517061344,0.025971537810662533,0.022771747660858623,0.020870363897634272,0.02006507102949973,0.018519649652080576,0.01663208927742981
2016-11-04,0.4399210703155165,0.06078414428797992,0.045168335651538175,0.03925174896152506,0.02580406088631421,0.022888070771852214,0.020919137801446143,0.02019612531737016,0.018290272558048912,0.016550496996050663
2016-11-07,0.44056970866200634,0.061045116961518854,0.04459002510717575,0.03950463155777463,0.025749883904317993,0.02280562799358672,0.020896251145210116,0.02035433375159571,0.01828481813658931,0.016540619359815472
2016-11-08,0.4484474008188036,0.059208342046214925,0.04418859455980616,0.03889942222906337,0.02540273811592764,0.02261926512349646,0.02065696420289446,0.020312997106224234,0.01775745969105079,0.01640549431876346
2016-11-09,0.4472764361602004,0.05954840472616621,0.044298445578668744,0.038980395164026974,0.02546531795505541,0.022589612014229845,0.02067938066904347,0.02042370975398019,0.01778920908227011,0.016398729397437715
2016-11-10,0.444169589207691,0.059893929050919066,0.046962966451717776,0.039378544433297205,0.02552662983616788,0.022899710930349676,0.02199257785458068,0.020390435474176242,0.017469600334968367,0.016263102762702607
2016-11-11,0.4387702896399837,0.06236554280693698,0.04903237763094577,0.03914848719619887,0.025779865921107363,0.024717719323526354,0.02185935811657961,0.020268607667770028,0.0176569319956325,0.016120480182914274
2016-11-14,0.43601020099779764,0.06253091841727529,0.04908427921355346,0.03957822603756147,0.02573266465879489,0.025090375332102944,0.021955057978006308,0.020253423365137215,0.01801144667095855,0.01639501495594449
2016-11-15,0.4319902675760163,0.0621223814327848,0.049915437128835734,0.03943656607789133,0.026172821851986133,0.02538267121059135,0.021617267027643633,0.02069255436079365,0.018178524799808218,0.01645521098276398
2016-11-16,0.4285502874499873,0.06238161815761286,0.04982554736917912,0.03965246224435856,0.027003195632719915,0.025611130655976727,0.021801442727443318,0.020683173440839663,0.018250270136341548,0.01666253224359798
2016-11-17,0.42811827161652644,0.062391754766855954,0.05038814648878283,0.0395712682551298,0.026804831233393445,0.025583629258463452,0.021688721916135825,0.020607401678979998,0.018506436502905264,0.0167824832126898
2016-11-18,0.4251495527511011,0.06277535445279049,0.05086064720502731,0.03950417013927874,0.026810173762117678,0.025905973932384387,0.021858093580789707,0.020516893913175436,0.018550390016720552,0.016993709677886024
2016-11-21,0.4258890231278294,0.062452422100840455,0.0508743720204944,0.03983290148088074,0.026830422991984678,0.025955477969717082,0.021879651318475777,0.020533498445424573,0.01859446563203436,0.016917198921889212
2016-11-22,0.42634416076484344,0.06239972270343691,0.050439497078335345,0.03969603282476595,0.026904802375414077,0.025932475962375197,0.021957479605262703,0.020630610713373337,0.01863325182277814,0.017071492554701917
2016-11-23,0.42529456150709777,0.06260547526590231,0.050408610326678864,0.03982815966422384,0.027001492019941457,0.025696063815489164,0.022371338127516266,0.020671858063094364,0.018635597696013362,0.0171202743051992
2016-11-25,0.4249114726446148,0.06258872210911247,0.050647455834060585,0.03953365026963648,0.027037205016566663,0.025729827259776374,0.022357095475187553,0.02086828830670033,0.018615036431490494,0.01727680779461646
2016-11-28,0.4253874516459464,0.06257311034596887,0.050696136044629955,0.039505731202360825,0.02684531230679758,0.025750492161549773,0.02237383564043661,0.020827545709073036,0.01857772931104908,0.01724508949141579
2016-11-29,0.42538743545112373,0.06310556523278532,0.05060666169343146,0.039440275779311605,0.02679311752921281,0.025718183850103313,0.022330117161951452,0.020815902047351172,0.018599913681522046,0.01724429225217402
2016-11-30,0.4246762041964771,0.06328312624593671,0.05061132489926564,0.03891642957375098,0.026693917411154854,0.025745068943579696,0.022366757410384686,0.020802333339394168,0.018654631257497473,0.01731395103651881
2016-12-01,0.42359759963673266,0.0642882883945635,0.05079816922236896,0.03912556648248043,0.026678500529522822,0.025808130969092992,0.02234008033004065,0.020844427486829013,0.01858291363984281,0.01744349236245024
2016-12-02,0.4220862251929913,0.06438739907793165,0.05145528837994103,0.039051918395226586,0.028898270820855377,0.025506608515840308,0.022284724729931808,0.020717827578018124,0.01847774588361389,0.01735435207379319
2016-12-05,0.4209803821463704,0.06432525482005244,0.05157209635868201,0.03927565429363989,0.029391583632710182,0.025528966699264296,0.021812741482984347,0.02076849475811177,0.01864711893258937,0.017426207410727354
2016-12-06,0.4143643691637767,0.06514460054021824,0.05256820775554853,0.03921880629560218,0.029703286716724557,0.025902482456911034,0.02203674521660769,0.02093814434552093,0.018665761586854155,0.017549862913782518
2016-12-07,0.41412003494264504,0.06504304566481794,0.05283896134612614,0.03923992675659195,0.029811636640451767,0.025786813667095156,0.02194210025438963,0.020925002445917672,0.01867992105184711,0.01741530568656011
2016-12-08,0.41515741240324733,0.06571765908177736,0.051817982896402104,0.03979138184598827,0.030202685120921554,0.025911054464821098,0.02182961448768879,0.02078888994026409,0.018544514458913138,0.017364004965129992
2016-12-09,0.4137438939280557,0.06592022415112665,0.05183421738876282,0.03944725954914048,0.030383293354064998,0.025805706480145678,0.021947509357780833,0.020822906461782947,0.018482928236745737,0.017396235333699158
2016-12-12,0.4139890737075973,0.06555664945701127,0.05176565543514543,0.03960810016012514,0.030324933041597675,0.025782236418658618,0.021774402766231514,0.020885574736160706,0.018447709562503863,0.017330202527814705
2016-12-13,0.4096674714090193,0.06603842779718032,0.05264877312581315,0.04004505378251392,0.030476859723504286,0.025711723346031324,0.021928541545816384,0.021008752182043917,0.018542676968994615,0.017700019790672324
2016-12-14,0.4101165957719721,0.06600704720063783,0.05280962391917508,0.039979207130389154,0.030530727717699525,0.025090950349503365,0.021925963040185535,0.020937123174185827,0.018476734307246032,0.017696328463101593
2016-12-15,0.4096322393567408,0.0662870653274147,0.0529086613372033,0.04021914418084759,0.03037227632269201,0.025037318719352577,0.021965790436359812,0.02089892528997994,0.018498296746134905,0.017402027534616633
2016-12-16,0.4062984474874098,0.06664760830345058,0.053328865956524384,0.04029358904703777,0.030389693412674747,0.02516083235233531,0.02189149463181948,0.021191232505214118,0.018405917693101254,0.017494472701213286
2016-12-19,0.40276635833330293,0.06705551022767312,0.05334937125659645,0.040774083072318,0.03038649390679462,0.025334789839086096,0.022034793565579962,0.02124368013721579,0.018786513328432192,0.017664723196374837
2016-12-20,0.39721971377314286,0.06801799387572441,0.05355612336695987,0.041223987249031604,0.030577761261235285,0.025425952240347764,0.022476133760325926,0.021234975591293035,0.019110477077506384,0.017706622418741564
2016-12-21,0.3968773865657688,0.06812468756159862,0.05363011555257247,0.04138217944752724,0.030701547370371812,0.02519569910412573,0.022478648737321034,0.021255873377941353,0.019119448001294673,0.017733179630328874
2016-12-22,0.39604494915924177,0.06822776453803953,0.053543645975229634,0.041429675745812855,0.03069505138474026,0.025228420680939383,0.02248594884856439,0.02131484940193139,0.01908340713137167,0.01781154767518571
2016-12-23,0.3956056418364671,0.06842170915259406,0.05324969231454572,0.04162362422646385,0.030726973849651916,0.02537516682745962,0.022579358018574112,0.0213212086552292,0.01909317102366373,0.017766088752756752
2016-12-27,0.39548093215854135,0.0684462480753144,0.053249395093589946,0.04171934942715597,0.030775280041752954,0.025401943461126456,0.02256617755876702,0.02130709271138341,0.019108454118928492,0.017767243155571613
2016-12-28,0.39557800706634033,0.06845565100548065,0.05308382724068038,0.041714460421249634,0.030782763238089678,0.025427398529039656,0.022619737099958445,0.021339476077721884,0.01910883906208158,0.017763792460216664
2016-12-29,0.3947850866636363,0.06853633855487697,0.053051296179456225,0.0416831021328269,0.03082702323679348,0.025560288739409714,0.02263134145493104,0.02138946329041733,0.0191369645170754,0.017746129334768653
2016-12-30,0.3942908034841912,0.06860962763411634,0.05310666401362242,0.04167840002768175,0.0309329370686243,0.025648760548899214,0.02270892903540872,0.021373937715458848,0.019128956099752098,0.017778104971841027
2017-01-03,0.3930096077460339,0.06874596729605156,0.053233704606110946,0.04173921836158869,0.030999602815385545,0.025650860324043234,0.022823602840696396,0.021345265611462296,0.019190781038391776,0.01781369911984819
2017-01-04,0.38940775742485284,0.06925370752571547,0.05352120309063339,0.04186686314969704,0.030987077222763316,0.02573963340328853,0.023014335765718315,0.02150692522683771,0.019439776742244952,0.017920367685587833
2017-01-05,0.39000034564989966,0.0691099725945478,0.05347791160923252,0.041652261242045116,0.030885231129133897,0.025719367072738183,0.022911971039515016,0.021685498482591336,0.019432408072890678,0.017984034419251855
2017-01-06,0.3880134605564189,0.06918307879263845,0.053585389605570195,0.04223872866478286,0.030969364607542068,0.025898404957744096,0.022910498842527632,0.02175334979167358,0.019525239267373602,0.018037864061964948
2017-01-09,0.3805293847890331,0.06990340241424556,0.054749694977148315,0.042716725352242926,0.031634077740811714,0.02629674789450681,0.023294876373468807,0.021449776737579165,0.0196884412309494,0.018029133209530552
2017-01-10,0.37848662321113163,0.07030568862001708,0.0550077565333554,0.0431052525462389,0.0318076407709973,0.026403984753657572,0.023486538930336042,0.02149605503034193,0.019678169654383834,0.018088962774391138
2017-01-11,0.37879907978887695,0.07008370638952104,0.05494406865831548,0.04300156318274462,0.0318161305630926,0.026267187940014553,0.023550393349028947,0.021396785399095557,0.019697208119872845,0.018101053225324834
2017-01-12,0.3770881347017788,0.07000833856655449,0.05501224636502698,0.04334292394502558,0.03183958448062192,0.02634223774883277,0.023559299320530278,0.021437708240715187,0.01976243482796768,0.018048677731970417
2017-01-13,0.3678178918654561,0.07073551246775042,0.05598608808925478,0.044167193019129344,0.0319083530342304,0.026879204758822457,0.02354613367826989,0.021874911919894748,0.02023465986179172,0.018376254436745697
2017-01-17,0.36558188520296264,0.07083664342036795,0.055994215218675765,0.04458485894783022,0.03202674257200574,0.02604188443828948,0.02357492625161432,0.022005179378853306,0.02025820743739382,0.01850388035460195
2017-01-18,0.357572807505001,0.07287309989674838,0.056748770007076794,0.04475173764509957,0.03223488144627846,0.026455058642637398,0.023652038812183973,0.022142796745259426,0.020635607327546553,0.018737589896509685
2017-01-19,0.3585244289121968,0.07226703121480758,0.056933063703038064,0.04469880941340885,0.03232324427435838,0.026146232199513533,0.023706235187405153,0.022101727945385525,0.020522111108913464,0.018856228872054407
2017-01-20,0.35879706925047616,0.07182428471442587,0.05648080546743373,0.04484788880050456,0.03254988482289752,0.026483140061595845,0.02389647413924833,0.021737189844241608,0.020776703388259155,0.018808710511437447
2017-01-23,0.35909348119303336,0.07137552299850079,0.056591537758627936,0.04485202969892198,0.032640352799685045,0.02661904056373419,0.023843513625238087,0.021761718269782744,0.020124286592248845,0.018762600179877603
2017-01-24,0.3540753096115324,0.07176887164315117,0.05785408286949643,0.04514045214616111,0.0326937782133934,0.02663995707863608,0.023909965218759578,0.021844428680498438,0.019961806148378197,0.018920315497002394
2017-01-25,0.35159877280900753,0.07149542793246624,0.058202368275851867,0.04637486011836013,0.032803597779826894,0.026699698529827964,0.02408748956817814,0.021848938108107136,0.019932394221873637,0.018847974932841394
2017-01-26,0.35128894219828377,0.0718397442856745,0.05720418655360279,0.04637915679908712,0.032700696245755514,0.02652736825606616,0.02403582527239047,0.022015785903095598,0.01997417738383669,0.018916903651189337
2017-01-27,0.34997794718474884,0.07177371578633616,0.05696759642934058,0.0465672556424915,0.03296472122000947,0.026445963517793145,0.02407514266013639,0.022157476736025,0.020052594831128954,0.019105820343778758
2017-01-30,0.35338849594675303,0.06932229828044355,0.057463633187123005,0.046376277962825986,0.03286114481410128,0.025152816038649273,0.023427013028095908,0.022271960373711274,0.020118588246216988,0.01919600041987656
2017-01-31,0.34478038470956135,0.07048237738539734,0.05839723329667271,0.04712525098081452,0.0334260038378467,0.025503524403724755,0.0235270651140516,0.022141402912701977,0.020769035092704728,0.01951455126118327
2017-02-01,0.3422740950460195,0.07034529414346377,0.05813937320242503,0.0492292105209893,0.033076485110632416,0.025419007957225355,0.023493698135722354,0.02206713375279125,0.020636678456713735,0.01949469123713004
2017-02-02,0.33412945441150477,0.07101449065828547,0.05921603314753393,0.049855291729809535,0.03313651571431176,0.025835583110472148,0.023852497421588126,0.022109276836822067,0.020801597345691158,0.01936117917854592
2017-02-03,0.3361998542208599,0.07137995273969845,0.05745715237526624,0.050102836850958316,0.032312764831182644,0.025989616581393992,0.023831134495755475,0.022451644952947256,0.020885838828416905,0.01943146143908587
2017-02-06,0.33786820704200266,0.07040031503999408,0.05761569528889092,0.048499533062949886,0.03153265548965905,0.02616736156404233,0.023821121093213698,0.022654088366444426,0.021043998150157187,0.01950586268978632
2017-02-07,0.3323394017222873,0.07016408281365376,0.05505492159067758,0.04922645331203806,0.03238965499485024,0.026386691522485038,0.024410887331709496,0.02329771163799789,0.021300661812142085,0.019002965347365588
2017-02-08,0.3346953426929422,0.070177856151749,0.05132820617196697,0.04968152769832445,0.031369224129719556,0.02699717347776074,0.02453057065458696,0.022191233429902295,0.021151719275938338,0.01925095987316854
2017-02-09,0.3360533415370847,0.07060374027327875,0.05154202742348173,0.0498782438829106,0.030893836717644875,0.027120099360282084,0.02420118832977583,0.02235641300313338,0.02121636464411254,0.018915006648758746
2017-02-10,0.33766142485360057,0.0706140224951278,0.05117793719296788,0.04933568921119782,0.03124667036288885,0.026269769770915545,0.023966658225602747,0.02279729306274352,0.021343523762360483,0.019046841728692615
2017-02-13,0.33799426793447035,0.07118414255631136,0.05084913691574301,0.04951956191502058,0.03127340068279146,0.026432649866449626,0.02377270409161205,0.022299800919544012,0.021527608601373472,0.01907952312896508
2017-02-14,0.3342856251894252,0.07207375905117343,0.05098398617692184,0.04906575853787341,0.03156462868488228,0.0266200595131928,0.02388596225817925,0.022215018196171298,0.021626167035673206,0.019176319129217738
2017-02-15,0.3308126329952216,0.07230071313129256,0.05144970091747892,0.04936260047745915,0.032023474354963964,0.026594514474545878,0.024110987734417038,0.022263219405823025,0.021589248787483167,0.01912324641186982
2017-02-16,0.32655166323311074,0.07237437438850365,0.05190566006624621,0.049562928896455645,0.03224536480745045,0.026965799246594667,0.024271018668914946,0.02212619136890858,0.02147350391824478,0.019245964116973706
2017-02-17,0.3261938130654276,0.07263904554899302,0.05227837789949455,0.049832014439219426,0.031859503530778,0.02736080936359775,0.023737555909255897,0.022529722039793792,0.021079885693064872,0.019353535503792752
2017-02-21,0.32617005565139073,0.0726938254430602,0.05225860562825166,0.0498993978681219,0.031683751359410775,0.02738648469136051,0.024057006634015943,0.022487896451718538,0.021049562507791355,0.01933621121974778
2017-02-22,0.32488003232370455,0.07300785441412158,0.05234184127076804,0.05041995737659881,0.031851377891425135,0.027674503894443397,0.02424112174234729,0.02231655081079921,0.021116119680744283,0.01932804850278984
2017-02-23,0.3223272124423791,0.07325510270961051,0.05230413915331901,0.05101043111331231,0.0316920827502675,0.027677713673634346,0.024282542694518867,0.022305826756911156,0.021153501830716615,0.019430941036768092
2017-02-24,0.3216194713628535,0.07316201684833049,0.0533239811158924,0.05090482629990992,0.03187488240618533,0.0278703637891055,0.02426087665481105,0.02248677655416937,0.021210747191057984,0.01941011701109721
2017-02-27,0.31989651002759706,0.07329333624414291,0.0538091790652615,0.05115046465949537,0.03195995785164556,0.02829327543217464,0.023983754888883095,0.022596380904628247,0.021297658482130458,0.019569492890139532
2017-02-28,0.31971242624208046,0.07277297258522554,0.05322532568118796,0.051029608313877435,0.03219151640910102,0.028346981956197028,0.024031543953319474,0.022524553464776047,0.021358894918865338,0.019611964062744038
2017-03-01,0.3180037950461405,0.0727479233129402,0.05345975993353295,0.051297200603403585,0.032338421252794604,0.028259392942550483,0.02415630003857068,0.022514135318630002,0.02145004319556014,0.01966216037394197
2017-03-02,0.31086479021942365,0.073611397889963,0.05430595648749548,0.05191067331342758,0.032618082282898704,0.028499883349202056,0.024554432183679715,0.022425162141454846,0.02161082030076237,0.01989340741131961
2017-03-03,0.3113998702259302,0.0737321702027903,0.05437565544933659,0.05180388607737518,0.03252059625178934,0.028520136876606834,0.024537385402032364,0.022479484138935954,0.021371881149428645,0.019914030636901756
2017-03-06,0.31183876303722197,0.07392941405136084,0.05430013019236927,0.05168585299488514,0.03258753145272241,0.028467990808231345,0.024514933068622746,0.022373178093160768,0.02151133710122953,0.020017816563579472
2017-03-07,0.3126460602992551,0.07395334427442855,0.05444484633703505,0.05177509654267762,0.0323978325382072,0.02839344641354994,0.024492244787910747,0.022478037103137907,0.021522834706339092,0.020039794237122096
2017-03-08,0.3143611218642313,0.07356769494085898,0.05451559438913708,0.05092827588571539,0.03182865533526012,0.02825329788433502,0.024594602962803667,0.02211993980874634,0.02142909561937191,0.01994701785234412
2017-03-09,0.31420012119373236,0.07250807839544329,0.0546836530431393,0.051532600370209666,0.03143069870965863,0.028390274923716454,0.024828950541399167,0.022223702259764985,0.021558687216560225,0.019928982276565876
2017-03-10,0.31498465635428524,0.07253077827394284,0.054990523861228956,0.05186029912394314,0.0315256087547079,0.028506470702851006,0.024536620238645473,0.022319268452394153,0.021576669513726898,0.01996595400878193
2017-03-13,0.31570326245334135,0.07247631331476485,0.05498265198866691,0.05189412865535573,0.03153304649102235,0.028570514796618218,0.024531852553677437,0.022317613740635255,0.021640245115405955,0.01995415989939881
2017-03-14,0.31259716331369447,0.07248740029200895,0.055392706086793315,0.05212410847162586,0.03160174040960663,0.02863605338209749,0.02468600934859272,0.022442487167283927,0.021539205918872276,0.020002221737786936
2017-03-15,0.31277461606617507,0.07249114711153826,0.0553621801807809,0.05205205383189063,0.03175581171165109,0.028353843530158435,0.024673197017360923,0.022407107933116618,0.02167684373684872,0.0200826695091606
2017-03-16,0.31410351575282797,0.07188371900297984,0.05536439299268841,0.05218139048306171,0.03164283695870439,0.028334119009637518,0.024604360786823296,0.02244741704108986,0.021650004697471817,0.02005766899637002
2017-03-17,0.3135090976045823,0.07189177198132805,0.055781223965385894,0.05216740801551627,0.03169770460682892,0.028376533164655656,0.02462080792889061,0.022197821571896148,0.02172889115393661,0.020120331043968355
2017-03-20,0.31334557993476053,0.07201898045557288,0.05544525227513414,0.05116227035187189,0.03183182541606124,0.028453157309286235,0.02457785112861331,0.0223145107989024,0.021820212640153585,0.02009915406929155
2017-03-21,0.31386923828852864,0.0713537269652495,0.05576432150744119,0.051400430264693014,0.031768245637475725,0.028520121477682507,0.02465250453332667,0.022436529427594713,0.022019483680119533,0.01967752172441521
2017-03-22,0.3155490898876328,0.07161101513100251,0.05607625022428987,0.05134873989019987,0.031633512571829496,0.02840557991283281,0.024602327146987336,0.022351904151015196,0.021919827081459026,0.019680127461048105
2017-03-23,0.3155774625748484,0.07158665292575088,0.05602867764829345,0.05100722050534348,0.03148829563445862,0.02850357910718637,0.024573973806515013,0.02235936492551496,0.021912734437109296,0.019782723406227633
2017-03-24,0.3154279037426372,0.07146504412234389,0.056104084724286275,0.05110271758849138,0.03168000382045307,0.028823643683477153,0.024636887793488327,0.02238394737466153,0.021515402835020753,0.019773396160533998
2017-03-27,0.3159918005163565,0.07130649318888165,0.05618865147218811,0.05120987359343402,0.03169139405134229,0.028931553949357015,0.024724607012186782,0.0220745294160072,0.021430904742256403,0.019896828765316017
2017-03-28,0.31603223002424646,0.07127665318203287,0.056202619527281616,0.051378432042543526,0.03150711516964698,0.028950889313054264,0.02471858066274361,0.022104522518408623,0.02139243285398682,0.019883537198170355
2017-03-29,0.3148313120320362,0.07130134424823678,0.0563642706565211,0.05143301785765668,0.03155297545275055,0.029033313301272453,0.02478643798905806,0.022113550246972154,0.021443633749466503,0.019945905265624876
2017-03-30,0.3145789349043996,0.07148450090270522,0.05629228819091064,0.05146518759409379,0.03150605058847658,0.029166743351556317,0.02482990308341888,0.021922984612339623,0.021368139483205182,0.020058401161591532
2017-03-31,0.31441852905386064,0.07151926057508591,0.05630815816280664,0.0515967669376493,0.03138434832190885,0.029182023691146513,0.024899031436396827,0.021889328208316426,0.021357134551293358,0.020014627037793668
2017-04-03,0.3135780007444371,0.07171702566173428,0.05650881924917879,0.0511501516044251,0.03133965670241846,0.029229824040745617,0.02493843137193816,0.021940115368131542,0.021423054211228965,0.02005801148536301
2017-04-04,0.31384497453833876,0.07180693663232197,0.05635488028657537,0.051384193600263146,0.03138596209734666,0.02951327444841685,0.02520273429652263,0.021960157228198645,0.021500615452953505,0.01998045923636376
2017-04-05,0.31214847078077984,0.07209786054757518,0.05641186467952866,0.05141836392058707,0.03158170888807659,0.02951794485715275,0.02533864563860201,0.022103573217356978,0.021281705684218017,0.019967703483976057
2017-04-06,0.3099086014947129,0.0723748216804267,0.05646105271483173,0.05152017178452497,0.03176507504469998,0.029665516425835092,0.025367915265536885,0.02211074649053772,0.021396868202179453,0.020006649942655642
2017-04-07,0.30696786686272054,0.07289827268648973,0.05673696347427878,0.05183120042926187,0.03196222358238423,0.029734821056054423,0.025344257457834373,0.022279684948327518,0.02155777378312428,0.020107209959717987
2017-04-10,0.3071697115283027,0.07296481960065365,0.05682760036006223,0.05140767145622612,0.031697724695571784,0.02964870526485821,0.025347598892143015,0.022274474152985356,0.021662523107576603,0.02016133198905559
2017-04-11,0.30681914177751834,0.07284049833233197,0.0567839877671952,0.05148582340505559,0.03174551750386503,0.02954851888276467,0.025341668970528163,0.022268434785454847,0.021716699783275832,0.020178654902280633
2017-04-12,0.3055377633892035,0.07306306123419044,0.05675156821574321,0.051600708175638,0.03196669454928491,0.029516597318481663,0.02543524540623576,0.022322637959446195,0.021747751454826398,0.02014908924971626
2017-04-13,0.3041904916598375,0.07231924398582774,0.05701793378970989,0.051787277400979326,0.03200555470939157,0.02968253493643555,0.025495167429513327,0.022356263594868437,0.021765875114300445,0.020360332018714643
2017-04-17,0.3049764918421352,0.07206792079775115,0.057027931363011965,0.051765894141766834,0.03186459353341571,0.02953919486805057,0.025491590090931566,0.02240542542321347,0.021701772505260772,0.02032201590229509
2017-04-18,0.306231351413474,0.07146436188381894,0.05684609314719558,0.05163621822361839,0.03176034930715866,0.029374555711204828,0.025406079063011986,0.022379431302606095,0.021848181672283862,0.02037934829729109
2017-04-19,0.30496947563762117,0.07186521042158592,0.056491550983038985,0.051928212216812646,0.0321338563680038,0.029315752745518214,0.02536972149516847,0.022456984898336335,0.022070610210148445,0.020368732296173836
2017-04-20,0.3058098819151339,0.07183714557212623,0.05607405493275471,0.05152140902336426,0.03214492598195889,0.029354805152937497,0.025491843764658843,0.022498048651114815,0.022044250351689675,0.020326764386182153
2017-04-21,0.30635623366180315,0.07073329038376432,0.05629439146154877,0.051507638890692944,0.03214035113116199,0.029285928657200016,0.025568582378290003,0.022556432541056316,0.022024869826702133,0.020333413168677806
2017-04-24,0.30629364402251513,0.0698668042061896,0.05650540867860562,0.051133533300899724,0.03222909286411616,0.02928681683476363,0.025547208123851108,0.02274030084323832,0.02217441727449482,0.020307169422818093
2017-04-25,0.3103800826643781,0.06977129156806103,0.055992625094113894,0.04964431725810717,0.03237015291116741,0.029053606455267424,0.025559448273831928,0.02260111209349424,0.022171594338399325,0.019808084874560483
2017-04-26,0.3108022304656416,0.06929820665386649,0.05585813739461394,0.04963574229516285,0.03230155501393603,0.02913760890585211,0.02562763992015911,0.022523813641821218,0.022133866034151482,0.019702203665367835
2017-04-27,0.310449316230502,0.06928409512522621,0.05555590824359102,0.04927385926644439,0.03246967263994466,0.029086689445094144,0.025605610850501965,0.022503608016671794,0.022235844302811936,0.01963209143951378
2017-04-28,0.31086487412536096,0.06931528506813565,0.05554356087008287,0.04878595351630449,0.032586694783673494,0.02904071829967466,0.02541153057447498,0.022446665297069582,0.02219438028274528,0.019824484629090033
2017-05-01,0.308936390554526,0.06952021561729686,0.05549436043263366,0.04935018296219791,0.03278476213116271,0.029188688794976658,0.025471903843597887,0.022552869336633672,0.02209118689482925,0.019891009849349182
2017-05-02,0.3096501798593763,0.06907431020448762,0.05580619118836397,0.05004200410283305,0.032653554884203635,0.027847451526922265,0.025931208990392238,0.022391147767587688,0.02214278196125939,0.020013429619833437
2017-05-03,0.3082806450919916,0.06915927507344716,0.0558872502404278,0.050176220316487566,0.03279692908898597,0.02768801481219061,0.026005752828653323,0.022462847686376127,0.02217749649708658,0.020042096772324203
2017-05-04,0.3061016836625823,0.06922661799521587,0.05578306021845084,0.050399280194762905,0.03328037975070041,0.0278332218037655,0.025977925224616828,0.02258207425933352,0.021817199496340832,0.020143998065927416
2017-05-05,0.3053068154658959,0.06863921020953771,0.05640661965148181,0.05038822668474847,0.03324446151267559,0.02794268427312976,0.02625287161137725,0.022536195443991484,0.022005530068421666,0.020149712094673318
2017-05-08,0.3055484030384278,0.06863036133606266,0.05639462539354593,0.050457119132828646,0.033196159382999156,0.0278634238053125,0.026256300854138912,0.022497715783535863,0.021934339313511568,0.020145011988071206
2017-05-09,0.3052190171821803,0.06857410167553535,0.05635385980368852,0.0504343056296467,0.03323276149833644,0.028090102417061717,0.02633995813961272,0.02255015855251891,0.021975552108332855,0.020337475921116156
2017-05-10,0.3052876429571953,0.06857621708603381,0.05597915201155338,0.05061609399185947,0.033565013808293166,0.02805362450549907,0.026319548413624907,0.022468805650443402,0.022071398132486608,0.020337399627426714
2017-05-11,0.30175875080082504,0.06886811371192429,0.05613052104732546,0.050709662567161515,0.0337213660323719,0.028153358981375307,0.026614558603767803,0.022522133528802314,0.02215723266635793,0.020395290277884393
2017-05-12,0.30011442271142824,0.06901555207141867,0.056288436439287146,0.05046628625626166,0.03257918966545048,0.02808188510706748,0.026917758880604745,0.022595103287158982,0.02236339667068837,0.020491246498960204
2017-05-15,0.30033108037604145,0.06895092964049089,0.056243100597832045,0.0505535961938179,0.032626024566756784,0.02788735542649374,0.026751972861777686,0.022608248993993656,0.02238134409456314,0.020528948256173858
2017-05-16,0.299176100278131,0.06935014711498755,0.05598518288590313,0.0495248572112013,0.03282497382744226,0.028224295696372338,0.02674055177634958,0.022688342367626783,0.02244210695701834,0.0205287879021496
2017-05-17,0.29690337323930693,0.06951166168704627,0.05616224203571732,0.04980191519786024,0.033186790474441875,0.02829237941153553,0.02672878624527555,0.02277228665249218,0.022319427985025776,0.020608057239618158
2017-05-18,0.2996886373520151,0.06970606509928516,0.056368629557111936,0.049574394205304455,0.03283361641746865,0.028073528700024667,0.026638763402095963,0.02277753341455195,0.022432109876785605,0.020583582597904392
2017-05-19,0.29941384749595457,0.06916434947745811,0.05575740846896258,0.048939705159398175,0.03250692283866893,0.029069509903801524,0.02698866258720473,0.022780411655303708,0.022358681392952173,0.02060505583114904
2017-05-22,0.30022097649709856,0.0689617181034391,0.055988229368320076,0.04907383312045385,0.03260656358735306,0.029159661143083694,0.0271232539594196,0.02267435162261752,0.0217670809597873,0.02036254885402421
2017-05-23,0.30047028078882215,0.06896153762348727,0.05600962549127706,0.04882227650597494,0.03261615284083942,0.02925238049524351,0.026653413214574324,0.02260823260466762,0.021927848793946655,0.020440831956391584
2017-05-24,0.3001402256512546,0.06902266432061469,0.056175359964263316,0.04889838988772473,0.03262877304569679,0.029235857786720398,0.02662696348622988,0.02255928739095217,0.02193193426958395,0.020426091746234974
2017-05-25,0.29611508991567026,0.0695845738089134,0.05649792546042566,0.049017593982533254,0.032724229869985764,0.029413532110479916,0.02685375192091038,0.022837174605505422,0.02199444412173853,0.02051141980008795
2017-05-26,0.29642952343990725,0.06958413357157159,0.05659222292494096,0.048970668797713286,0.03276431723630554,0.02935313191595055,0.026745980783841078,0.022825799475204793,0.021955895653651733,0.020342910383917556
2017-05-30,0.2964527209350697,0.06954294055668156,0.05654709664161484,0.04904785726205788,0.032728076374911194,0.029331479108578508,0.02675613297814317,0.022943334183347368,0.021999983081900203,0.02040423360394991
2017-05-31,0.2961404583424003,0.06962323113252183,0.0565334923571785,0.049054454301741365,0.032828935203491665,0.02932032666102158,0.02673934939023776,0.023005089403902494,0.02203286294250029,0.020453503850036414
2017-06-01,0.29598691491742934,0.06949827122044788,0.056878919657934186,0.048976817693471834,0.032996344436804485,0.02930257427670074,0.026446818100905184,0.023010555429466735,0.02207489649311972,0.020507621410248842
2017-06-02,0.29620040560065314,0.06961859701082207,0.05698703610661648,0.04907593355454445,0.03304539698289501,0.029221142800934095,0.026369158855744052,0.022971688455714127,0.022173898580986028,0.020476017903744835
2017-06-05,0.29680563431616996,0.06959956419957673,0.05645577325947023,0.04960223896033285,0.032988096145252686,0.029313122569427388,0.02622496760880256,0.022956993941567642,0.022185113664819782,0.020443765994468698
2017-06-06,0.2973899291514869,0.06961552906968292,0.056420649979342596,0.04942872782004463,0.03300438459380023,0.029267172845564876,0.026103301806899067,0.02297457149053433,0.022176278624768928,0.020579654325584232
2017-06-07,0.29789060919318316,0.0697874334709246,0.056546787919284434,0.0493699638430341,0.03329986561573599,0.029383943337353162,0.026126491105607677,0.022977784133179014,0.022144099351301585,0.020578299315109117
2017-06-08,0.29804609257674647,0.0698538403648236,0.05650803838119921,0.04950371494372259,0.033532281601828966,0.029470417956478027,0.026149803616004,0.022416179073793917,0.02215704169804975,0.0206093169071086
2017-06-09,0.29753184097227725,0.06985813244563144,0.05683855473887672,0.04971637414573694,0.033585481382141825,0.029378978791083712,0.026249859995068327,0.022671021131627663,0.02207981635053021,0.020608025878148535
2017-06-12,0.29535827031009054,0.07289680898348701,0.058937456920150545,0.05103888427890063,0.033346627692960644,0.02917574276501476,0.0263142854732974,0.022632109461527657,0.022116346940077077,0.02051820342329397
2017-06-13,0.2937074298523299,0.07330507943628026,0.058751876942192985,0.051142488988694744,0.03326062999667923,0.029116499654779086,0.026331331820952104,0.02325267253561749,0.02205938561714187,0.02045531699612531
2017-06-14,0.2929602339399279,0.07347412171716129,0.0591316363144072,0.05118271347705154,0.03331470747932407,0.029148713606886922,0.02643136548282533,0.023159028884039822,0.022009633806622277,0.020431299414852964
2017-06-15,0.29302333301283384,0.07342265392238845,0.059419162851519755,0.05113880923338922,0.033671703370296666,0.029164183997171057,0.026452518386344503,0.023160243278740777,0.02204647662365645,0.02039049153499051
2017-06-16,0.29268709618045147,0.07340515498399232,0.05942400884578535,0.05120327073371986,0.03366054228470782,0.029168143899031287,0.02642927450280053,0.023136206167506064,0.02212359017583883,0.02041006328760335
2017-06-19,0.291904869259825,0.07342347026639638,0.05911071565795701,0.05098304452633053,0.035286967106272306,0.029123422982559346,0.026249640858981838,0.02348907542596905,0.022368744961546966,0.02046564093969892
2017-06-20,0.2931852597454252,0.07350497915699561,0.05934669837896291,0.05039301836870031,0.035191389716407506,0.028679626354862157,0.026218678353868048,0.023561664147367767,0.022292916731035128,0.020436735147980445
2017-06-21,0.29294603470993386,0.07339155574732714,0.05971801425866047,0.05071518037347287,0.03512303656643043,0.028611217248361093,0.026157170717486813,0.02356344325855925,0.022345518259236447,0.020414159977738898
2017-06-22,0.29248069843463004,0.07312544634330208,0.059683008286583634,0.051545036711133634,0.035206592870670864,0.02856431403622669,0.026088214844066326,0.02348346672209945,0.022406102186501714,0.02038009610782758
2017-06-23,0.29238836632971416,0.0730122972202674,0.05938953105289297,0.05213667648384114,0.03552557663251034,0.028457616212587043,0.02572653817477747,0.023755863842761384,0.022326060574749434,0.020546857220283026
2017-06-26,0.2890610772864196,0.07357413819781898,0.059538850254498225,0.052367539855831834,0.03585924238471007,0.028576364590146144,0.025829628572880334,0.02383133809953857,0.022275836336521623,0.02056554693903437
2017-06-27,0.2620583633528855,0.07692292650500264,0.06164705463873549,0.05430452103872491,0.03681523628698501,0.02925667108199915,0.02711959225119427,0.024249105533408474,0.02309075588810882,0.021024325727205764
2017-06-28,0.2602132549354408,0.077771696192251,0.06067900587114389,0.05483319639947493,0.03690341499983901,0.029164129267318376,0.0274575626324751,0.024467478220630563,0.023005862815919542,0.020999011018090128
2017-06-29,0.25518866604791834,0.07800858362782555,0.06148090416798351,0.05531524232632526,0.03722184583208603,0.029463334760939222,0.027579509700808955,0.0246577886904986,0.02326388608817061,0.02117340743840673
2017-06-30,0.2532617500558475,0.07846958554209728,0.06162539711806273,0.05560378923298627,0.037410297727540454,0.029457586042660674,0.027665792458360126,0.02433273473755387,0.022971462476856056,0.02132592444987091
2017-07-03,0.2534937133757268,0.0791864958136142,0.06127103112508937,0.05528415642678382,0.03773443097517221,0.0296299223195179,0.027118632091847204,0.024377324730671047,0.023067280724163617,0.021449571304201935
2017-07-05,0.2532624523773124,0.08012014177057769,0.06136327879367976,0.055528307961711286,0.037711663310144604,0.029522397711802973,0.026812565092528218,0.0243898055116358,0.022958559321999174,0.02152652478228271
2017-07-06,0.25351777598343755,0.08019188818156908,0.059906394900745605,0.05611806505030857,0.03769619981547264,0.02955849430198845,0.027083054596259197,0.0251918286315684,0.023106621804970813,0.021752324606326107
2017-07-07,0.25554675093205415,0.07971852113599612,0.05986494109427337,0.05604147647208936,0.037671302496112134,0.02941904830009853,0.027130455902673333,0.02521264790547524,0.022813529507668864,0.02165624880126432
2017-07-10,0.256954729780288,0.07982358103294958,0.059842676575283825,0.056249272954130715,0.0374483614125906,0.029388778642031512,0.02705537161674535,0.025251311119701983,0.022369277579923914,0.021671069895408686
2017-07-11,0.25130443572061956,0.08050304142995722,0.06054837450263528,0.05682785411386622,0.03765520278229196,0.029469586457649508,0.027381452631386107,0.02528960243008205,0.022567864001616176,0.021838111138029755
2017-07-12,0.25102488157194364,0.08045889993841787,0.06055666081991863,0.056829966000502795,0.0376620923104499,0.029413998427585804,0.027379183587424163,0.025286760988377618,0.022568385487053585,0.021853693940588493
2017-07-13,0.2524982035070731,0.08027319410339771,0.06027327551555105,0.05678027576512437,0.037518911321540345,0.029214750950682333,0.027392806892467664,0.02518948322034586,0.022543667548935647,0.0218008955036169
2017-07-14,0.2525237014118556,0.08044785314091137,0.06017737046078305,0.056447876231976245,0.03751203329813434,0.029199833293295833,0.027279494946042718,0.025280586389504714,0.02253661463369165,0.02181266116076527
2017-07-17,0.25330613176026334,0.08051669891467111,0.060115020690425035,0.056401289563244514,0.037441813554419716,0.02921432835713345,0.027298585469415205,0.025333164864617317,0.02254224487481387,0.021779328097701448
2017-07-18,0.2532322965128358,0.0806679102563761,0.060099203792589026,0.05640700168014619,0.03742815928412053,0.029235985013446177,0.027305840138593256,0.025332824415515286,0.022554461007704724,0.02175931240639918
2017-07-19,0.25324203705233916,0.0808489904948754,0.05991005362927281,0.05637700529755639,0.03741969362271685,0.029188888523656656,0.027289841628431788,0.02538030759985601,0.022534436383361015,0.02171968599821116
2017-07-20,0.25430634282261616,0.08093045934727745,0.06015580615259134,0.056397551344800526,0.037415442009072764,0.029240796505278978,0.02729616957330313,0.02544702452822609,0.022575303234846678,0.02171078544304924
2017-07-21,0.25349796570289873,0.08084054610618344,0.060092333985674706,0.05599215968635768,0.03713470505198884,0.02944357337302993,0.02718821678476837,0.025540893069751474,0.022991115624048652,0.02173392369247348
2017-07-24,0.25345944249851665,0.08099866041950655,0.05963787948966885,0.05598202625566602,0.03721025295124248,0.029680244480527647,0.027551089946772595,0.025470076603929918,0.023157616232326907,0.021402250831317048
2017-07-25,0.25358470084168444,0.08103562510635537,0.05972747289384701,0.05622863018029304,0.037035771672808644,0.029683692707475763,0.027502110552686462,0.02547596775247539,0.0231521143723987,0.021419929585313472
2017-07-26,0.2523313708298158,0.0806687561995615,0.05976552504724353,0.057148928633023004,0.036765763469543807,0.029752541144693688,0.02752598929152523,0.025107025804978263,0.02374067017510584,0.02163860048875156
2017-07-27,0.25317206290855937,0.08149237880045196,0.05936760720153264,0.05674289027439681,0.036800735451104336,0.029495559147864715,0.026975459521526225,0.0249609118235711,0.023598759967182855,0.021271427457436314
2017-07-28,0.25299164703647364,0.08113678847193583,0.06025831054667138,0.05480897903940052,0.03665370603807934,0.03038899146089275,0.02718002046454041,0.024776652009211756,0.02342037112089356,0.021706912337359174
2017-07-31,0.2529318428518837,0.08074426182260586,0.060232508510951605,0.05467481515115956,0.03659491533369728,0.03040053687849736,0.02713253475297623,0.0243350412388478,0.023430505518008758,0.022007097198838046
2017-08-01,0.2529980017276038,0.08129421968457394,0.0597189993460122,0.05520714951889068,0.03668082114162661,0.030272458092883613,0.027134710640662862,0.024430468552780353,0.023305368048674134,0.021890365552626162
2017-08-02,0.2532600728805013,0.081435134225082,0.05980802129336016,0.05464542572986989,0.0363886048072143,0.03034732774450444,0.026871048270254834,0.024641297805837483,0.023066741897346383,0.02190931407938524
2017-08-03,0.25155026774734485,0.08142045249667218,0.059946600709594115,0.05458299316937559,0.03602054943590321,0.03028807960182219,0.026912471755597227,0.024669967560450926,0.0230871066098596,0.022141383715052223
2017-08-04,0.2514115132703081,0.08142633097736464,0.05950023273776205,0.054425037083486484,0.035936335430820705,0.030305623067638617,0.026960083415578644,0.02465440977174939,0.02302890042439528,0.02243007700627546
2017-08-07,0.25136781448941264,0.08123433555077537,0.05945730895613973,0.05440374062257656,0.03592215957427045,0.030318367305585937,0.026939890553834833,0.024645736152862488,0.023185130393603794,0.02250576858751314
2017-08-08,0.25015592415149207,0.08188646947597884,0.059366676856505714,0.05459323954929696,0.036013286161336026,0.03052511015643557,0.027215305548483972,0.0246960932643291,0.023152065722195032,0.022385430050651738
2017-08-09,0.24997129119489697,0.08193819200549102,0.059374241040671794,0.054614190123629634,0.0358691917560381,0.030719250809324618,0.027152448586600014,0.024758429420331837,0.023136256844785662,0.022471739332869195
2017-08-10,0.24959724729311714,0.08192109669453106,0.05934392960403004,0.054545077207961416,0.03566986114261449,0.030645513408247213,0.02718964400581765,0.024641204545314536,0.0231083973770591,0.022572670461116662
2017-08-11,0.25370264691508926,0.0810959569740862,0.059416837786466135,0.05472545132477225,0.03538049953883688,0.030460650845586856,0.0271097848250914,0.024596790639691037,0.023011809382092484,0.02245865989700409
2017-08-14,0.25313383067283124,0.08090721796911318,0.05941737369467237,0.05484651094615418,0.03550654517206035,0.03048033908353589,0.027118848961027064,0.024649236389963275,0.023005588561168633,0.022491386371288852
2017-08-15,0.2556266817571566,0.0805910201240036,0.05937097238262643,0.05471043948823544,0.035456958007202645,0.030198522006820397,0.02698567255837589,0.02465774330142443,0.022914958677530708,0.022463552527726277
2017-08-16,0.2555010924962155,0.08089186897749422,0.05934684786088064,0.054681856610618564,0.03567358579153593,0.03010368882424307,0.027077254847186438,0.024463421913402356,0.022936860079945273,0.022526464737505823
2017-08-17,0.25471569137370037,0.08087275993084642,0.05928456576546974,0.0546257661477646,0.035886362599176894,0.030677374848329903,0.027124808401237255,0.024610838650798685,0.022916697420605057,0.02244586987339627
2017-08-18,0.26182343389010565,0.08037598569824952,0.05870824280673127,0.05408218796480654,0.03552941506357782,0.030286262207123868,0.026923108826388566,0.02444732901659602,0.022648926987744178,0.022245545313779175
2017-08-21,0.2619938435894406,0.08041875405666166,0.058739852627944115,0.05396817148848018,0.035992486181061795,0.030194343822853176,0.02682267317604841,0.024319157182852828,0.022650748148110772,0.022201236575659793
2017-08-22,0.2620838864985187,0.08052320898526044,0.058721295922594646,0.0538549782720288,0.03603936100118297,0.030064770528465155,0.02681170825033232,0.024324534631878062,0.0227616845452966,0.02221137926023773
2017-08-23,0.2640233643119941,0.08047243984959032,0.058659417929398404,0.05381830072631733,0.03598108307138038,0.029965043364558835,0.02671885609909552,0.02427368671501328,0.022639855982010192,0.022109744085316293
2017-08-24,0.2643859115970375,0.08039042773830085,0.058613369955227625,0.05380164049729674,0.03599567043297689,0.029845919027644045,0.026652510541764304,0.02428777712147821,0.022783010381673734,0.022076236790094104
2017-08-25,0.2636786756507373,0.08039584495548383,0.058569361598906654,0.05340121630978828,0.03633507149857897,0.02985368967070565,0.026625876989487256,0.024303882382247795,0.022867882439081843,0.021995436839948444
2017-08-28,0.26349245187787856,0.08033444869997435,0.05866697169048576,0.05356155745071032,0.036271027226767026,0.02963684007606963,0.026691415192687147,0.024375504672447316,0.02277324223736562,0.021988728711537012
2017-08-29,0.2636205164869564,0.08036126029184375,0.058641547862053216,0.053173219255361226,0.03622781330934583,0.02968792850989526,0.02672228222978584,0.02443287189251825,0.022780584774282686,0.02193329429400878
2017-08-30,0.2630793165781169,0.08031767090864317,0.05864534160278062,0.05303145785671597,0.036087204185444616,0.029682700993738112,0.026678613461798496,0.02441715595279495,0.023017210155429468,0.02211413343504796
2017-08-31,0.2628263028824092,0.08039891677145129,0.0584902635546839,0.05314481449187566,0.03605218072701886,0.02962299184971506,0.02673230767123179,0.02437340152204399,0.022949025084479706,0.02207361937521312
2017-09-01,0.2630906739964648,0.0801207679998289,0.05858298535121577,0.05381905958256391,0.03598549920676741,0.029551107727761695,0.02676639718517717,0.024284986136103363,0.02295465483216722,0.021971673729460236
2017-09-05,0.2634333340403668,0.08007908498327346,0.05861795977188048,0.054075457434551895,0.0363473942812353,0.029834271835979972,0.026887911226868323,0.02429533593091834,0.023014815276391935,0.022195115459257536
2017-09-06,0.26378984061293753,0.0797741510719985,0.05877718932880651,0.05367974229322264,0.03625879287003819,0.029697859824860673,0.026853771326792675,0.024118067707566068,0.022816837030984888,0.022213779852686334
2017-09-07,0.2639929512751931,0.0800947353078646,0.05862472839089815,0.05360119579406572,0.03589784608506631,0.029282505207745405,0.026886653716991896,0.02412008470156079,0.02305015379093394,0.022362210264093713
2017-09-08,0.2628252089826877,0.07950839051426757,0.05889322006326427,0.0540020764714747,0.035961348376305706,0.03094583886600094,0.026476280026833582,0.0240049230288941,0.023088106619594206,0.02238633245880605
2017-09-11,0.2622158502972077,0.07987683309172913,0.058582297499984566,0.05417967417919526,0.03549605322697722,0.031027075831862674,0.026602296796297185,0.024060529645015673,0.023104195414558836,0.022395713511316962
2017-09-12,0.24994325527073397,0.0813958944723422,0.05939363744299649,0.05436616403955825,0.036342262221290604,0.031495211791016324,0.026770184940064303,0.024589046326327572,0.023710679256306655,0.022765506357523838
2017-09-13,0.24425405849421036,0.08232722389282765,0.0592911819097794,0.05442282726766414,0.03657485151715054,0.03178539610548054,0.026963157658942635,0.025303170465677385,0.023912136176608787,0.02297325637928219
2017-09-14,0.2393589791121454,0.08262740268567113,0.05958395650610543,0.05370501399304123,0.03683748002610254,0.03254095245012973,0.02705283643386047,0.025378484020519034,0.024155652258057356,0.02315376071195243
2017-09-15,0.2394701421521279,0.08277632000100991,0.059520051714355336,0.053555090920052416,0.03691668798509116,0.032698607780411705,0.026998457060760282,0.025611708580706365,0.0242030757204752,0.02318195276208128
2017-09-18,0.23595266420947883,0.0828268375310974,0.059897300697807083,0.05374836429039415,0.03689397797454756,0.03263385111263045,0.02698434036752495,0.026456684253802695,0.02419556334601296,0.023233176796535148
2017-09-19,0.23646630206008826,0.08266148249502746,0.059852129788811374,0.05359366965174198,0.03682654695049789,0.032439633093011296,0.02682653237331235,0.026443511453248712,0.024242465831919257,0.023633440723599526
2017-09-20,0.23623981495802193,0.08258120849262274,0.059882267421155724,0.05359939764836161,0.03678994214823727,0.03223208482152484,0.02684084813586454,0.026428000394552936,0.024366636805150835,0.023618009772483264
2017-09-21,0.23512098113142973,0.08340467519150907,0.05970592446733356,0.05361220548008301,0.036868456565121485,0.032163786673787866,0.02674691341423925,0.026399478682495592,0.024233022339921556,0.023586365529773952
2017-09-22,0.23351025510388057,0.08409922104462435,0.05991562692472033,0.05382025190154857,0.03696248919774636,0.032311631579391986,0.026768159990979555,0.02643302860353403,0.02435916275227938,0.023555080422896127
2017-09-25,0.2323232038355085,0.08430657412483784,0.05968773465170623,0.053735970260655845,0.03693638712891404,0.032375276996440064,0.02680533284432673,0.02638717942697606,0.02442811369418761,0.02396195781966676
2017-09-26,0.23128643175086952,0.08437159325742731,0.05986897658363141,0.05495161624049247,0.03684110800593367,0.03221730575897427,0.026789562946589542,0.02641851059689445,0.024501243207909675,0.023886598472056486
2017-09-27,0.22929789970040237,0.08459645652079628,0.06006831191512409,0.05501048874007829,0.03687369368271841,0.03215495219134627,0.026706893232192275,0.026525164540533403,0.024552706462407193,0.023922719299392145
2017-09-28,0.22702783638930138,0.08452748279520338,0.06139020678113397,0.05541331555379921,0.03689103330362583,0.0321760208683636,0.026841663648055923,0.026478333366621587,0.02450695140555345,0.0238538820781539
2017-09-29,0.2271395682169809,0.08456231694190681,0.061362912221300706,0.05567634518790451,0.03595754590069492,0.03215590695289559,0.027035778615105217,0.026508951048396543,0.024064658804840367,0.0237787282080427
2017-10-02,0.2268811890283175,0.08471928373307158,0.060962467737310115,0.05618368098788742,0.035946287719862385,0.032212941608041244,0.02719552440829181,0.026350336261976793,0.024025436626956023,0.02262554884069207
2017-10-03,0.2251936861660303,0.08512008083383282,0.060883192178820586,0.05605941169138827,0.0361937260835528,0.03217134755217425,0.027287781922171444,0.02642093396027531,0.024080805889344803,0.022487417223061846
2017-10-04,0.22502779751066707,0.08517012144438449,0.06093495425246183,0.055771062043624184,0.03617757492188062,0.03235375538224852,0.027103224576866224,0.026434056147128338,0.023998521473964994,0.022458786985013864
2017-10-05,0.22444495530154562,0.08530938595251605,0.06131630174706766,0.05514040511314367,0.036311657170822846,0.032318762780618446,0.027116470066185117,0.026467410448153497,0.023982171734011168,0.022473744124466937
2017-10-06,0.22541734045485323,0.08499786743891892,0.06142916540852219,0.055195156444801885,0.0360828125052214,0.032310142446991603,0.02705268631012654,0.026422636432440985,0.024171733846022156,0.02258536863035241
2017-10-09,0.22571027102594537,0.08510447128211623,0.06142711284607392,0.05554091740739482,0.03596228654362741,0.03230845028452372,0.027039273974282102,0.02621847607471847,0.02413300724842112,0.022391033890082953
2017-10-10,0.22632858100598824,0.08534344305028127,0.06113180491162158,0.055579001314578026,0.035801494410876065,0.032441493288943656,0.026976378294166714,0.026142517467784225,0.023718371111720992,0.02282328323638542
2017-10-11,0.22685233727754373,0.08558445941040148,0.06143569782611064,0.05598592664463787,0.03540548083532634,0.031957103844376035,0.026878556087641507,0.025637109205706207,0.024052860793116585,0.02286514171410492
2017-10-12,0.22193733949819833,0.08588127436873816,0.06108528164152593,0.056232499546146425,0.035586522717767376,0.03221217270371634,0.027211440043885437,0.025689200872463007,0.024166129796154904,0.022907201852276914
2017-10-13,0.22195771766687553,0.0858497404158324,0.06124292700068536,0.05622781310975323,0.03561662459056191,0.03235678857870473,0.027147144067205222,0.025634253134214118,0.024220676029435347,0.022802945519992075
2017-10-16,0.2216923988220292,0.0861637118636509,0.061146001832361,0.0562507597532481,0.035725092181861616,0.03216010161625545,0.027149068022880616,0.025538613908519633,0.024114433503858647,0.02296164836988254
2017-10-17,0.2219905698488565,0.08582965331901958,0.06084111833013118,0.05657251968615834,0.03563237883700751,0.032537950928736334,0.027036522132448098,0.025700835798849166,0.02413135194428029,0.023010218705794026
2017-10-18,0.220904785254547,0.08559494529379473,0.06072042853515564,0.056598373018394134,0.03558391356512117,0.03264578369362813,0.026680854650211746,0.025463663665246702,0.024275403505597586,0.022969641641602326
2017-10-19,0.22053453201317205,0.08581716090023384,0.06109074107443667,0.05672707498942751,0.03553350681803451,0.032661884619132775,0.026540929777458602,0.025685842642963943,0.024432024156202554,0.023040826660236498
2017-10-20,0.22004396809861237,0.08571802373022527,0.06044643738044376,0.05652765670186914,0.03573696507527637,0.032901769814261225,0.02662030267124116,0.025593775579730877,0.02413797385257768,0.023302248015054317
2017-10-23,0.2204256686585533,0.0861812666640837,0.060633121561687695,0.05557449338725753,0.035769320950697715,0.032986685283823265,0.026597447944224306,0.02557484895599921,0.024155657160539353,0.02328810969665754
2017-10-24,0.2213730205432689,0.08578278957677246,0.06007465924004297,0.05571592964129636,0.035687288084665085,0.03322165469105039,0.02666245977537214,0.02558920584617422,0.0241446388473199,0.023407089871520497
2017-10-25,0.2202521990248967,0.08545861377604326,0.06073820249052402,0.05582094928444073,0.03562515300509635,0.033273430450361914,0.02667658499343633,0.025629084759775902,0.02412512895783991,0.023307864179511004
2017-10-26,0.22017789746656466,0.08556393573778975,0.06089160501354142,0.056112468805454084,0.03536590676208713,0.0333632733583774,0.02675233922485269,0.02557161254130125,0.024245712861519393,0.022988801835393306
2017-10-27,0.2199650661161349,0.0852781578128173,0.061191410955271974,0.056378080084433554,0.03533890090689616,0.03331026592536959,0.026587467918854392,0.025458976477414495,0.024150464939403954,0.022919318365951794
2017-10-30,0.21830560293747556,0.08592534719298414,0.0626310093480969,0.055777098137218095,0.034953930426380043,0.032891487577793775,0.027768741805933337,0.025396844095042424,0.024388125727003065,0.02261069493764391
2017-10-31,0.21955084303470274,0.08672262801487172,0.06378004505987499,0.05506427884957362,0.03556475786318746,0.03194122108658547,0.02693100716178113,0.025578953186450867,0.0244653197085521,0.022612526693044813
2017-11-01,0.21890736868068103,0.08642636376477594,0.06384323652828176,0.0552893507918432,0.035516748777978994,0.031881065965288856,0.026994587738137964,0.025479885415632158,0.02419651065297229,0.02257321351723286
2017-11-02,0.217006863477866,0.08688924205892676,0.06397508976082587,0.055373393867457356,0.03503808965301405,0.03188578773938065,0.026967487578013687,0.025569588451086107,0.02448613706071598,0.02298573159142077
2017-11-03,0.21597267323264643,0.08678727703323563,0.06405701314320841,0.05526861044003856,0.034929259794959346,0.03201500359230147,0.02697815907076753,0.025684416112157996,0.02445832156774684,0.023089664952098656
2017-11-06,0.2158467423763036,0.08692290824053157,0.06398227924968618,0.05532705725109184,0.035177963800451295,0.03213091892915645,0.026602948911056277,0.025596208746840977,0.02422214209865195,0.02305937491351477
2017-11-07,0.21541141356016869,0.0868679416945331,0.0647873032027021,0.05437735595374809,0.03521947331667557,0.03203053143083647,0.026400825649886918,0.025557102551432336,0.02410486127353616,0.02304225282104934
2017-11-08,0.203404161795475,0.08707921561834014,0.06563443966004236,0.05533611102126082,0.03563939500449714,0.03256791829757183,0.026941435182074976,0.025740299471553416,0.02458692646587506,0.023495074107094543
2017-11-09,0.20323283797629427,0.08705584187510126,0.0659377592417816,0.05513587498238414,0.03571402696003298,0.03256222137315608,0.026794170828581317,0.02606223595270762,0.02454336640190343,0.023687261902733493
2017-11-10,0.20622702264107737,0.07753689678822484,0.06821132574403277,0.0550413558537472,0.03592727508106085,0.03341931753949185,0.026951001689925105,0.026021979535562085,0.024772815386686055,0.02345812456671541
2017-11-13,0.20857000475201445,0.07125183628614569,0.06360158609885375,0.05448114947115987,0.03613990998831805,0.0336039213014365,0.027366118842357436,0.02624300324312474,0.024941301807634757,0.023710754461646697
2017-11-14,0.20912367061381262,0.07109788908676971,0.063415809718868,0.054507708988261905,0.035099488245566815,0.03383528629915004,0.027406287569267992,0.02645322241395591,0.02481295354944329,0.023694637134409828
2017-11-15,0.20810246831738594,0.07191558133486754,0.061491401666942794,0.05502401731827058,0.035316915354337036,0.03478552634613253,0.02690782541773117,0.025219588568527462,0.024274618789236414,0.023688606429917325
2017-11-16,0.2091370788898661,0.07249746783587405,0.06149874599361355,0.055083950933262724,0.035504142439121915,0.03365932144054162,0.026756729501083595,0.02542030227194458,0.024236045984446723,0.0237192681795644
2017-11-17,0.21165591833573993,0.07220248097301055,0.06165108680319796,0.05492169089321997,0.03538457193619919,0.03387603380650931,0.026790194581100556,0.025351728447513544,0.024328072480194914,0.023751998666855925
2017-11-20,0.21331559634769862,0.07196397158821306,0.061724715410931844,0.0549021070568612,0.03535967181801997,0.03398808292335461,0.026260705374776275,0.02534401495956105,0.024687647527006164,0.02384860890832812
2017-11-21,0.21348691142426177,0.07134467752921306,0.06172440349737486,0.055053045027622656,0.03507272789831811,0.03426855544974866,0.026346839761080643,0.025393329211835434,0.024546773987446653,0.023844774117002324
2017-11-22,0.21524920748189874,0.07162976901242439,0.06179871488910939,0.054658600369545896,0.03506251962833582,0.03401732749625011,0.026009971225241027,0.025368254641700828,0.02460646391270638,0.02389196625166031
2017-11-24,0.2165024245267459,0.07181025029018133,0.06142972080414199,0.05306749396662633,0.03488614820475646,0.03418465175650854,0.025881447531014103,0.025358021592711322,0.0246989808238753,0.023918780980176118
2017-11-27,0.21737107432249111,0.07197519638005574,0.06112647803110289,0.05344590223910209,0.035010075347143434,0.03412841990999853,0.025936028744631037,0.025551597349150582,0.024548713818272054,0.023916911396207174
2017-11-28,0.21676912300095488,0.07153581625566659,0.061192152790933936,0.05349998604871449,0.03500681016113717,0.03419453718757039,0.025985165228639286,0.02554157030393132,0.02452808878689066,0.0239305656642779
2017-11-29,0.21648059580093768,0.07279174473745423,0.061627115646208715,0.05258407288311419,0.034957855536372644,0.034125045365439,0.02602124364468319,0.02547417680331955,0.02461972621770843,0.023874873776171007
2017-11-30,0.21465642307271515,0.07803007092466165,0.06344665409433771,0.052213591667560136,0.03499312031421724,0.03375815755793438,0.026191449212421662,0.025609074642389783,0.024569550618253097,0.023684694322733905
2017-12-01,0.2145227495150467,0.07866296944619926,0.06092200625312749,0.05229682860429151,0.03424426344674922,0.03378669976693891,0.026379005020879327,0.025556162692718404,0.02482248508187378,0.02364069399520561
2017-12-04,0.21152997611840557,0.07818986966327549,0.05900797521180943,0.05269635148136721,0.034572373972906544,0.034282788060909924,0.026493083492812902,0.025919696782148338,0.024714958565463054,0.023757322476677854
2017-12-05,0.20967418101089735,0.08308034327344262,0.061376618966400696,0.05261325087067301,0.03474739138790416,0.03398814354481636,0.02712994168659432,0.025367953607703022,0.024175873010450443,0.023416507900124915
2017-12-06,0.20874956071395417,0.08380481605490271,0.06163290816829141,0.05272161446876563,0.034984488039390735,0.033915866129678555,0.02749772354027552,0.024971088359219223,0.024285379289508774,0.023558773177541976
2017-12-07,0.20845329827896097,0.08521983620558894,0.06159086942063903,0.05331324799200771,0.035226925514768165,0.03372745575702376,0.027392120886300463,0.025198498098580668,0.024246048855558935,0.0233889643669965
2017-12-08,0.20504425755371436,0.08566734228637804,0.06176299157901811,0.05061742920402386,0.03562062758786374,0.03372634897706405,0.02784743685364579,0.024765150094193153,0.024267739108520977,0.02357771609886928
2017-12-11,0.2050366076190872,0.08599406577715953,0.06163041785680275,0.05076159656497406,0.035670854130794134,0.03378665246332551,0.027787075573520264,0.024887776658121214,0.02438862867444393,0.023252054697398116
2017-12-12,0.2046483676816973,0.08543504545271513,0.061336480466210735,0.051417940432838316,0.03625029564334905,0.03393447239635317,0.027823634891148936,0.024863190460105468,0.024301123270475414,0.023207652072261324
2017-12-13,0.20488890021115683,0.08535793260337556,0.060781116801869595,0.05147323466454768,0.03616171762405769,0.03420314751412718,0.027869929050334065,0.0251121415786445,0.024454089166525177,0.023114149315316468
2017-12-14,0.20275449811717022,0.08545951856312559,0.06115363749479636,0.05147624304531049,0.035978611885382185,0.03419582210610426,0.02783142649070985,0.025148139381059288,0.024548586660841705,0.023341742776853972
2017-12-15,0.20197927430282658,0.0845673868062751,0.061548808719186464,0.051961475077421666,0.03583697905179737,0.0345547336457962,0.02796166311474041,0.02510514976022548,0.024756218452586857,0.023417250716659083
2017-12-18,0.20359293596220956,0.08417763770228624,0.061666997768578105,0.05223948201367112,0.03585056825755364,0.03430464955531795,0.02784924094761459,0.025109626866967164,0.024591088479658633,0.02316920325276898
2017-12-19,0.2030959824887639,0.08424109268384042,0.06237770202512489,0.052363899531462185,0.035920235461290105,0.03437360738921424,0.027641404291665426,0.025338748349545092,0.024507002540042972,0.023333038965384044
2017-12-20,0.2036114600181445,0.08439927655993916,0.06205982388102264,0.052282408189696296,0.03590240728980293,0.03362324811560057,0.027408929738527075,0.025349590559686132,0.02463075258017486,0.023224656211421016
2017-12-21,0.2034913388542213,0.08438531092225299,0.06173280216467489,0.05214854812360416,0.03596145110497389,0.03357012483419919,0.027400317512270882,0.025280686083246295,0.024562334112960802,0.023195224479527522
2017-12-22,0.20312115691323118,0.08436104666159071,0.06176127591322714,0.05203868230226114,0.035737058386680724,0.03383427092902709,0.02744986051720904,0.02530633608207297,0.024602822662271553,0.02323447708116282
2017-12-26,0.20323687030942786,0.08437118610458264,0.06175827401093764,0.05216674425017592,0.03580358819779265,0.033530726519659534,0.027437403757767043,0.025287992609395682,0.024584178887711826,0.02324187544456981
2017-12-27,0.20327837561125545,0.08434879051287913,0.06166740738677429,0.05201800702104064,0.03581912370970076,0.033508935438029394,0.027517948309270488,0.025284758301610435,0.024554949520272793,0.02309155946810634
2017-12-28,0.203361954622391,0.08432126752178717,0.0616368408362842,0.051993837397994395,0.03596541041283942,0.033507062084716606,0.027547470589459905,0.025283249438069224,0.024498372936636308,0.023103366808372005
2017-12-29,0.20134525716989427,0.08438371294672574,0.06183054403073858,0.05213050874333965,0.03605955194028895,0.03358404961498369,0.027628605698011975,0.02533147075507539,0.024638792028726694,0.023163990624252218
2018-01-02,0.2023970318074364,0.08436707881379023,0.061481995449965784,0.05225092666071468,0.03606843711014362,0.03353563065983201,0.02758207334017374,0.025391296859875404,0.024631001191983096,0.02315336231750568
2018-01-03,0.20192392114245267,0.0837516007662926,0.06299860917258425,0.05206876131286305,0.036223686270586274,0.03326287155655869,0.027328590609600596,0.02532532072057993,0.024486849828073264,0.02300512915569358
2018-01-04,0.20170540142491875,0.08338410630684567,0.06288709057439586,0.05193576862718683,0.03602753342549622,0.03302868111461463,0.02766923850395061,0.02498310535254971,0.02449713020237931,0.023171164955930287
2018-01-05,0.20192839928399228,0.0834972140857125,0.06280603588875434,0.05165483493537337,0.03586090813582473,0.032969286744331826,0.027675345260361976,0.02506833678980479,0.024449439839115853,0.02299816232937797
2018-01-08,0.20387348627886273,0.08353064239670956,0.06230149021767246,0.05162756652785551,0.03565405540560607,0.03310579839022764,0.027635456176081225,0.025020346223111268,0.024394092529265544,0.02297663517025013
2018-01-09,0.20281171366398107,0.0836681431448367,0.06227013938327469,0.051661142348937636,0.03559859547575731,0.03314975081009458,0.027715804923236772,0.024961893034635814,0.024409727612903685,0.023538401737640036
2018-01-10,0.20253852929148244,0.083400486237243,0.06239818840940249,0.05169897079301303,0.03524739831406916,0.03323002801495513,0.02768927164519864,0.0252630418389823,0.024331319634741166,0.023534931477121334
2018-01-11,0.20258168180309016,0.08349670911135397,0.06230435028518786,0.05165639712012003,0.035272502353924304,0.03273955685737284,0.027601622459382656,0.02570227770049689,0.02433791876956668,0.023464615221115235
2018-01-12,0.2036197907661677,0.08412572724595023,0.062347771300550005,0.05103512633213822,0.03521796697477983,0.03228073625731259,0.027405619519705948,0.025980818070693527,0.024246895857527453,0.02307928285028756
2018-01-16,0.20339623051321074,0.08396980923173665,0.0621663151219108,0.05101951666926421,0.035157144380410905,0.03211740891904183,0.027363288133140786,0.025920023940358607,0.024179959876724062,0.023076904631645856
2018-01-17,0.20304575722728835,0.08341310392243702,0.06200799677869322,0.05065825530174076,0.03479564287277579,0.0325728281315035,0.02728033134526353,0.02576186495541204,0.024437400157296844,0.02317694083514846
2018-01-18,0.20500518607335907,0.08392423125538899,0.061274058838195374,0.04930349395662804,0.034735721470354815,0.0325984416269424,0.027369865148420585,0.025580661864358548,0.024452102548824264,0.023075909939899497
2018-01-19,0.2048017088001804,0.08405651589540979,0.06125028876308042,0.0493314399458063,0.03470504800529798,0.032689135233297625,0.027371274926763504,0.025181891235317035,0.02418832622451035,0.023154978472508574
2018-01-22,0.20472976342313584,0.08409123982943092,0.06117588181169571,0.04938695782033298,0.03469954642188367,0.03265688906778718,0.02737424667698716,0.025069112663897605,0.02412359931041416,0.02320527302541629
2018-01-23,0.20553046068625633,0.0839667272701426,0.061568422807139984,0.04900383086810024,0.034664360432622617,0.03234069615296732,0.027459111364607346,0.025145748588374,0.02407550527358014,0.023078484965610966
2018-01-24,0.20553614904953976,0.08426061321380303,0.06122260392265042,0.048574268862060774,0.034647991051431765,0.03246504304682061,0.027434893974255213,0.02513629201894684,0.02408080751555748,0.023221491256959985
2018-01-25,0.20461379401840565,0.08526377099092332,0.06087807762426372,0.047467016495751455,0.034461335631457424,0.032512720309561836,0.027488506258082156,0.025160537467848413,0.024226050695159644,0.023886729687827814
2018-01-26,0.2028108732619243,0.08519281485806572,0.06122214185564193,0.04795566203553577,0.03443313810752841,0.032346312732945685,0.027427469085752578,0.025630914688196338,0.0241185349551938,0.02389780633933595
2018-01-29,0.2072019009518755,0.08519634676126353,0.060619054988932254,0.04768489085103155,0.03442843747119575,0.03223098324877187,0.027633067822322343,0.025506489056307743,0.023820679810032382,0.023477497733646477
2018-01-30,0.20909824162257096,0.08529168156607932,0.06046228482257154,0.04813951356035917,0.034461299160093904,0.03228986656869721,0.027236416380157065,0.025504007738089064,0.023656439828829874,0.023583937802299892
2018-01-31,0.21285581222723143,0.08648592590910494,0.06028293076981413,0.048030251650840385,0.03424435540792442,0.031904247317960856,0.027063222536205196,0.026000409774908983,0.02372049412592129,0.023346387979841933
2018-02-01,0.21303788653250197,0.08864925543980678,0.058003806491731515,0.046832058482513275,0.03462989415444206,0.03204187056353706,0.02764611441177558,0.02621530893858652,0.02438411051274451,0.023524341765778813
2018-02-02,0.212717584203765,0.08785521019122317,0.057591513718268955,0.04789019836068197,0.03357248820336286,0.03298332730967244,0.02773650239451465,0.02623425270067508,0.024126877085124905,0.023724117208404973
2018-02-05,0.22280153840398081,0.08753598411200611,0.05603275778457904,0.048212569017053994,0.03458762082060756,0.03231892925536648,0.027402065226209492,0.026069831575980987,0.02352202135890583,0.023299095528494383
2018-02-06,0.26659966087128484,0.08778822697446131,0.05283449320306472,0.045234608545988576,0.032095936494845934,0.030113331235330776,0.02618428869658325,0.02458396898085138,0.02226176980399857,0.02196449127809273
2018-02-07,0.27026713551908593,0.08621298176812617,0.0534582827439817,0.044719230294661724,0.03155111249729642,0.029702497579077686,0.026020904008334202,0.0244526397902845,0.02277249528913014,0.021901275522601293
2018-02-08,0.2694416438883321,0.08597565308320224,0.05308627971690385,0.04474646565245967,0.03166029521089713,0.029592242657356778,0.026052598933933416,0.02446761530468018,0.0225929463624278,0.022059282824986703
2018-02-09,0.3012570364279919,0.08205496554155142,0.05048700422769831,0.042507157794366306,0.03016535108642074,0.02821035046856245,0.02577104591830975,0.02348678877645699,0.022275845529778234,0.021098634087196422
2018-02-12,0.3046258767658198,0.08105740042291733,0.04995031909030229,0.04238972487668057,0.030059593134296934,0.027936890843828478,0.025925683660282525,0.023421995732488068,0.021942577442349624,0.021358431651441186
2018-02-13,0.30734720885820027,0.08060740564514837,0.049812994232369,0.04235032778332683,0.030063095604705752,0.027809580473668313,0.025974407722914126,0.02322636994167485,0.021904341684670023,0.021234605030724395
2018-02-14,0.30646853514474937,0.08052330295409751,0.049811273236466946,0.04239608413422066,0.0303848814020269,0.027780695338190893,0.025904319487743584,0.022955740651063854,0.022031085420441295,0.02126263812144885
2018-02-15,0.3071800627958222,0.07989369010366153,0.050655579985479975,0.04343650532283929,0.03023639046248926,0.02758060384672862,0.025636433525615638,0.022854252859780416,0.021858663056980743,0.021295451516578218
2018-02-16,0.3101325960113181,0.07925932842043082,0.05114386649987438,0.042900397085675744,0.030831101291528044,0.027376081553281147,0.02523076848186852,0.023009200364423436,0.021623815369210146,0.02095703203421237
2018-02-20,0.3100739443048942,0.0798153033210662,0.051268556378088775,0.04285708278183121,0.030886729569811498,0.027417330884615693,0.025218641807297618,0.022954456482115672,0.02146475519186848,0.020729836602662595
2018-02-21,0.3109012467831938,0.08203794105437641,0.051501049356277,0.04244326764944699,0.030692479969487936,0.027289667352569193,0.025001218628377606,0.022610632551613462,0.021331510236692778,0.02059436009356958
2018-02-22,0.3102296962159091,0.08209136719281065,0.05143575548149094,0.04267302007784416,0.030525337983429362,0.027251635772923274,0.02542424821887235,0.023038259774149503,0.021209151499970994,0.020635464209084232
2018-02-23,0.30988012990567065,0.08213261944013221,0.051372289376917464,0.042924964705586,0.030448627523763382,0.02722177665757057,0.02536964042397498,0.0229131184876281,0.02127954044813612,0.020545887428568284
2018-02-26,0.3156557130601189,0.08133313295122233,0.05040850416020721,0.042249415082016,0.029491870166281284,0.027262813694483464,0.025280628429469168,0.022810333376654068,0.02120474187455223,0.020332086921385335
2018-02-27,0.3188263830276066,0.08114292789039172,0.0501370406703853,0.04206212081810199,0.028926288665464556,0.02704714648393401,0.02520014442078818,0.022725757604133773,0.02104560685693599,0.02027584434952356
2018-02-28,0.3229298123182985,0.08159206337326459,0.04935458068108357,0.04169492160352732,0.028683919726526536,0.02668924426005632,0.0246558906256806,0.022649690634906107,0.020989902990348672,0.020020679242502573
2018-03-01,0.3254137149782185,0.0820123401238368,0.04882822451916635,0.04117516413710034,0.028456886785413128,0.02654423791661963,0.024550307916471434,0.022598391430165513,0.02083760383867349,0.01987136021688991
2018-03-02,0.32480498368870603,0.08195607376025743,0.048710621760507014,0.041597117363995136,0.028163215840797246,0.02654824224669436,0.024510292686530946,0.022387841389877802,0.02074949541746522,0.019858138039469474
2018-03-05,0.324474955698051,0.08186032532509788,0.04863557577414045,0.041455754067491885,0.028161892289247068,0.026844926213041017,0.024422166928939056,0.02234243748523552,0.020710110776216678,0.020109923441294676
2018-03-06,0.32579875004274655,0.08194188251838533,0.04855945849183157,0.04127072725283844,0.028129209740347372,0.026573665995608866,0.024249222399178184,0.022289993764463372,0.020646819788550246,0.020228401803702844
2018-03-07,0.3248892563990208,0.08176578468998236,0.04875369317585471,0.04137668968420241,0.02811934119368611,0.02636778065200311,0.024162158520061223,0.02251562953324528,0.020682614149622348,0.020112365205172275
2018-03-08,0.3237509734737229,0.08200825004870788,0.04897518342888666,0.041951060200469945,0.028116959344885246,0.026193596896652713,0.024100168292197573,0.022743550518944222,0.02064247341200492,0.02005532982598086
2018-03-09,0.3237425172958984,0.08208309649948793,0.04960765444855196,0.041398831132448695,0.02809023659352622,0.026169493180416996,0.024046440451147906,0.022739682263699143,0.020576927687014263,0.020016285226070917
2018-03-12,0.328526664817825,0.08140002285824983,0.04946501448218664,0.04123281825589473,0.028075835795614137,0.025961803693562022,0.02379729190569788,0.0225820652097944,0.020416741591751195,0.019892823896638413
2018-03-13,0.32789969071318475,0.08158771520619502,0.049417190029279,0.04134994172169057,0.028166249663416458,0.026099764827598397,0.02380497324558511,0.022541910581672958,0.020504198422525582,0.01987183000722503
2018-03-14,0.32781296566208284,0.08150222590280769,0.04985727495344846,0.041210361822440374,0.028137767540125154,0.026077853900937035,0.023818743150123948,0.022616338531439403,0.020510042945548673,0.019911297815938103
2018-03-15,0.32822884992470897,0.08184943534162951,0.049576254295484304,0.041086488710724824,0.027890143781424938,0.026027717337442954,0.023657728749737074,0.02255560531361964,0.020765850309246797,0.01988413012957969
2018-03-16,0.3268078669364528,0.08155449225945191,0.04954056756471983,0.041185284861753706,0.028086780454926966,0.026085688378344227,0.023688970318212196,0.022511212320362958,0.020816380587947384,0.019934603519043487
2018-03-19,0.3265433820348892,0.08126972638713312,0.049568805242607795,0.04098030369697128,0.02811183324635331,0.026023025788453363,0.023672855576348014,0.02253538027408079,0.021135870046515688,0.019937966773031775
2018-03-20,0.33148698079340594,0.08033243237397547,0.04934342482478315,0.0406437650533803,0.02790589711221173,0.025826695764553036,0.02374553762183487,0.022323312736169037,0.020795454873594455,0.01973510105241463
2018-03-21,0.3301610301463718,0.08017500037793758,0.049298745111731594,0.040650863274209394,0.027681196555999904,0.026001401876739515,0.02389999809150722,0.02263108867065758,0.020726123602678177,0.01965537298914326
2018-03-22,0.3286452576846789,0.08013180587336746,0.048877604232652624,0.04044068460323318,0.02771527410085814,0.02619699101079042,0.02396630737025705,0.02270248662598616,0.020659173959294563,0.019812354989582
2018-03-23,0.3401143627164751,0.07867810124571888,0.04845671849922279,0.04047940663578082,0.02724983669387654,0.02566532571387394,0.02357607518479007,0.02202530429863214,0.02043699576431432,0.019529621041659524
2018-03-26,0.3485015443199444,0.07758090037167545,0.047858358756286905,0.03998967399088222,0.026899578052299356,0.025389525577736386,0.02337705655405668,0.021726927858041083,0.020222963774188495,0.019320398670293507
2018-03-27,0.3583707170628471,0.07604013325746756,0.04749566224580648,0.03944319596112561,0.026483531860751707,0.025414417964604974,0.023022628798483276,0.021208099864287275,0.01995328469583139,0.019057588444375797
2018-03-28,0.36208206120856945,0.07680395614083363,0.04822249963697142,0.039258784553708716,0.026381291909454357,0.02507732037170094,0.02285732155887239,0.021069442391533112,0.01947850643909956,0.018929060065289525
2018-03-29,0.3602849324930654,0.07782835449403376,0.049076930836355497,0.038852804146486127,0.02619281795028246,0.024942442559325963,0.0227551235747553,0.020957366387962004,0.01989107540711108,0.019116260901617273
2018-04-02,0.3618750677354431,0.07721038914762297,0.049607790698237425,0.03886368649617362,0.025975330449310673,0.024616138943035465,0.022828854971575396,0.020884615309904972,0.01975020913472169,0.019439515973418118
2018-04-03,0.36978992071266975,0.07602813510198479,0.0487437623840326,0.03830514370772551,0.02600689158721144,0.024175535931796298,0.022917804548326766,0.020723307079357406,0.01975449333618494,0.01912646880748416
2018-04-04,0.3721067878561053,0.07586796357328608,0.04845843578570866,0.03797350636431847,0.02572188803669884,0.024028387352051362,0.022838366085845337,0.020644100003076295,0.019811328104018165,0.019546047655628934
2018-04-05,0.3738790133192657,0.07548250232336594,0.04833650286995205,0.03770325544907257,0.025847617512448302,0.023755701403668592,0.02274709820784725,0.02065258732299496,0.019779777661780455,0.019354332581752117
2018-04-06,0.37415814107574713,0.07533157254420157,0.04829227779216056,0.037851836077486906,0.02572513671692173,0.023720104234933027,0.022623052673436568,0.02083204950422137,0.019790604695100918,0.019473829367770753
2018-04-09,0.38273439134480053,0.07437517818905788,0.04776094663759926,0.03753271733289693,0.02532661721765494,0.023460689064107476,0.022342767254300035,0.020637000760312055,0.019572897841412223,0.01930572993251617
2018-04-10,0.3824397538121676,0.07405029372921769,0.047534931866211584,0.037700587038133594,0.025351769399085514,0.023684237732518983,0.02234276535880788,0.02060051491880143,0.019845286546254854,0.01926489394079697
2018-04-11,0.3857888390861076,0.07340656046772152,0.047445267181522185,0.03743318615761883,0.025123703033668274,0.024294220977095816,0.02225718476364828,0.02040225010232947,0.01977333473741776,0.01900887383734022
2018-04-12,0.38614239146488555,0.07336206000394101,0.04739796038204468,0.037415794206574975,0.025124589591122893,0.024272770362049455,0.02225244873532252,0.020612499610011752,0.019622224085467346,0.018985355364389805
2018-04-13,0.3856148375184764,0.07321433490139559,0.04773601607294991,0.0373188749337443,0.02507306446861323,0.02443957792499568,0.022324919905146012,0.020567289973063316,0.019868767094253368,0.018989493600281515
2018-04-16,0.385154616588958,0.07298793484628512,0.047836966413317555,0.03751916885745682,0.02506498217573738,0.024569928176015117,0.02227253934400345,0.020601596602036202,0.019880236482564036,0.019208985759002036
2018-04-17,0.3845821140695345,0.0730045735956793,0.047809321231973186,0.03744799180127427,0.024887677520424586,0.024601918282015457,0.022140627309376736,0.020580387298413418,0.019854260848703717,0.01928144473074665
2018-04-18,0.38467249450618696,0.07334330175338728,0.04785654088771512,0.03736390314989518,0.024772412767619604,0.024347990341806746,0.02209077388989874,0.020501655274887842,0.0198790048283287,0.019400590902284638
2018-04-19,0.384335326056124,0.07331106442117369,0.04823792748702599,0.03694556117862723,0.024776399209355517,0.024147864513021425,0.022086350799650645,0.02050215541315307,0.020312263696054024,0.019441459005015763
2018-04-20,0.38372663509118465,0.07275759452537947,0.04880453938120312,0.03695735052139634,0.024752233354485037,0.02415015745637234,0.02263358238416862,0.02095297494523097,0.020202298396519453,0.019474231208477327
2018-04-23,0.38515351952257676,0.07244344502386091,0.0485934589743629,0.03765709423174777,0.024746982376117523,0.02410828836170378,0.022585489901349017,0.020903124578414145,0.02013764338541317,0.019446460859688743
2018-04-24,0.3851967799029928,0.07291010796771928,0.04865268020206933,0.037629936786260414,0.024747987667615722,0.024092119580121835,0.02258855743806909,0.020783104609129972,0.01993125440123853,0.019306381534772515
2018-04-25,0.38517669735768884,0.07278736419091325,0.048726496568413324,0.03762812597248713,0.02474156812044098,0.024052240907844226,0.02242327974352082,0.020802565001747292,0.019950361634352376,0.01930905840030776
2018-04-26,0.38458646124147716,0.07288564303601372,0.04923103806096442,0.03754003722384623,0.024814008708067534,0.024092855474656075,0.022481415020638447,0.020798842248399303,0.019929034214022485,0.019331280155967707
2018-04-27,0.38542894480504186,0.07267663445391187,0.04942887555162306,0.037275330605781774,0.024896885495886496,0.023713966873249677,0.02245547933530892,0.02101247076192093,0.02035157705793706,0.019380548033334256
2018-04-30,0.38428503725028484,0.07220089050563486,0.04917111988537003,0.037205743735910984,0.02498082297338823,0.023539479883728696,0.02256718577304028,0.020790768744073547,0.020139365578479337,0.019303417980252237
2018-05-01,0.38471813859831033,0.07235619783769424,0.04904751947350106,0.037228366428022824,0.025076338196589717,0.023363813773044143,0.022551734106202644,0.02073565144973261,0.020284761171622253,0.019276237202059232
2018-05-02,0.3833004978350009,0.0731580289125763,0.04944499040039183,0.03699201540399625,0.025063524967466708,0.02330604238476154,0.0226548075261567,0.020611087737286673,0.02030912235656225,0.0192622567718114
2018-05-03,0.3831799364354941,0.07361395167267594,0.04935422224600833,0.03681075590260583,0.024998178968810156,0.023343228736160616,0.022556470834592036,0.02057627612120756,0.020385943271987617,0.01918811229618617
2018-05-04,0.38307518155903103,0.07372266225715346,0.049420091272413744,0.03684855765748627,0.02470897743914027,0.02336781533991462,0.022456791704462808,0.02085619163971559,0.02051450417755227,0.019091281745064935
2018-05-07,0.3856474332378697,0.07344714632364502,0.0488996733295753,0.03692393868971187,0.024661870696638,0.023103449701002976,0.022444502893967693,0.02070074585326451,0.02051811855249669,0.01888592421030538
2018-05-08,0.3852398664885808,0.07380416313674348,0.049208922642773587,0.03676232758860887,0.024719422776979416,0.02314076373442677,0.022412277901323295,0.02074010038371255,0.02050068514562092,0.01884217110989502
2018-05-09,0.3849565384315975,0.07407956613294385,0.049551254617648546,0.03638540738416312,0.02506970184744525,0.023168319991159533,0.022441412705676525,0.020773590172238152,0.020618394625882042,0.01890352473795387
2018-05-10,0.384898883906732,0.07365650536367131,0.04955720148279304,0.03631359748387087,0.0250847949967367,0.023374324080051866,0.02261027789330882,0.02064234926679546,0.020613035175499877,0.018886933598233124
2018-05-11,0.38687987888047054,0.07373239017072865,0.049394245761476996,0.03616193790193838,0.024934228375252446,0.02347841343368365,0.022439399274435633,0.020699669032868608,0.02055670235580233,0.01874234021444178
2018-05-14,0.3866542332619959,0.0743770230885162,0.04931192365295042,0.036387164683284956,0.0249094649124494,0.023400826461242617,0.02235443886603451,0.020660712520480348,0.020519200978138655,0.018837451686260047
2018-05-15,0.3862448213099886,0.07424696498937094,0.04927191372775864,0.03636518657702736,0.024895387097179682,0.023362687582925454,0.02235952474197002,0.02074809120101335,0.020467277851990248,0.018990029573611858
2018-05-16,0.3870248980242453,0.07417616717280215,0.049328118281623465,0.036317726085064825,0.024735748838136003,0.023396756699915058,0.022378728565772762,0.02065261931101435,0.020366719686392466,0.018955951820006915
2018-05-17,0.38729769735849,0.07411038813043865,0.04924385921800268,0.03635814856624419,0.024861404973634517,0.023335328334561423,0.022395028836790783,0.020598260506851544,0.020371048422021046,0.018900877793376087
2018-05-18,0.38323290196423965,0.07460647004944819,0.048674502198787425,0.03648608174925016,0.024966672457414265,0.023384399050831933,0.022731263773934866,0.020706204762147642,0.020536005468817033,0.018982362893370984
2018-05-21,0.3837484966195635,0.07477108501874788,0.048613702762912,0.036695913749435316,0.024886499791290064,0.02350442769957851,0.022930033074659826,0.020744740881690985,0.020541874912150603,0.018934210952762775
2018-05-22,0.38400226741174914,0.07470647444955895,0.0483142168896538,0.03676364820056931,0.024985567455016316,0.02348456398717606,0.022933384218769927,0.020960823681456686,0.020617841369449205,0.01891542948099195
2018-05-23,0.38396096763296805,0.07462107706658823,0.0482310797190395,0.03669357090014032,0.02510337306676973,0.023471597563955914,0.022927696960081526,0.02100705635202376,0.020611199586596882,0.018914417460538735
2018-05-24,0.38404845338006594,0.07456066468362371,0.04836993761779378,0.03658668427088066,0.02510566525611968,0.02351106428203935,0.022916018833678407,0.020998652526932164,0.020535822459860097,0.01898433286275905
2018-05-25,0.3839405265616927,0.07466038735108009,0.048115632423822524,0.03642604164184035,0.02522104885995089,0.023627886754096713,0.023089060750727686,0.021024886482580128,0.020473051652103086,0.019002709282283228
2018-05-29,0.38319167445476127,0.07472045709574095,0.04786852352975402,0.03642980389070154,0.025409046685590762,0.023596137697416475,0.023090644836516468,0.02101662650350567,0.020497127416251287,0.019014233925191592
2018-05-30,0.38421364569201283,0.07477396043728769,0.04817540822770698,0.03636591707268272,0.025206521139476815,0.023561234714017783,0.023104920908288692,0.020971345462051125,0.02075049285374516,0.018934105106299587
2018-05-31,0.38633470644888135,0.07521831048664204,0.0478074741994492,0.036116458725247,0.025130511125083427,0.02332843790698426,0.023030668285282052,0.02096378591354596,0.020706467790416586,0.018924909788733027
2018-06-01,0.38665660881563957,0.07574999557599951,0.047442071696358654,0.03591906711758765,0.025025557785449275,0.023436764719772667,0.022933182534796842,0.020951366771099964,0.020577966186603767,0.01888729842076798
2018-06-04,0.3872309217212713,0.07537236701068352,0.04763818452210807,0.03580795519911318,0.024930403200050702,0.02335031054932876,0.022853276731033108,0.020871597165164187,0.020538146035176317,0.018957793557145976
2018-06-05,0.3871120401283307,0.07510803983725735,0.04748774728490718,0.0357590113503055,0.024759795672990657,0.023441320961581635,0.0226684093440021,0.02108918269491083,0.020465108778323308,0.018914257689463865
2018-06-06,0.3872444174105618,0.07528882491638564,0.04746815057673768,0.03576361455285313,0.02475312049632399,0.023442410638220546,0.022611891326919032,0.02111179442356671,0.020433211150995015,0.019016918689455275
2018-06-07,0.3878576732775477,0.07529910953060143,0.04732097999582521,0.03560274890251711,0.024594137141764005,0.023298521492411496,0.02254536061001328,0.0208864615022694,0.020640107413264375,0.01929724320114778
2018-06-08,0.3865604951186544,0.07638935517959788,0.047227434713662156,0.03585721718451731,0.02455898115640658,0.02321358370663243,0.02264573090417347,0.02083925146931467,0.02056157369903909,0.019301501061991768
2018-06-11,0.3868769043152016,0.07659148117133888,0.047084073405853376,0.03581219425114323,0.024585639488456934,0.023256385850070026,0.022563205898649127,0.020845796169001687,0.020463925828258244,0.019171477402529464
2018-06-12,0.38925620280498524,0.07215708274227324,0.046842312071733734,0.03544706432486039,0.02446635189244113,0.023368687836798446,0.022690180603286227,0.02091724188497257,0.02053145106361634,0.019206920233262696
2018-06-13,0.3896556441449694,0.07174138800194628,0.04675666091552474,0.03554931655628377,0.02449567631781786,0.02325714420213295,0.022732689259983518,0.020996830317686947,0.020487214122354033,0.0191966533180153
2018-06-14,0.3894993104825188,0.07150281304928806,0.046708604190576826,0.035505185953068355,0.024509654761360595,0.023222672429772613,0.022727446719517954,0.020904111451542546,0.02047715607747631,0.01928736388270363
2018-06-15,0.3887437452589607,0.07120020205874994,0.046274991899256025,0.03549277749661565,0.02523182421036664,0.02334739949142184,0.022671480664628926,0.020830983067654962,0.020514327562658922,0.019395804220090462
2018-06-18,0.3881433306900524,0.07150038501922627,0.04646798392519524,0.03541221149531259,0.02529653838961846,0.023280967924651536,0.022561099753547555,0.02083833395941376,0.020632280471677634,0.019380753098887836
2018-06-19,0.38827220653545574,0.07250268422575175,0.04644943737107456,0.03523954706872873,0.02558403024550655,0.0229069834149958,0.02219694113808424,0.021129387295692255,0.020586235336755618,0.019255886200681274
2018-06-20,0.3873468213083157,0.07267214216054282,0.046872245197979334,0.03523252566087801,0.025593019477729007,0.022941655838624717,0.022230152481555843,0.021355898217422564,0.02052177094860911,0.019200740038037525
2018-06-21,0.3866307837590858,0.0728204485371197,0.04646464296199181,0.034822928682153045,0.0261124584407149,0.02299428035443867,0.022240772400701374,0.021298897217422903,0.02057981297141264,0.019172469084108617
2018-06-22,0.3874367441504165,0.07278920797802374,0.0465637565870721,0.03463224781484179,0.025757035589096294,0.02286537385126865,0.022481332848914456,0.02129824549196917,0.02053695194682359,0.01914352427698349
2018-06-25,0.3879470567670555,0.07364309802915527,0.04656828362664369,0.033858128043121084,0.02570841821411101,0.022817831733627128,0.022278299955872233,0.02104875767863009,0.020587473255429412,0.019133895122687494
2018-06-26,0.3894441661724429,0.07397088596987736,0.04669055855752059,0.03377386332332048,0.025505076013015743,0.022632555826821537,0.02247918616130251,0.020904860924541635,0.020328178925977096,0.01917951454702687
2018-06-27,0.3892967670625699,0.07386629038589129,0.04666477310860324,0.03376979708165364,0.025588452937294438,0.02261155104240372,0.022336053475452332,0.021029374656209004,0.020305486896379555,0.019244848277320713
2018-06-28,0.38909747487013835,0.07421377291989016,0.046301340524508496,0.03383007409476189,0.025191121366268287,0.022840043222015997,0.02229611876778182,0.021062950449250956,0.02031133374066382,0.01936083464879664
2018-06-29,0.3880250339643676,0.07391103662984849,0.046172587614331344,0.03366223207533761,0.025530560690849465,0.022854249605857035,0.022263547896048005,0.021174740355439457,0.02097196028265978,0.01939984100148571
2018-07-02,0.38633815242612063,0.07429015963042544,0.04572493552440311,0.03356534177288274,0.025564534072792997,0.022931777019913488,0.022279189926504718,0.021209808316403424,0.021034754080195825,0.01945211561679048
2018-07-03,0.3860381735217877,0.07423329910161328,0.04561987595927493,0.033484117764243766,0.025710703905246064,0.022823798010514994,0.022191476896865178,0.02130737411029584,0.020940768999974633,0.019681429619866696
2018-07-05,0.3864428388040786,0.07409538328856645,0.04526594319905531,0.033865429624008445,0.025761550948851308,0.022815105371284134,0.02220800318533086,0.021185343712582398,0.020925363944984073,0.01961720313440016
2018-07-06,0.3878836865825997,0.07348684071306476,0.04536102235223326,0.03367472799560466,0.02586080632765355,0.022751784059966744,0.02227802468366774,0.02110953788722825,0.020827505111707688,0.019607024261247104
2018-07-09,0.38731038874530965,0.07350372992080371,0.04537489894048029,0.03372163997207816,0.025910958792964206,0.02275038170118739,0.022350230786106227,0.021102878159951727,0.020840505248780325,0.019648249375998683
2018-07-10,0.3867985497721121,0.07326334590297277,0.04643251489643796,0.033680743000951946,0.026054217588683735,0.022705870315018452,0.02230379166387303,0.020908993924625745,0.0206996300378927,0.019560380079514796
2018-07-11,0.38740085163604865,0.07279604644299043,0.04693434800238192,0.03365573517551592,0.0259644805347959,0.02268977996690411,0.0222215839320016,0.020875972569363733,0.020543808741524956,0.019539895722298393
2018-07-12,0.3871642423056349,0.07264722563705882,0.04685368372114219,0.03347947227217395,0.02646885224334794,0.023074189724757502,0.02216461132021228,0.020799874000483293,0.020511852893734743,0.01956737585921977
2018-07-13,0.3866480867743163,0.07258628754705217,0.04675387111485839,0.03369533818508112,0.02644678841987372,0.023012050570907897,0.022114869438132245,0.020835871923142617,0.020634377774709604,0.019534775587222292
2018-07-16,0.385826650117258,0.07270898279302522,0.04658009459364674,0.033642511213964214,0.026408397003127988,0.0230753427497714,0.022090038524873224,0.020986994797826532,0.02053560360336894,0.019583163476594334
2018-07-17,0.38468018955943817,0.0727632563661846,0.04635293706065659,0.033909733833978176,0.026473747199836774,0.02306552863792142,0.02218401050121135,0.02102496856090537,0.020521626809289,0.01960340240697196
2018-07-18,0.38410785214927556,0.07257551969468051,0.046924072362883505,0.03379480607409708,0.02647750441645791,0.02301836787261722,0.022178843601894982,0.021039336885384036,0.020454007137585658,0.01961043272774728
2018-07-19,0.38373872077027255,0.07258056566118454,0.04689893990756403,0.033790565921995586,0.026376326113227145,0.023007413133028082,0.02218111090178028,0.02104239408610839,0.020460106537072847,0.01958039935759713
2018-07-20,0.38209145042544895,0.07245885927519465,0.046826134831044315,0.03380356167565839,0.026296317290364506,0.02301086952472161,0.022155047101404517,0.02099865594152363,0.020430759915267455,0.01959945425864278
2018-07-23,0.3825974872721162,0.0724864042739441,0.04676490772858066,0.03371849412684687,0.025916655950302823,0.022922393088827164,0.022137798530076407,0.021246114551914653,0.020247595124216873,0.019632841926451122
2018-07-24,0.38227345620335423,0.0725194754822645,0.04689319372532824,0.03369366818658089,0.025917732645834034,0.022963064257646833,0.022062678853973484,0.021361864125656577,0.020348826655407985,0.019789432617450874
2018-07-25,0.3813520509665608,0.07233555478662491,0.04686074872123328,0.034521044782920896,0.025782403382970328,0.02306624305289883,0.022496388244684428,0.02129233598652132,0.020322878109955977,0.019731090239579595
2018-07-26,0.3833173284953999,0.07201916828900913,0.046712103633273216,0.03360740109767758,0.0257385787133763,0.023259306885178594,0.022084138067117766,0.021186914778004638,0.020447521840303507,0.019795873688996952
2018-07-27,0.38211845421405977,0.07240202586966908,0.04643906104327112,0.03352145725595108,0.025944026497661223,0.023417530430043302,0.021920022011306335,0.021245034825897645,0.020480912554478002,0.019767006416403516
2018-07-30,0.3830462971770301,0.07204873526480063,0.04656319414094282,0.033590959653771325,0.02588847106161282,0.023297293632766357,0.021711493150185657,0.021354377272492894,0.020410738550635583,0.019856424391082508
2018-07-31,0.38223459270819443,0.07368463624884096,0.046667847955370136,0.03350572156938318,0.025878163814733575,0.02339153706796798,0.022354581224520397,0.021138622616853953,0.020353097234588592,0.019840601972012137
2018-08-01,0.3823570725790304,0.07330588490169844,0.04658734425870292,0.03357657173649672,0.02586487641022834,0.023161160504396695,0.022328757360210196,0.02165128439712895,0.020358974504189806,0.019821238060408947
2018-08-02,0.381589354833483,0.073670133980679,0.046491767315166396,0.033397644060937766,0.025983803365959096,0.02305239584616398,0.02231794934342221,0.021656457074771453,0.02033836480203351,0.019800498510008514
2018-08-03,0.3817158751074023,0.07373583287991586,0.046631506533081235,0.033725067215842924,0.025552943839035915,0.023056054941288838,0.022281616676614383,0.02154736948193261,0.020170892374590035,0.019765156884756593
2018-08-06,0.3822108545593923,0.07401976214853496,0.046553605754247517,0.0337493741923111,0.025539854949581504,0.023050078162831607,0.022296358120496115,0.021610727446140874,0.020161148212541856,0.01971533079382993
2018-08-07,0.3822275231078748,0.07389731524786401,0.04655259698572625,0.03371982759570447,0.02553769143412875,0.023071751331075075,0.02227139430279001,0.02163086655866831,0.020118538853437007,0.019730750655218433
2018-08-08,0.3818309978086647,0.0739240893898208,0.046466192749327874,0.033722580766136726,0.025563255357176688,0.0230344503592532,0.02219576028880273,0.021880672171661675,0.020079664933427492,0.019619396624582574
2018-08-09,0.38158638284174073,0.0740230108318246,0.04637096701919465,0.0337378806979197,0.02550990786679121,0.022941121286447822,0.02213758987810111,0.021884150911823243,0.0200278651997687,0.01966854437529456
2018-08-10,0.38162172181454274,0.07395787791604225,0.04645571401812521,0.033741325206133155,0.025646148427275965,0.022894722799326476,0.022134240563691225,0.02201694227565351,0.020219194134509916,0.019561373024693872
2018-08-13,0.3798548070172227,0.07384710116320069,0.04646489185564691,0.033897887188241466,0.02569846385283855,0.02311292717235456,0.022216775419706902,0.022074504557038913,0.020247041959674944,0.019531537257057682
2018-08-14,0.3803557582910942,0.07392161387045025,0.04651888775385215,0.03392708910639289,0.0257035549853284,0.02308239126130085,0.02222892867096001,0.022151704303300497,0.020195067179832688,0.019535320750354877
2018-08-15,0.3795059383744682,0.07405372235472175,0.046597542679686604,0.03393646680443698,0.02562011108015288,0.023146353692000386,0.02238193307605857,0.022209959759555246,0.020272484008515956,0.019576867430464162
2018-08-16,0.3795355228605473,0.07456705566529646,0.04643369180361008,0.03387588474259655,0.025772423114344804,0.023113830575704215,0.022302457045488142,0.02198453782539683,0.020206195069989094,0.01970417990377908
2018-08-17,0.3800644211165964,0.07534173190401008,0.04630655632107135,0.03383859749656653,0.025655933413223204,0.023063325130939307,0.022233350997090884,0.021640100061245494,0.020186382437978802,0.019681695164230417
2018-08-20,0.37577392383669334,0.07603836871535874,0.04649329256782469,0.03403456295635266,0.02578726093767102,0.023209826543369436,0.02239691924745951,0.02182557779457719,0.020225699515019156,0.019853303923129888
2018-08-21,0.3755116632238488,0.0759252638048538,0.046559636283899156,0.03405040935624437,0.025734681536269174,0.02323277270523234,0.02240219907741777,0.021550309464540344,0.020246401281909274,0.01998287627082193
2018-08-22,0.37515901935023993,0.07581402469344868,0.04678278924145754,0.034139686712402216,0.025728057256105177,0.023260168043098252,0.022419472601022533,0.021629478214851033,0.020204728669455344,0.019954852181284382
2018-08-23,0.37358060387245473,0.0763526165833272,0.04672203591556563,0.0343401050513337,0.02567248464519709,0.02329218297920431,0.02252479193654107,0.021645158715176336,0.02026432311787728,0.019973357499375906
2018-08-24,0.37342649689235935,0.07641989732851029,0.04674815737925602,0.034381562975604386,0.025648590964155924,0.023296187680688477,0.02253074116312764,0.021699849386252253,0.02025301235519845,0.01997796595222314
2018-08-27,0.3738551678502551,0.076432063489696,0.04669205666250123,0.03410449126512336,0.025492810739572064,0.023387592384608254,0.022526329975910402,0.021676162903499534,0.020282936036065794,0.019968589092380834
2018-08-28,0.37418767681845655,0.07625740034889891,0.04672341046558017,0.03409660397055413,0.02556002677011493,0.023537289223557543,0.02251525556203335,0.021742833030044754,0.020260636979628772,0.01994117122378113
2018-08-29,0.37404817871287416,0.07627539926815115,0.046651124261723784,0.0340430908420002,0.02555816379941349,0.02353088669422342,0.022491882823865002,0.021720424359405896,0.020249452994745683,0.019959502788784764
2018-08-30,0.37427472201073486,0.07629580392115684,0.046712466930056956,0.03404079284392936,0.02547562165349662,0.023568364334693066,0.022478583972566902,0.021766807834332682,0.020242508125639932,0.01989855288515505
2018-08-31,0.37456616570320156,0.0762066333703017,0.046700313044655516,0.0340947549425829,0.025457767758776152,0.023570373365970065,0.02242924205393763,0.02179060852086134,0.02024882090320411,0.019902774689428575
2018-09-04,0.3743618341274448,0.0762955358947999,0.04656361813056304,0.03404594603834404,0.02548066002375216,0.02346627996787015,0.02219544609390571,0.021859677649831592,0.020300162024011924,0.019940159871783245
2018-09-05,0.37389767222137477,0.07623411573213182,0.04651805131427102,0.03375963741112872,0.025864380067443796,0.023411284118744945,0.022286240998768983,0.021759816069228114,0.020310290123834052,0.020148831024864287
2018-09-06,0.37225975968439073,0.07907238379822554,0.04630126952178779,0.03370324870951991,0.026089791057638857,0.023209427954428475,0.022301012115482504,0.02171974490050301,0.020286898881583984,0.020141283770018163
2018-09-07,0.3719453507718131,0.0790129298030758,0.04638340349709909,0.0337123957696518,0.026058766398871242,0.023212954402743197,0.02279208451867275,0.021844625634652216,0.020312365426119597,0.020251161330212132
2018-09-10,0.3722926656696466,0.07914321795660717,0.0456327926844914,0.03221371287149286,0.02595035188414721,0.023172382907078994,0.023028970521271182,0.021701457846073684,0.02030100944752659,0.0201957458064467
2018-09-11,0.3722202754666052,0.07917241285941538,0.045564353848673016,0.03193466466010965,0.02602677530737301,0.023173965968784252,0.022996634863682225,0.02202788197622792,0.020342405541994457,0.020041040098771175
2018-09-12,0.3704216574341432,0.07946803396495822,0.04565120653104693,0.0320039612788085,0.026097311183338256,0.02360601865106626,0.02316507306063101,0.02228776971165217,0.020331057224577415,0.02005349916208777
2018-09-13,0.37033638947969416,0.07954284349131296,0.04543615504245621,0.03195453820617061,0.026106436369052948,0.02364442679280207,0.02319565912383338,0.022099473297253612,0.02059416834358205,0.019845621304302122
2018-09-14,0.3700831264877161,0.07940996702305728,0.04547927926693461,0.03181200244446489,0.026774047564082238,0.02408049872497535,0.023070674989203094,0.02204412498264643,0.020541374788168195,0.019810561092547356
2018-09-17,0.37022328287359635,0.07946846538204815,0.04550402898233251,0.03172573752641256,0.02691971208075892,0.02397802272752548,0.023065145839656857,0.021970095832365744,0.020656659659504178,0.019816537359976454
2018-09-18,0.3712403856937929,0.08029040958272926,0.04547472678455438,0.031549758014340894,0.02696540251565177,0.023894997296399385,0.023049043116007303,0.021957723662868113,0.02074927065388083,0.019862553694621154
2018-09-19,0.37141055612715135,0.08027893322453725,0.04572812195807548,0.031483034352143405,0.026888481673927853,0.023983344517870805,0.0230343793412071,0.02187957975747844,0.020616871023947114,0.019807920010610488
2018-09-20,0.371031011282122,0.08021939597524445,0.04582438909349786,0.031552347724175485,0.027217187978097825,0.023978973821675426,0.0229534488215524,0.021671216757504264,0.020740979842225175,0.019633666333731092
2018-09-21,0.3724602124284025,0.08014336176596035,0.0453060847525677,0.03153735352399149,0.027199301110546796,0.023930250176795162,0.022901168803767684,0.021838036837536906,0.02081191762377115,0.019657591402826306
2018-09-24,0.3720333035074973,0.0805365423003563,0.045089051931924376,0.0314073957364454,0.027349458400322334,0.02392956914162499,0.022887906273524838,0.02181573087654399,0.02080346155352072,0.019648209601428678
2018-09-25,0.3712192124099516,0.08174920884376564,0.04472023141885791,0.03127183948975865,0.02712262529682959,0.024312009951201526,0.023221878778947973,0.02183957481673752,0.020817388520351778,0.019570670968731288
2018-09-26,0.3713604796318684,0.08103836916291599,0.04457378648214838,0.03126181694991254,0.027164354605963132,0.024367687128508352,0.023307419806888212,0.02182150178812293,0.020893633092531193,0.01955289528446752
2018-09-27,0.3713612798999059,0.08097138216262832,0.0444420216176998,0.031171122394907026,0.027195309822171842,0.024406611528011674,0.023268254140815674,0.021785575086216386,0.020885368619498836,0.019528672347269804
2018-09-28,0.37193223518661933,0.08051029106977783,0.04427304350213094,0.0312311619479542,0.02730355919948062,0.024515324665952402,0.023271305480818606,0.021564731493590193,0.02086420112529779,0.019584794210116288
2018-10-01,0.37201449576162704,0.08043898822144106,0.04428081666359654,0.031192016130080574,0.027379698115376452,0.024403769961490757,0.023291294831997378,0.021479552996369878,0.02100827464490804,0.019594645123702292
2018-10-02,0.3720319694751577,0.08029688210321054,0.044273152192719496,0.031096173130473935,0.027508712870088825,0.024473097377741993,0.02326469908366274,0.021484760885676746,0.021034628061446372,0.019595908671702727
2018-10-03,0.37148168769521894,0.08065126934517977,0.04411704085822991,0.03086459951786573,0.027860098838665037,0.02451641818306078,0.02324601429224057,0.02144869743489495,0.02116316388208092,0.01958881264318941
2018-10-04,0.371184671081461,0.08093313559072547,0.04423205857535043,0.03084617081913431,0.027846848308895552,0.024478091013971165,0.02323469479277979,0.021635532578537186,0.021118209736159996,0.01956145128249176
2018-10-05,0.3709659318005736,0.0814506143721914,0.044146571110385474,0.03083129178160939,0.02775697326478646,0.02432932278195869,0.0231284663207638,0.022043089484818285,0.021050392839829637,0.019479265609389777
2018-10-08,0.3710251159164562,0.0813991422164831,0.04423817856379907,0.03123212947418654,0.027655909472577216,0.024280829266012584,0.02310784412089943,0.02202671896348633,0.020858975838844832,0.019616297715660147
2018-10-09,0.3700060637794308,0.08324883766307255,0.044106260520853584,0.031317060804023,0.027614016547553653,0.024218987771282837,0.023181823383296996,0.021924138280051825,0.020808292178851866,0.01961795417901604
2018-10-10,0.36929370082056423,0.08321682750673258,0.04402744538347854,0.031311222195799494,0.0276361505503956,0.0243422183957071,0.023248515337023334,0.02193634665398339,0.020771277298082397,0.01958041816960955
2018-10-11,0.3818817311560892,0.08192755820558782,0.043337605708115984,0.03072800551196134,0.02707452011650217,0.023799012638379254,0.022783558372405,0.021548901312781244,0.02063173915910786,0.019222211078036268
2018-10-12,0.3864735191045343,0.08376021039962471,0.04245608299261341,0.030318159611270813,0.02668365148769537,0.023694649528403694,0.022405403053883433,0.02139346287488637,0.020353109334938273,0.01893072872979427
2018-10-15,0.38854883631808207,0.08361675209141523,0.042258180194657886,0.030128488490797734,0.026350252221096476,0.023795553259730564,0.022339923293585747,0.02149434339006076,0.02027033478094677,0.018817533726565142
2018-10-16,0.3884161700233967,0.08436503756100344,0.042110549792980595,0.030112003059169237,0.026318293744918196,0.023768679683405045,0.022323009556338327,0.021774793280158113,0.02033328531937204,0.018771775141053774
2018-10-17,0.394133296803424,0.08358499655182948,0.042115061261335844,0.029687763000375966,0.026198142243382128,0.02367584575100297,0.022117458734560697,0.0215964286755618,0.020094537619476077,0.01862147181156384
2018-10-18,0.39376825057862563,0.08405254970686826,0.042148667484519335,0.029605510554922887,0.026233913384772115,0.024017610886865024,0.022302606977936415,0.021581487655114223,0.020172306590877348,0.018617169077997982
2018-10-19,0.3955125082498309,0.08419499070441484,0.041959907786526286,0.02930622960797192,0.026154749720414573,0.02382502477688968,0.022081538187131693,0.02144838351151135,0.020071525953038905,0.018520729912789427
2018-10-22,0.39563025615825587,0.08489896871765504,0.042032004973676367,0.030153929691031013,0.026135299698654427,0.0235623948026831,0.022371793141370836,0.021479536519056798,0.020054553673906197,0.01815461109699833
2018-10-23,0.39491307371813544,0.08625395662749516,0.04183346808701765,0.030031214937276906,0.02610186047834169,0.02343301283555496,0.022322436338465475,0.02146401044224559,0.019985788352430766,0.018153407125703916
2018-10-24,0.3938947851234575,0.08629811065113674,0.041926028385385554,0.03016915360377901,0.026021236888836455,0.02318449104027651,0.022186041496867755,0.021438359791014265,0.019752516724128227,0.018237215646822274
2018-10-25,0.4011358061929438,0.08631104801545429,0.04288061864112768,0.029527947602967064,0.025743449561004914,0.02303064288577705,0.021684616092133426,0.021093928706427404,0.01957973763522139,0.017935882246379015
2018-10-26,0.403966349262776,0.0870500281123924,0.04255128757563922,0.029267846222190964,0.025473419926073815,0.022781180928212724,0.021460231461144227,0.021022444069727444,0.019636542954235156,0.01786437846098354
2018-10-29,0.40614500044780316,0.08611530140383031,0.042761110283673395,0.02879678329551307,0.025190199709847233,0.022598983243441246,0.02160879571024653,0.0208434541675395,0.019927477616978218,0.017809247320353435
2018-10-30,0.4069234768248851,0.08821915270468374,0.04209102314900829,0.028740220107507458,0.025380656333008636,0.022881955428621575,0.021198219742567463,0.020537692512847577,0.019214732077181267,0.01781856223520598
2018-10-31,0.40883081085570494,0.08773945340841884,0.041950921600914653,0.02905090910750373,0.025014147482674526,0.02250328174871376,0.02106888245495037,0.020136805933745314,0.019226319575932904,0.017794984016245942
2018-11-01,0.40818634619497596,0.0895335916657465,0.04175835772022532,0.028963209391655916,0.025058114927656833,0.022572084263466304,0.02106582053770514,0.020203304407180232,0.01901221743145056,0.017678604135114254
2018-11-02,0.4078891724236025,0.08954585110297515,0.04163603598036708,0.028810240210771408,0.02496975832205667,0.02269055447804324,0.02119251166012389,0.02020613313735638,0.019142768296765096,0.017712280968100354
2018-11-05,0.40759876273792744,0.08963012671269384,0.041771847998860315,0.028755745203763127,0.026126122176862058,0.022590437292334873,0.0210327096908211,0.020199699090932548,0.018861865922985274,0.01775676741488588
2018-11-06,0.4074305313157672,0.09124329200179329,0.04127790958333449,0.028769957813235287,0.02571103156482467,0.02256926112022652,0.021010099084599266,0.020244352963301394,0.018891084496531492,0.01734116689477699
2018-11-07,0.40733864133444625,0.09093102838070097,0.04126638947295071,0.02896716494546451,0.025807364716988374,0.0223751381036325,0.02095357943068209,0.02017137075378021,0.018940952094723126,0.017402308004343597
2018-11-08,0.41147101558945914,0.09000676611760343,0.040805811554961484,0.02915222160454165,0.02558741649913664,0.022330943082942905,0.020881594813389488,0.020161008782538167,0.018855581343666144,0.01733111025647718
2018-11-09,0.4108930036027026,0.09017726126211265,0.040635056807756906,0.029194130298696427,0.025461126665645276,0.022319288032869474,0.020981213136215073,0.020186625278043803,0.01881352722266902,0.01733244095716117
2018-11-12,0.41033890913281884,0.0909220761552113,0.040465724626276435,0.029221705487273947,0.025363673415552897,0.022290893990478813,0.020844006213046593,0.020208070213993304,0.018895394118766232,0.017244095651729113
2018-11-13,0.41418461222131175,0.09143453601456347,0.04024192927761244,0.029039792267480633,0.025222373590049623,0.02195971905602527,0.02065519440684439,0.02005178662979973,0.01872129091264972,0.01708855261511521
2018-11-14,0.41376987760230055,0.09144794161122814,0.04016398062163309,0.029142865284933116,0.025227679029083558,0.02197783502553365,0.020643986828192604,0.02002755750738412,0.018736650909186442,0.017219780701034824
2018-11-15,0.413902091508066,0.09145212083500032,0.04000193229981008,0.029186377900710606,0.025086998355860098,0.022020111436103048,0.020650376969066374,0.01994196606291769,0.01876202408547999,0.017176781368574295
2018-11-16,0.41382858411384005,0.09148235738556382,0.03977308322373517,0.029200627193196823,0.02487021437020561,0.022064239166047106,0.020540476462189775,0.020240531473141504,0.01885087325630026,0.017202191555720527
2018-11-19,0.4124530927600916,0.09216458202734142,0.03974014609642496,0.029444491086940517,0.02485049796662329,0.022120792189390028,0.02060613639874863,0.020116953298020726,0.018914525832327066,0.017234080836938545
2018-11-20,0.4126517839780124,0.09446437529187526,0.040081940044824994,0.02940848557546658,0.02479227516367188,0.021963462806199985,0.02053103187924016,0.02004568361782219,0.01887216187526661,0.01706274649921532
2018-11-21,0.41399590738659725,0.09549056845052951,0.039524619727103895,0.02975265213253845,0.02448324677698878,0.022563492283911517,0.02045328734625102,0.019854082998947017,0.01864141021605491,0.016905654741999315
2018-11-23,0.41241516934358624,0.09617924903922233,0.03966778032076492,0.02997773347792112,0.024466808460550975,0.022589116766500245,0.020469190788830673,0.019814383889662782,0.018715711273539708,0.017115626474962148
2018-11-26,0.41203414148720224,0.09628754592383525,0.039688770451758656,0.029964598940648558,0.02438393894544566,0.022548096424988468,0.02039626691394871,0.020093723084718858,0.01876458789455711,0.017173676949405456
2018-11-27,0.412478386135991,0.09646340535571615,0.03942930218125908,0.029934576205373143,0.02431828742403807,0.02247204040012961,0.020347902703697122,0.020130023036944437,0.018719709639673128,0.017182857806040577
2018-11-28,0.41168904081436336,0.09676234427318921,0.039316150765001716,0.029794248568658834,0.024354609090222107,0.0225165799701896,0.020309517963993152,0.0200823174207442,0.01890084333472134,0.017257296950464476
2018-11-29,0.41598554374303426,0.09548468133546509,0.03891145012500015,0.029584286845372308,0.024192730276213565,0.02254408733067917,0.020081159788661984,0.019949189724721723,0.0187259232308404,0.01716482421824007
2018-11-30,0.4182843599427436,0.09378091560538634,0.036569301772215776,0.029643319215297278,0.024278606198842465,0.022360910379614237,0.02036564889349039,0.019715597015106976,0.01875463570570229,0.017360603539767053
2018-12-03,0.4188817586014868,0.09358532432715823,0.03686795556899761,0.02939612881198937,0.024090181562531402,0.022356456423358633,0.020369250544863927,0.019628814533814102,0.018874063079842858,0.01771513373126731
2018-12-04,0.4180351525161702,0.09434722516095607,0.03677228205263816,0.02949593143442839,0.024083068993180204,0.0222131067283873,0.020296729550385726,0.01957872813333216,0.018803529423197837,0.01765200105271999
2018-12-06,0.42945279817203474,0.09220287881138484,0.03430869164056574,0.02790544199782481,0.02358158815610097,0.02177554578188717,0.019992428234114196,0.019348689464688335,0.018655459535554374,0.01751478316516246
2018-12-07,0.4283954340047306,0.09226613356586812,0.03439101322573965,0.027782059045579337,0.023871722532205892,0.02184793268498606,0.020022367953187948,0.01952536576652985,0.01877080906761264,0.017512807420527316
2018-12-10,0.433605231686834,0.09163758435453458,0.03352819933498572,0.02763285231483906,0.023533508341952763,0.02160432757100566,0.01994604880206399,0.019519456385112946,0.01877386982510207,0.01735750142156299
2018-12-11,0.4331527913552715,0.0913161558448124,0.03406713999540122,0.027566493832121865,0.023570307144042957,0.021951676646879456,0.02007806283823287,0.01946534391653383,0.01873783437706125,0.017349714220444568
2018-12-12,0.43295003741853794,0.09138516428132985,0.03418008510577678,0.02749813801980105,0.023547856001331212,0.021923197646059173,0.020012416758873296,0.01948659582572109,0.01876152773103976,0.017366965568049984
2018-12-13,0.43272008445330373,0.09159200051238484,0.03412866570593019,0.02753163291970741,0.023446119304104895,0.022063757813381425,0.02006784643382005,0.01936118219253091,0.01871729925241487,0.01725446516326211
2018-12-14,0.4328048250042244,0.09167088324340708,0.03398364768730523,0.027516329771618917,0.023438992656961012,0.022250928936981905,0.020060996707181932,0.019087055635826,0.01872055978854446,0.017089496227182976
2018-12-17,0.43643610873218225,0.09084382343414729,0.033717674487167774,0.02747319228572602,0.02339521462878161,0.022011053774968984,0.020003879861817453,0.018943116034738035,0.018562197954501553,0.0170452928562061
2018-12-18,0.4405103643748636,0.08983945458231712,0.033760666056639896,0.027008045916597372,0.023509503578036973,0.02174467615043405,0.019792885679294773,0.018594214058258465,0.01848363060059485,0.016902715712393705
2018-12-19,0.4393323189771503,0.09053538396297145,0.03402337621993547,0.026972678151523093,0.023278521981519144,0.02183617240550617,0.02032098021635523,0.018651376129196286,0.018472964029852414,0.017310571292370035
2018-12-20,0.4408037223604528,0.08991875600619945,0.0337641757227161,0.027024916613317986,0.02319721025445186,0.021813389530705964,0.02004702522839794,0.018535545632356345,0.01845504620026079,0.017638723282474716
2018-12-21,0.4419999173768542,0.08940059864690686,0.03361891651368459,0.027888320990487207,0.02334614985185685,0.02157592831048264,0.019970872111564206,0.018616427558167947,0.018306583858731153,0.017927406518061503
2018-12-24,0.4425106402923479,0.08898791023491537,0.033490301930164064,0.027784187396299908,0.023456176295169422,0.021460723705273525,0.019853797524499145,0.019191029201516423,0.01826812104779122,0.01779454637689515
2018-12-26,0.44919369645281965,0.08919700318878777,0.03239375081656895,0.02779340462130498,0.02314277125287459,0.021096194962408537,0.019619256630569865,0.018935949506265214,0.017802619874435887,0.017438371572677115
2018-12-27,0.46372355125426024,0.08734653476578812,0.03153172658925764,0.0270649114402148,0.02247002500410756,0.0204780951575725,0.01903332585776883,0.018326548690316143,0.01738358087464108,0.016895490234848074
2018-12-28,0.46428782883007613,0.08742354093231286,0.03144707074284811,0.02701062181529262,0.022447980370082856,0.020441189333368318,0.018946269239019865,0.018284041883816115,0.017384915248306675,0.01686803913176312
2018-12-31,0.4639897850736998,0.08735024173993071,0.03142075632809977,0.02698722905467791,0.022599935382255257,0.020404764813969196,0.01893264390636304,0.01828951797436957,0.01737889808611617,0.016866665229177194
2019-01-02,0.4644060633010289,0.0873035076044896,0.03139694513082411,0.02698068580646349,0.02257575787003902,0.020394495680198552,0.01893403182546795,0.018326805314328416,0.017354391248841375,0.016848521487381526
2019-01-03,0.4624764831855713,0.08749164266056583,0.03186791565936512,0.027096315580912723,0.022554526809219554,0.020409659501494263,0.019292171059627185,0.018803186596762906,0.01755703954736404,0.01694811645555386
2019-01-04,0.467388959108983,0.08687722291836468,0.03138552916879836,0.026949814157975836,0.02204267146482538,0.020532896223132518,0.019174846623247616,0.01830997882331686,0.017460594008315154,0.016951037295920107
2019-01-07,0.4761139147002638,0.08539873397851803,0.030840269936309207,0.02656706842532812,0.02181704274782144,0.02021062223947721,0.01917445255666938,0.018061086629684232,0.017130601927838073,0.016733783919567022
2019-01-08,0.47577966047077347,0.08567579419514827,0.030828172045019923,0.02648330145444057,0.021704053702701384,0.02033079477691517,0.01949481369456817,0.018069288344061348,0.017109081447503203,0.016669978193986797
2019-01-09,0.47535248090162485,0.08552699760084707,0.03077426017850731,0.026454126375026314,0.02180057105425164,0.020317828780477488,0.019466569311583772,0.01814585899572867,0.017198294104128025,0.01663419588363054
2019-01-10,0.4747704273604256,0.08614492606701048,0.030903558720799012,0.026259083968132403,0.02178559749465873,0.020182324562391652,0.019472135957622535,0.01824400554724533,0.0171576885021976,0.016726878821107176
2019-01-11,0.47523453322218745,0.08613259366292533,0.030871709243942613,0.02617839656408911,0.021825515181440037,0.020197340961139704,0.01950791927544066,0.01828093353248332,0.01686902102605101,0.016692809020267565
2019-01-14,0.47522932778834914,0.08617769842744145,0.030782793598356853,0.02616670243389893,0.021898408516478483,0.020189684485195723,0.01950021757457539,0.018280115433521406,0.01684390271810127,0.016694034473045315
2019-01-15,0.4750081799161114,0.08608292464519941,0.031147490110327813,0.026250126179432502,0.021885173568395866,0.020384844571557748,0.01945829023631415,0.018320602793911348,0.016825651739682916,0.016656516971867773
2019-01-16,0.47474933656861845,0.08588034544930456,0.031847345455383334,0.02624798608508479,0.02186734414338421,0.020416551179388245,0.019276186750414055,0.01822550500313499,0.016894352680366716,0.016653322985025573
2019-01-17,0.47561016870156375,0.08594590085429502,0.03177738453222912,0.02644732174378778,0.022006279064819036,0.02051528794504964,0.01929913700111753,0.01822078926912552,0.01693868005051862,0.016598355290478515
2019-01-18,0.47531535642168854,0.08604782401402741,0.0318201636726052,0.026529798104561235,0.02207635818302928,0.020568352999270213,0.019339397177684303,0.018136085346232057,0.016950261538097325,0.01654674580824339
2019-01-22,0.4761208560947586,0.08585941168914635,0.0318168090201826,0.026394951692248363,0.02202131410122458,0.020477291021035297,0.019297366354250053,0.018145055109277042,0.0173278939227002,0.01650078516426508
2019-01-23,0.47652555440958533,0.08582711390346841,0.03176335344332502,0.02633099771359721,0.021963319324377176,0.020451800077951634,0.019566599562246597,0.018137043812109524,0.017297818234318283,0.016489553259036387
2019-01-24,0.4751673160314166,0.08635481981523005,0.031738308047255734,0.026420796089044272,0.021982293407222166,0.020526974431861033,0.019555390529381225,0.01805689283223922,0.01727186858495821,0.016467470597268812
2019-01-25,0.4740259970524027,0.08718665299506384,0.031763898944106556,0.026619005546081854,0.02212418388946864,0.02075979831967193,0.019509083673987015,0.018273129781848446,0.017309388480352843,0.016416579871771014
2019-01-28,0.473766994139797,0.08771486260303099,0.03153277894178824,0.026577896139345088,0.021982231999343127,0.02076766954171248,0.01968274418710984,0.018307596461269237,0.01728453178874309,0.016208815140478672
2019-01-29,0.47459637955787815,0.08755952362972284,0.031585950468512806,0.026443778351997,0.02198706760974781,0.02069925502760719,0.019503835655431588,0.018095043330039137,0.017319856603073853,0.016224234765314215
2019-01-30,0.4729513358651018,0.08766937185099638,0.03174805087528892,0.026579136022115816,0.022070865058785964,0.02071362323931866,0.019573668679019024,0.018204189469259325,0.017423176615311186,0.016260030274371774
2019-01-31,0.4728251897507906,0.08754011371387635,0.03214744765007732,0.026355645704823093,0.021993483310126048,0.021044462184337438,0.01961957652881916,0.018231009712780872,0.017345707058231595,0.016275494673223544
2019-02-01,0.4713591826925217,0.08726859317262167,0.03243948966301882,0.02628651584090513,0.022244964020295584,0.020881364259431535,0.019212869712162243,0.018317629350018242,0.017350303878713256,0.01686927770426268
2019-02-04,0.4716636413747559,0.08671349248481945,0.03254137323748913,0.025695584022897813,0.022261913738112593,0.021101896078142675,0.019277685945431697,0.01828665560220157,0.017311209340231993,0.01693126680352017
2019-02-05,0.4726046752612182,0.08685343203588795,0.032586623148188276,0.025331683775874164,0.02225209950757086,0.02100136310238455,0.01938809877115152,0.018356596095608108,0.01726680345784983,0.017005769313543546
2019-02-06,0.4708854061439648,0.08739896010859287,0.03260188396230925,0.02527353471934216,0.02228330584880164,0.020999932941909768,0.019417003294289453,0.01855344551341076,0.017312311113189257,0.017227504189079593
2019-02-07,0.45716628831964073,0.08811756275597135,0.03319120348331748,0.02607632898072014,0.023117535741459545,0.021794895116108853,0.020027635007604648,0.019246457749390315,0.017745869349794597,0.017595277173244783
2019-02-08,0.4574300124981451,0.08801607946473738,0.033406506996579356,0.02599638306343351,0.023314191501808232,0.021955413667649686,0.019986738447702188,0.01931091435377769,0.017796324211321005,0.01736163541717574
2019-02-11,0.4580158851497241,0.08805577386004541,0.03355102769388564,0.026132715146755726,0.023340103006365326,0.02191747831261877,0.020147563338163154,0.019193114990490773,0.017740234959373505,0.01705402558484554
2019-02-12,0.4469472226170308,0.08995150031364307,0.034331266204501255,0.026563741590498242,0.024004450330560163,0.022399062194410797,0.020582139097809433,0.01943761308944684,0.017979198038831506,0.01729931818899782
2019-02-13,0.4474281894823994,0.09024138339160515,0.03440774201691804,0.02657354865191443,0.024095868976936316,0.022419639114603488,0.020566676917055896,0.019426191839563574,0.018033703751876063,0.017280892074263837
2019-02-14,0.4465772608210986,0.09062913464101838,0.03455964368792389,0.026514530492432367,0.024167107952922057,0.02241371584740548,0.02057565658004842,0.019406626743458028,0.0179866454792096,0.017262209465995947
2019-02-15,0.4466320837553738,0.09030762364933206,0.034654033943758045,0.02647257699594449,0.024113720052342483,0.02237656887280084,0.020680321079351416,0.019447874827760475,0.01802767432829037,0.017194034014914965
2019-02-19,0.4468430211122911,0.08994117049410703,0.03465481001787738,0.02631923856345574,0.02414441485257696,0.022235897336781184,0.020700043991330404,0.019310834348691863,0.01810562941721553,0.017138595262813777
2019-02-20,0.4456618147409204,0.0901358071267225,0.03441290711288139,0.026676978218519058,0.02425665142732365,0.02230905886097882,0.020641677144697154,0.019342398829374077,0.01823408749694509,0.01709405499054153
2019-02-21,0.4458951488771221,0.08991449353481197,0.03444112742289335,0.02676045487385227,0.024216812598010663,0.02231943071147345,0.02060725486510611,0.019345006149702824,0.018256673168750123,0.017126695040092284
2019-02-22,0.44576962497007616,0.08842763304590315,0.03458971387080798,0.0270010664156236,0.024301527880308784,0.022332497531007363,0.0207176998653108,0.01937412521632944,0.01835218743142773,0.017232737561798092
2019-02-25,0.44623613679815277,0.0882721159806857,0.0347141173596498,0.027006835663362386,0.024316949440117294,0.022378884327548608,0.020771375348805618,0.0193865365758873,0.018153992068462393,0.01718762443274399
2019-02-26,0.4458724018686735,0.08840026251044028,0.03477569455582341,0.026799919832234433,0.024306320414487586,0.022195992553416186,0.020744130366108938,0.019414108400872092,0.018142877686876856,0.017158256858253285
2019-02-27,0.4437938491594575,0.08877799414780996,0.03503127185871444,0.026930348426738866,0.02447838733374717,0.0223501403861964,0.020860845365388934,0.019489273158917728,0.018180738131919234,0.01719968499704166
2019-02-28,0.4415086982756694,0.08891197987650348,0.0350672236127157,0.027102231777424428,0.02455406687018898,0.02244529975850483,0.020862522411254,0.019653144318087932,0.018191768569229338,0.01724083214991755
2019-03-01,0.4399307571424075,0.08854344282635745,0.03528281822924911,0.027170801511299008,0.02449791549170855,0.022634153703989753,0.020875291751190354,0.01980225023010672,0.01821405593488181,0.01730214871106911
2019-03-04,0.43903859627790376,0.08826604568832988,0.035241437504322896,0.027529570816744005,0.024564267623171897,0.022654390140009126,0.02092593988411608,0.019794927131240127,0.018309629658814528,0.017451433021655745
2019-03-05,0.43817837608779464,0.08832515095938245,0.03525690880293801,0.0275593682188417,0.024625692538794347,0.022596377974627564,0.021629298358494246,0.019814141547930434,0.01860681589718535,0.017495349689737157
2019-03-06,0.43806343135298503,0.08856779245113906,0.03514533617104814,0.027403217311427943,0.0246807039266741,0.0225815569594393,0.021485263002006354,0.01979297262800412,0.018651172366477717,0.01752780113662491
2019-03-07,0.437591983151061,0.08852292763177158,0.03521372117249194,0.02763442320204473,0.024531360987930507,0.022543264761526145,0.021572806905080087,0.01982431804836709,0.018669303139701582,0.017542310629584713
2019-03-08,0.43869723276988115,0.08842247517606833,0.03518164842213276,0.027570040969384747,0.024509069955102693,0.022554302929340138,0.021572211925502172,0.019838714512173106,0.01873678388406258,0.017558199708692674
2019-03-11,0.4393332900839326,0.08827403099522653,0.03501996131093265,0.027294288437662666,0.02457740161467338,0.022408058500194568,0.021632833478123045,0.019877460563943013,0.018484921235215314,0.017506827116836307
2019-03-12,0.4406663579787331,0.08726325815355974,0.034976685132599314,0.02756746038201039,0.02449118937379465,0.022337705068681747,0.021526073023041353,0.0199084303997843,0.018381904384733635,0.017525514214414197
2019-03-13,0.4385464046839663,0.0874375275555449,0.03502616428606372,0.027687364723299454,0.024574613475321347,0.022423278401533485,0.021651954358930102,0.01985560407108125,0.018528496226213758,0.017641276392225635
2019-03-14,0.4391841623229742,0.08723002261417723,0.03502194398828545,0.02766631269417871,0.024568760004894958,0.022414015302069695,0.021586101752757974,0.019633083907952514,0.018530176810261437,0.01761151495169867
2019-03-15,0.4392356827848336,0.0870884324025944,0.035017063347127036,0.027614392664084924,0.024693039484797123,0.02240881431198997,0.021601214655734356,0.019541346108090843,0.01874827741079313,0.01764654727370672
2019-03-18,0.4383747113736156,0.08699391093587185,0.03481952324452556,0.02761764216709215,0.02487051842914356,0.022630744872730875,0.02158907522852115,0.019566878181734113,0.018689531102378927,0.017850773385451293
2019-03-19,0.43815212686985106,0.08691907558546301,0.03478301104779663,0.02762767761643623,0.024941598559602138,0.02256319289560286,0.021485892945784044,0.019863168694566377,0.018653032881854964,0.017642762132566575
2019-03-20,0.43816285561455076,0.08699417732287998,0.0348920977710776,0.027798020171649868,0.02497634534719589,0.02253572578939834,0.021464525458236693,0.019785134671516755,0.018391343924696348,0.017688316491008712
2019-03-21,0.43588508820928085,0.08729752541676905,0.03527862256709198,0.027923612852786935,0.025116372501135124,0.022621278013925588,0.021539732288628897,0.01990551677318395,0.018415947862353472,0.017745357220598758
2019-03-22,0.4373138537842743,0.0870623333770311,0.03540203994786375,0.028002345572932363,0.02510749251671102,0.02266792823578741,0.021273867244860398,0.019723569165293692,0.0181489653235087,0.01794860209853562
2019-03-25,0.43950721662557585,0.0872735586714314,0.03514571961149356,0.027917577445639084,0.025034031367570188,0.022461166951562566,0.021121628784569562,0.01966291402735898,0.017924483994120666,0.017791200467253895
2019-03-26,0.4342757706814357,0.0878255912236231,0.03515359724742021,0.028098551901336626,0.0252414010760335,0.022771826460387074,0.02139953789160376,0.019784400040038407,0.01804129259873196,0.017959133327400727
2019-03-27,0.43101748974788173,0.08841317921979383,0.03548930109881681,0.028353515068327215,0.025459368308414835,0.02282855567031,0.021390110229394403,0.019880931910547652,0.01817052143417152,0.01811318643561632
2019-03-28,0.42614421649699213,0.08898719121436664,0.03586779882263655,0.028570759274435684,0.025823455938829655,0.022990718762747563,0.021559651078383854,0.02002094522321853,0.018356409583721905,0.018208978575414987
2019-03-29,0.42367431305472314,0.08808514425987322,0.03637894527168179,0.028781418393765988,0.026058113842636094,0.023052249488535036,0.021733268996763068,0.02013546609614099,0.018568404673799214,0.018247025850836374
2019-04-01,0.4250108540239255,0.0869865226567721,0.03648223998810669,0.028902691675582418,0.026017521983473506,0.022930574261426348,0.021618082789415294,0.02014214115537337,0.018713795024214986,0.018399835084818426
2019-04-02,0.4243358318075644,0.0873017884018077,0.03699353077080094,0.028970878211778895,0.0261212851092041,0.023058489648188397,0.021356207188399094,0.02022982812719157,0.0187596385800619,0.018040079026687906
2019-04-03,0.4195768254901172,0.08805869272403292,0.03730852398756909,0.029595601901188415,0.026326031620221575,0.023313556158442113,0.021606903535961515,0.02041526742174173,0.018962249172281672,0.01787708589020403
2019-04-04,0.4178874242970674,0.08816752539636152,0.037283912457787644,0.02977144274928043,0.026553449501913233,0.023440470699267715,0.021590200911336028,0.020576177676341185,0.019026735070214577,0.018066916068630517
2019-04-05,0.4164802268271624,0.08825454725276656,0.037743899647787967,0.029984329364981212,0.026593039505260038,0.023441140987565067,0.021854131501733643,0.020490380810791888,0.01890302472107387,0.01796204108989146
2019-04-08,0.4166582446193275,0.08833897301316193,0.03774163716974849,0.029820015336275305,0.026423085678207118,0.02340765828979215,0.022035772323111248,0.020415899497402197,0.019042541837230392,0.017877755582235137
2019-04-09,0.41117333279238416,0.08881870646669056,0.03806322874650535,0.030109615014221658,0.02671311421296173,0.0235883551060456,0.02216067264125868,0.02058801565343975,0.01919401257066428,0.01798084598924009
2019-04-10,0.4117466521176546,0.08895269309819587,0.038171480443811155,0.029725093771871665,0.02674857421078197,0.023640170112682587,0.022249915364890748,0.020683075543344028,0.01927596279054143,0.017845090703924954
2019-04-11,0.4096425499147941,0.08941000338965253,0.03840657479829922,0.02955507480230889,0.026926774194982395,0.023716955179952003,0.022391042410439654,0.020596341518395754,0.019425004402736517,0.017938870168610326
2019-04-12,0.40896605047636525,0.08941401528294046,0.038537511725642445,0.02955615436990402,0.02687542397444047,0.023941789036288238,0.02241135559922842,0.020544688620576994,0.019322600915504248,0.01793186817873765
2019-04-15,0.4075332583711854,0.08918761965728093,0.03805620930324602,0.030486716707205697,0.027259393713870393,0.02371109231433782,0.022725390017993046,0.02000893551096076,0.019465352701620843,0.01752967337867311
2019-04-16,0.4075356247924535,0.08901753662550844,0.038103032671130466,0.030444750036875544,0.02742264058123711,0.023776833851044166,0.022737442037537643,0.019801440495154435,0.019184913013750592,0.017628786215555782
2019-04-17,0.4061701597823045,0.08898057944504778,0.03865728431644888,0.03085157578284231,0.02738701797035155,0.023919188159708036,0.02285207069417203,0.019793165712484413,0.019155048626608204,0.017424097993497208
2019-04-18,0.4034818843945364,0.08846888595004745,0.03926276370868504,0.033008303858864545,0.02722393094833565,0.024077264804668902,0.02350080244231277,0.019867581381273456,0.019082512198046495,0.017432276651749224
2019-04-22,0.40298309671681576,0.08827218046619895,0.03924919075443765,0.03308007524646551,0.027187524735242462,0.024218621349659377,0.023516915685992817,0.01989788457367136,0.019100444902030587,0.017741667534471723
2019-04-23,0.4029637312056412,0.08854174932847114,0.039414383786232424,0.0328953890329806,0.026693184308855877,0.0245077243263651,0.023553945359017777,0.019945363842335827,0.019026592530314374,0.017633163662943298
2019-04-24,0.4026857969562951,0.08828067956649432,0.03929299756880509,0.032567168817431595,0.02665651468335783,0.02442321943262049,0.02358536065808256,0.020052093107990106,0.018750115233579234,0.01765851024530597
2019-04-25,0.40278672752675965,0.0882357350872064,0.039251191966109704,0.032491840430250336,0.026650257245926436,0.024624545907315897,0.023605481841574776,0.02004451347860251,0.018820375549813206,0.017744347857379755
2019-04-26,0.40031852878724833,0.08859061712142502,0.03975739098156678,0.03282527284854917,0.026611318547023966,0.024391597377604483,0.023876181955441715,0.019927301479855518,0.018792814996874064,0.01768000765998794
2019-04-29,0.3996175737793323,0.08868454580963027,0.03975517571921443,0.03259260343672318,0.02668202584835647,0.024135112334081044,0.02372420652433836,0.02060954185960829,0.018936890248423065,0.01781710707160144
2019-04-30,0.3997953648879754,0.08928532039780332,0.03955597206453169,0.03257512603919909,0.02679486650783537,0.024276563365002595,0.02335366391633811,0.019718134864893273,0.019009350313961323,0.017880617316969463
2019-05-01,0.39973055311016087,0.08979895992136186,0.039483868107292375,0.032641333586564555,0.026716771218508163,0.02420272857308315,0.023792000649035097,0.019821517895275868,0.019001679166863822,0.017938992764972884
2019-05-02,0.40014287210401434,0.08992505984168571,0.03949601460311478,0.03256215233861134,0.026613679186296528,0.024517741658692124,0.02373359586730736,0.01980927779883199,0.018989871743861676,0.018020468526324194
2019-05-03,0.4009656788803204,0.08868763909779051,0.03960616677132862,0.03271388663659225,0.02684688963268106,0.024635549668485413,0.02378237249919452,0.019813242508973254,0.01905694241300992,0.018045678605681223
2019-05-06,0.40127520399450783,0.08783847661632935,0.0396677412649122,0.03277016131905454,0.02682786948065827,0.02471042265624537,0.023840728793920338,0.019779662157248627,0.01907707862345012,0.01805628812139751
2019-05-07,0.401463011561277,0.08775125591045523,0.03964547358021257,0.032840141024080595,0.026930623247752437,0.024787709256487357,0.02386921730177137,0.019741566707968672,0.01911970076922812,0.01800291035277667
2019-05-08,0.40328442480451215,0.08764505646684057,0.039197091098728785,0.0324345639830828,0.0269395637000421,0.024743358024138785,0.023755835419514836,0.019853018146149336,0.018914915615816763,0.01805327905779278
2019-05-09,0.403639956627016,0.08706616632924064,0.039186755453857886,0.03246168506460785,0.026993394260323794,0.02467597292985501,0.02381854378253133,0.019941111460289932,0.018818076191430298,0.018085532357231714
2019-05-10,0.4038709995797418,0.0864495592235962,0.03901127505062076,0.03251268427537617,0.02715192135749512,0.02470779767092964,0.02385224321546398,0.01988726869918372,0.018778634627137396,0.018110418650296473
2019-05-13,0.4040941064701959,0.08675279789164606,0.03916575184967814,0.03240805233283011,0.027317899902127744,0.024711975606297145,0.02308918254194945,0.020004988184609624,0.018815842766537208,0.018113886470260503
2019-05-14,0.4078051483906142,0.0863495172597932,0.03903538932416236,0.03227916134305372,0.027042002520187337,0.024499912578405014,0.02299701683051871,0.019897944480959797,0.018712957893215632,0.01794083447057624
2019-05-15,0.40842887836774666,0.08626420734672212,0.03893038643270231,0.032208101964918426,0.02704451632977433,0.024408822597196754,0.02286071146292035,0.019983450857891345,0.018719825503903706,0.017948406764928444
2019-05-16,0.40847278149566507,0.08606821334239374,0.03898324745591343,0.032094663690904024,0.02696735906728576,0.02454318698431718,0.02282328022592967,0.020001143989899016,0.01865817996101102,0.01798048369376026
2019-05-17,0.40790479893941345,0.0861694398038608,0.039037382230264,0.0320903136884859,0.027229040897982185,0.024546191394928783,0.022793256537817486,0.020027671139247524,0.018645540867427132,0.017921890914265246
2019-05-20,0.40803897895169006,0.08628736880294485,0.03894801334987435,0.032105671405404206,0.02755434573725578,0.024562159736037825,0.022351498729691874,0.020018925050321792,0.018744394778597843,0.017740786089858063
2019-05-21,0.40837805496994406,0.08647169875739331,0.03906004852004833,0.03229691563439075,0.027987074235355656,0.024784229057721978,0.02216348033595912,0.020014818978696412,0.018866405091953833,0.017680288275039334
2019-05-22,0.408868116593449,0.0865092968764824,0.03897025429977994,0.03243940540849745,0.028064401836589262,0.02477334176905661,0.022120699128891478,0.01986788074103254,0.018890875161121222,0.017677938970319107
2019-05-23,0.40774424567505535,0.08685799501682323,0.039922160311050656,0.03230760296608897,0.027994918676842794,0.02464737319544444,0.021974048085696477,0.01998742073044667,0.018862282075230895,0.01763848857949659
2019-05-24,0.4082164065662296,0.08694850068272274,0.039878534930161746,0.03230358217767691,0.027977500310038726,0.024442813009955967,0.02198276622839896,0.019854148251483985,0.018877243583032517,0.01775190228857544
2019-05-28,0.40806736698923346,0.08703176733848969,0.0398768788225908,0.03238002052922653,0.028120953941029578,0.02454921175212975,0.021774489986118167,0.01986688856839847,0.018980866022134574,0.017768892173170802
2019-05-29,0.40884884888290224,0.08794728176337177,0.03984824514491419,0.032046112429707646,0.02820436733371681,0.02439746052516471,0.02173285972682064,0.019896316774428387,0.018924656027225997,0.017711304342614344
2019-05-30,0.40916124970333834,0.08783717283534509,0.03988062626795383,0.03181289090432001,0.028176841432187797,0.02437765428210114,0.0216434146202032,0.019841721992096155,0.018907417417922925,0.01757877244986414
2019-05-31,0.4084061989303263,0.08770867091320142,0.0398565690649125,0.031605183122437465,0.02833725762681727,0.024548793888865657,0.021676954088498488,0.01960259548680052,0.018965642443353175,0.017465507845030967
2019-06-03,0.40857245997454084,0.08701883245809522,0.04002983867035752,0.031492480499294186,0.028383211552506348,0.024492938603611826,0.021696954781696344,0.019793049563351133,0.018816703231255026,0.017350626818790193
2019-06-04,0.4061700231664698,0.08890792348745184,0.04068304164302397,0.03179128531511028,0.028643375483480032,0.02423989283448268,0.021688259665373192,0.019703960446531384,0.018814855558269047,0.01733979422095483
2019-06-05,0.4091084698570827,0.08888599427548396,0.04080929502374934,0.031653639218231305,0.028386752849880372,0.024109466604512814,0.021554623243769593,0.019544419215930427,0.018697914663959782,0.017305678694923384
2019-06-06,0.4096904964965416,0.0886563368565328,0.04088563001723821,0.032170730374321284,0.028463118656504346,0.024300174337217054,0.021305860148979998,0.01960364434395847,0.018741366000061942,0.017213482104850828
2019-06-07,0.4099922582466705,0.08827458025426353,0.04087960985989604,0.032160066742712205,0.028423637241580334,0.024333563656600225,0.021281089553640768,0.019922830499853127,0.018705870844408574,0.017095132187495844
2019-06-10,0.41029495084299317,0.08827713555160498,0.040951513273204225,0.03206232858583696,0.02846268115884112,0.024425085584099365,0.021322307844134258,0.020073997586340302,0.018453866208374303,0.017318973584754902
2019-06-11,0.4100303317987402,0.08804372727210591,0.04064425108324812,0.032040040843862735,0.028472151450964777,0.02430624754572632,0.021335587990857486,0.01978597722470631,0.01859246564108483,0.017365295942831163
2019-06-12,0.4096103984248807,0.08780911366899365,0.04059771801121559,0.03202505203504154,0.02864369547019265,0.0242685323883108,0.02123517965244792,0.019850947993374578,0.018654973658803014,0.01724436239356521
2019-06-13,0.40904474721489714,0.08822140679402567,0.04105190079494731,0.03191337303772134,0.028593569769545656,0.02427643888477036,0.021265166245228256,0.019836443843666805,0.018707650040793947,0.017137263429296588
2019-06-14,0.40833483368664564,0.08824394788737372,0.04120427598575497,0.03176118473357053,0.028562691865435138,0.024257650281603968,0.021279624762017047,0.019903380056382047,0.018608773640323553,0.017194517257444725
2019-06-17,0.40778739302496797,0.08840414614539492,0.041173096562879055,0.03179077772850455,0.02887282279319024,0.024221029984905502,0.021281044253766333,0.01993361189457686,0.018642137670946062,0.017181983677915975
2019-06-18,0.40846457154568827,0.08848786710695947,0.04122693235467742,0.031902976905594536,0.028917106217917377,0.02409083335384793,0.020889122777974625,0.01965000124910584,0.018737520478613275,0.017329359778847777
2019-06-19,0.4088302183044025,0.08837030787332166,0.04149371367978257,0.032168544181218714,0.028896757872906402,0.023983017586256677,0.020976443577483194,0.019488277285202915,0.018644648964734185,0.017334605780610232
2019-06-20,0.4090654667411915,0.08739385968571999,0.04193297907032908,0.03230965291183438,0.028859975685587583,0.023861586226006495,0.020816795721275774,0.019526353852887302,0.01851555185284716,0.017390032895183448
2019-06-21,0.40978461654473936,0.08690744509783785,0.04186062839693691,0.03238211463557079,0.028881162360806685,0.023672665074421277,0.0208639214299207,0.01945754700753902,0.018363910672188826,0.017400639387394633
2019-06-24,0.41012080710290993,0.086740224176441,0.041794698004150206,0.032600197547032694,0.02888830051286283,0.02349575465270531,0.020731381568318174,0.019430057577013028,0.018560723485714383,0.01741822420005695
2019-06-25,0.40936515163454007,0.08676585163934337,0.041780457603553214,0.03245409197438225,0.028990473494351316,0.02351935577519995,0.020871746128088012,0.01947067807718866,0.01853783802905324,0.017471438350981847
2019-06-26,0.41067356800981647,0.0860323025249894,0.04174918662695169,0.03251360314040306,0.028883231038043487,0.02357051796655872,0.02083268498938921,0.019432762654969772,0.018579534735466537,0.017078591971152413
2019-06-27,0.40859067880664435,0.08748459220994426,0.0423988592653379,0.032304908015042724,0.029291268548964862,0.02368807038174432,0.020916497772438324,0.019495797255565217,0.018624324174745938,0.016944196857482146
2019-06-28,0.4086079079600908,0.08725476130240259,0.04235398716672152,0.032312332104624544,0.029359424094695306,0.023672688468719782,0.020653313223006765,0.01950438612945599,0.018642215932912626,0.017068335121315146
2019-07-01,0.4076904203391308,0.08742381468954241,0.04256105295619975,0.0324039465011104,0.0293329347122932,0.023709048433888717,0.02061312403555282,0.019248161447971993,0.018731228735253274,0.0170543225419006
2019-07-02,0.40864997918396656,0.08765468914932098,0.04249165866059855,0.032390055428654724,0.029380787746356534,0.023557902525357784,0.020460195865388466,0.019524390244138882,0.01876231656410629,0.016882407224394165
2019-07-03,0.40895803553430954,0.08799597124422122,0.04284576212341,0.032456169461023074,0.0294563120233049,0.023577548478700645,0.020499267823076914,0.01939817418791693,0.018571413385261186,0.016933071283280306
2019-07-05,0.4099307099427721,0.08809801994584197,0.04285676530171268,0.032451097054516154,0.029424360659949005,0.023183893348936377,0.020502351375889787,0.019393211539350398,0.018442523908014128,0.016920423749918284
2019-07-08,0.4100157131423183,0.0880156780788219,0.04290617700313091,0.032226571975128446,0.02960147416017809,0.02323725561072635,0.02049454474304822,0.019417351515051546,0.018496007487863696,0.016875620937325825
2019-07-09,0.409335755348161,0.08818986654087302,0.04296171318454273,0.03246373445596824,0.02945270256563449,0.02309674351875059,0.02058589643886484,0.019460358993888146,0.01850017309651408,0.016926220775356736
2019-07-10,0.4089410205936424,0.08837213207965366,0.0429655850781382,0.032515562156810986,0.029515719825752934,0.023106769634120783,0.020565872946680278,0.019430339377879812,0.018525030379318862,0.01694293949730634
2019-07-11,0.4090244828885636,0.08825167718486104,0.04288844690971218,0.03242568314322084,0.02921862737807007,0.022927694775046303,0.020568629347006286,0.019766338416685073,0.01861977465488155,0.016778347992361223
2019-07-12,0.40764329070781186,0.08789522364782056,0.043072152759715245,0.0334999262592982,0.028993098221140184,0.023145638989581777,0.02048630475762468,0.019678243233556044,0.018802751488077897,0.01674872268253103
2019-07-15,0.4069251484489581,0.08794807836797433,0.04410503816464749,0.0332069224008961,0.028835877136598544,0.0229164801607741,0.020589429577985124,0.019772130412615135,0.018844465323820024,0.016670515538785582
2019-07-16,0.40668400019165446,0.0880596855968361,0.04414026592267211,0.03326199769443204,0.029136703896443794,0.022874004776918498,0.020650033511437724,0.01986634023980348,0.018923443737160116,0.01666235258569709
2019-07-17,0.407495294667351,0.08802920859434865,0.04402004896450273,0.03317112712221008,0.029077715189809172,0.022895221865980826,0.02058362238656511,0.019895600770547552,0.018945877147157564,0.01663281668913552
2019-07-18,0.40736637040648394,0.08801070053284316,0.0440564310414147,0.033201390793410904,0.029173947849626163,0.02286880722819407,0.020549220515974468,0.020166988776881507,0.018706020587284534,0.01659637227051013
2019-07-19,0.40709067144680966,0.08824109148525482,0.04391449961207148,0.033297103837624624,0.028768048389126107,0.022961288400059822,0.020364697176832654,0.02032651851918718,0.018516677907203558,0.016595822581114535
2019-07-22,0.40782881925044573,0.08826152739984379,0.044109538279403636,0.033236754360502274,0.028709154877409913,0.0229242159736124,0.020351363251736355,0.020288918262488527,0.01847485263691034,0.016605969069021283
2019-07-23,0.4087077353620432,0.08885012960393797,0.04419316529813446,0.03318582676398693,0.028720607680313648,0.023008752915220892,0.02034884436646356,0.020174450388406213,0.018478845341137858,0.016522083850374805
2019-07-24,0.40934290308025256,0.08856136767306254,0.04415843931898866,0.03326535635095898,0.028590379961805287,0.023021034720632442,0.02035513506841036,0.020182464616030765,0.01847642035331476,0.016560757154805154
2019-07-25,0.4089670904075223,0.08858276864944559,0.044311527224453105,0.03319347783702484,0.02861388665715117,0.02294818964980521,0.020332782380985466,0.020115438515386788,0.018691925118557766,0.016589466968812375
2019-07-26,0.40923405974439836,0.0884764323747748,0.04421353545698445,0.032577995794338635,0.02856299856562196,0.022840775724031315,0.02066308895358961,0.020158443890343908,0.01860534630420454,0.016580770212631143
2019-07-29,0.408130201920493,0.08864627557593528,0.04436026268977553,0.03282522044909254,0.02859911654587302,0.02305069580672597,0.020608942580737963,0.02006507152770749,0.018793220360512803,0.016672617210057885
2019-07-30,0.4091374692835323,0.0889113793322442,0.04412418420938417,0.03293308031718791,0.028781434205371128,0.02326691052622573,0.020588627177244,0.020161906520406673,0.018871084554751644,0.016660229922874893
2019-07-31,0.4093160584229793,0.08850275322070435,0.04415173902963373,0.0329986452468526,0.028607105649002967,0.02328276579182464,0.02076136791367219,0.02023784961638265,0.018883808622008176,0.016923397456784554
2019-08-01,0.4112877336155516,0.0874843373934303,0.04398380864249985,0.032871464195145327,0.028499340487831995,0.023207069105030276,0.020781358460793934,0.019808093988311508,0.01887910568814289,0.01715509965567116
2019-08-02,0.41154321336341476,0.08740586657121267,0.0454348514337676,0.032843355069249416,0.028242416189393833,0.023124815053001777,0.020703274987107667,0.0197465215777843,0.018832999136911353,0.01709855918528914
2019-08-05,0.41182434101155324,0.08792581876500173,0.04524967103296373,0.03301890493524368,0.028263282103609455,0.02300081348224128,0.02070186871198243,0.01979645666732379,0.018667709902912364,0.01709392294900879
2019-08-06,0.4211200571023943,0.08678104704107348,0.04462095154889022,0.032464071389453904,0.02769859152011027,0.02278887089241768,0.020308908506648266,0.019308839948784972,0.018597205233741042,0.016705909119889818
2019-08-07,0.42246410731533174,0.08650521700191831,0.04448500935493327,0.03239739535226828,0.027688166676425856,0.022617316727833986,0.020294180180233424,0.019178233260074718,0.018583324486342038,0.016686753421355872
2019-08-08,0.42146547242442167,0.08641957031477875,0.04441805501373554,0.03257155360999399,0.02822590495511545,0.0224742274025813,0.020337750856874566,0.019094770278360682,0.01849701913577297,0.016851887168451752
2019-08-09,0.4249179206959924,0.08596189469118676,0.044100540607112784,0.032426837742895766,0.0282750078378984,0.022096538754043635,0.020280898843665584,0.01910404520225432,0.018422793137143543,0.01670964574699865
2019-08-12,0.42452164989543817,0.08600489468385614,0.044170223100880354,0.03260727222391181,0.028212729613173296,0.022086643795439113,0.02031175519365358,0.01920825198905695,0.018458058993148126,0.016650698125621866
2019-08-13,0.4255034760798694,0.08589312717851916,0.044011862236796255,0.03264347370645452,0.0282086142134755,0.02200321697680708,0.02037084615550174,0.019122697498932365,0.018343896343836267,0.016637560960057304
2019-08-14,0.42772844902556717,0.08569733382142686,0.04384402902705288,0.032554240286676576,0.02808791657036804,0.021819137907360234,0.020316703555936046,0.01919734601565272,0.018327594826906848,0.016628974171754095
2019-08-15,0.43496818704374013,0.0849882462629099,0.042858549888538516,0.03229132544527531,0.027853355778119135,0.021501182123265263,0.019883387602456833,0.01896362694696572,0.018138594638715075,0.01641318176395815
2019-08-16,0.4338342472914775,0.0852343083930863,0.04288593548753517,0.03269144355669874,0.02772409861958296,0.021500343068664336,0.01976843004609385,0.018908933804614256,0.01812516260085937,0.01640322645157829
2019-08-19,0.435873459378963,0.08468134080827003,0.04288491398759368,0.032782586910557104,0.027559468473391902,0.021293721429577233,0.019718108866330224,0.018874865059574086,0.01807296652458406,0.01642338193048106
2019-08-20,0.43679892091716,0.0838875603591374,0.042874833513000886,0.032933038473455904,0.02750543089816592,0.02127470782233641,0.01975660096901886,0.0189266310980603,0.01810453199184293,0.016366678721106098
2019-08-21,0.43715836509377104,0.0839625485747282,0.04276766323738155,0.032811545737094786,0.02749970964069249,0.02121209222261394,0.019868795514275003,0.018789275983017068,0.018095995022511174,0.016326658945068153
2019-08-22,0.4381003317431514,0.08397874267555892,0.042749728719623556,0.032811840047067144,0.02748616301510008,0.02115272789734426,0.019838222030375982,0.0187169257672652,0.018124689128325412,0.01641663070160956
2019-08-23,0.4382550208810268,0.08377395447102448,0.04255802548528189,0.032834507590950475,0.02742283861708148,0.021124791232231092,0.01983731400568404,0.018699019133272318,0.018088802104388506,0.016426544996986148
2019-08-26,0.44502120724233746,0.08260373540838657,0.0423850922982766,0.032577777267676335,0.027067788762671137,0.020810176546965153,0.019492169742879577,0.01858862454196871,0.01802469494966502,0.016196100566132493
2019-08-27,0.44609291194050193,0.08211201116093801,0.04226249567067389,0.03232845057993984,0.027047221855498158,0.020978147357023098,0.019518273992309335,0.018503189453664314,0.017979809227361487,0.01647222786710507
2019-08-28,0.4453713188561941,0.08197258940458622,0.04221788013185775,0.03238955056465556,0.027331007768957753,0.02096429029193559,0.01954170844874595,0.01845562988878586,0.017844282896793795,0.016486050099756202
2019-08-29,0.4451308702041242,0.08191589068431472,0.04244858885464054,0.032364747021975546,0.027414553617747157,0.02096757938312625,0.01952592477875778,0.01844423913448031,0.01785897628392049,0.01645894417765388
2019-08-30,0.44610905458774447,0.08201222022644954,0.0423861407287676,0.032341526506480624,0.027340220259626503,0.021034191740593542,0.019542380427826408,0.01832252336124173,0.017789127291166645,0.016327654116794
2019-09-03,0.4460508453149375,0.082044920245351,0.042255925684511794,0.032423284131124185,0.027331551478696554,0.0210423096001318,0.019549095003121818,0.018292593600716507,0.017791533239701698,0.016323810208061756
2019-09-04,0.44606828304760665,0.08233015054574676,0.04218337180395272,0.03241564297833865,0.02726550349902077,0.021055240545274474,0.019619330950923025,0.018288906573477048,0.01774729127344692,0.016287168422783205
2019-09-05,0.4467250545084923,0.0821149001168227,0.0426701384848887,0.03243403970194803,0.027147046856340507,0.021244692240918753,0.01946338039583086,0.018239472346913456,0.01768022144903471,0.016235495819544064
2019-09-06,0.44792219506497144,0.08273958732775309,0.04250840342319738,0.03260153235953518,0.027035578479700822,0.021334516991082235,0.019490529921974933,0.01809188035998285,0.01758122307743697,0.016091013297656307
2019-09-09,0.4491605676848672,0.08135441584038033,0.042099466912681655,0.03247340293640212,0.027057715987540015,0.02139665717941119,0.019500971973989267,0.01812455246489502,0.017621253482036303,0.01614224821017856
2019-09-10,0.4478758369822896,0.08144320249970231,0.043707729405076945,0.03211714843440675,0.027194755426085477,0.021286356999900773,0.01941769010182808,0.018230266547021548,0.017530476590637462,0.01618634489939468
2019-09-11,0.4468129507517681,0.08111754987803206,0.04425485673267125,0.03213552847027008,0.02728420907926113,0.02121281758633465,0.020066877654394254,0.018225811839727726,0.017548565651433205,0.016102105148512375
2019-09-12,0.44705034217969747,0.08106533359996762,0.04419305956678776,0.03229284743199043,0.02707948661697128,0.021214793978027866,0.02009797990874066,0.01826130698173062,0.017597565253496913,0.015992990103771684
2019-09-13,0.4467799597814815,0.08107960212368914,0.04422297159197149,0.03216728913421012,0.026853568438524298,0.021216695390642564,0.020056277841379623,0.018273223355678922,0.017523918735068204,0.016009406744770197
2019-09-16,0.4468002201903621,0.08086429199291585,0.04417688171923948,0.032194588651542476,0.0272163320579298,0.021137404828155227,0.019882503993525345,0.01835309027139652,0.0173989208371264,0.016233025130386866
2019-09-17,0.4473565902721181,0.08115007261288117,0.043887735662137516,0.032258724486943974,0.02719794174122957,0.0210710843376517,0.020119095916875506,0.018499374089063377,0.017450824149810428,0.016140674487306238
2019-09-18,0.44756039478409704,0.08104085168908581,0.04399097504767174,0.03228085347215159,0.02732246710470029,0.021111636033144508,0.019989990015410977,0.018485521318913112,0.017271770551599203,0.016099767156903783
2019-09-19,0.4476435128635577,0.08088664223728859,0.043921942265613974,0.032236835070686226,0.02733426356750991,0.02110262632676044,0.02003630728359462,0.018512011570189748,0.017233157678886737,0.016073384297592745
2019-09-20,0.4476511502903641,0.08075986888371083,0.04429466585566046,0.032297735007677165,0.027307092448002706,0.021121158935881786,0.01990140117102424,0.018569311045796053,0.017266747571225937,0.01590768534236978
2019-09-23,0.44786682586306886,0.0808721659390553,0.0441287542896734,0.03273110476068561,0.027349414587162092,0.021027351732366313,0.01993930991951186,0.018340239223465744,0.017281912875878668,0.01585758304896741
2019-09-24,0.44696643264213215,0.08086317884813249,0.04433703304034971,0.032854195246239906,0.02742465307552976,0.02085360199633057,0.01996972933101452,0.018350161317348932,0.017306568836412517,0.015889560618251475
2019-09-25,0.4478053236798402,0.08097446087293043,0.04426874910180334,0.03292579859887082,0.02735773468644107,0.02054396515991952,0.02002235949113515,0.018419507068474998,0.017259421648468238,0.015733307010839543
2019-09-26,0.44876941836391393,0.0801085510251962,0.0440505993560889,0.0329254766593168,0.027388981226610504,0.02063346179930058,0.02000756510326014,0.018425781784466088,0.017332874247470067,0.0157237321371577
2019-09-27,0.4483744091519033,0.08008767380347724,0.04400034219791455,0.032931260460890385,0.027747226829088218,0.020571227735375505,0.019864910290027352,0.018372785383213432,0.017360851400369443,0.015726092372851275
2019-09-30,0.4481024536626942,0.08016915673800434,0.044131167659426075,0.03308927721621061,0.027750481380977493,0.020601823301569868,0.019870788365677666,0.01837304593799014,0.017336381694426792,0.015788027325004277
2019-10-01,0.4481252282750668,0.08018314239250804,0.044073090207481146,0.033060097821168775,0.02782392032213176,0.02056501253778585,0.019848955762303885,0.01835590347948419,0.017302403768371978,0.01590829769391675
2019-10-02,0.4486720363585735,0.08001273933135043,0.04415488936480013,0.03306949192574829,0.02783294388712937,0.021015303597942278,0.019783180207187747,0.0183252490688148,0.017246041527517048,0.01536873725710695
2019-10-03,0.4512725695671046,0.07984274535822068,0.0438113194726512,0.032608275800126235,0.02778839460859465,0.020765275163325034,0.0193334002518087,0.018238852398260213,0.017476132331395847,0.01544883274282612
2019-10-04,0.4524645512230173,0.07956411778856025,0.04374670203407175,0.03249688152771307,0.027921084483221562,0.02061835893177139,0.019331103420327678,0.018322783133430616,0.01739506027945883,0.015530807189438417
2019-10-07,0.4548141315649891,0.07929707046636354,0.043578641855392654,0.03217189185430281,0.027824727827924514,0.02057023620949904,0.01926644761382084,0.018177253219233774,0.017380314948928458,0.015516966100242157
2019-10-08,0.4551738794305806,0.07913497347218282,0.04351430830225048,0.03191576318619202,0.027727506714080762,0.020641979865500457,0.01926855208496288,0.018246813224079658,0.0175175435457574,0.015615055110671145
2019-10-09,0.45721759262557843,0.0787423961784273,0.04314004046035996,0.0318104004744914,0.027653601687097896,0.020531478266107437,0.019266021468685775,0.01783717522542337,0.01768407811599847,0.015723442935489763
2019-10-10,0.4590117815488446,0.07789391335816066,0.042461236246193926,0.03190662844947815,0.02755566327457621,0.020522136812669404,0.019122635506725782,0.01783772071505478,0.017503883247901503,0.015733243392575005
2019-10-11,0.4597418585488621,0.07793698810697758,0.04258223511476666,0.03202093428438234,0.02759708954589724,0.02057497885077826,0.019006181949373768,0.0177632631868719,0.017421636735928225,0.015788711599519285
2019-10-14,0.45242858799336877,0.07876316389819564,0.04338641737842071,0.03265200075758112,0.02801498768628641,0.020913147737295485,0.019219488064324403,0.01790628835620877,0.017508391062497623,0.015907056298332514
2019-10-15,0.44984512247105507,0.0773918521966703,0.04360189374305132,0.03290901746567675,0.028271981945162807,0.02109625160007408,0.01953010521025313,0.018118801486364963,0.017688158842319047,0.01603626291803852
2019-10-16,0.44878432077305497,0.07751677609692229,0.04297355047018901,0.03318865980568591,0.028257163707144782,0.021024370113010508,0.019591446147833282,0.01816105830629664,0.01796476651032188,0.016061795955597886
2019-10-17,0.44884960994491385,0.07738684077586351,0.04261949542225267,0.0332345529834862,0.028230563655499627,0.020974994979026912,0.019547935961574697,0.018178702368425413,0.017985696319636073,0.015987151988170648
2019-10-18,0.44475399470957355,0.07786648540784283,0.04280652566769119,0.03354430064104737,0.0285260913822008,0.021147795818217446,0.01967398709011797,0.018310505432650264,0.01812960305513617,0.016118530893074055
2019-10-21,0.44529282123749536,0.07764725672039359,0.04283890173710106,0.033507608942823654,0.028540038597395928,0.020791007473090296,0.01962898532399951,0.018307422940366143,0.018169056049676845,0.016115379270973375
2019-10-22,0.4441184990579065,0.07763872154903238,0.04326524435312588,0.03369589389767644,0.028454439314824588,0.020861769064129367,0.01945979203256403,0.01837349949220153,0.018131995891321046,0.016089872033133567
2019-10-23,0.44311499099411195,0.07697887921395383,0.0434045061256696,0.03313607891215893,0.028563171929395382,0.020773216391981014,0.019548125250614175,0.018413145573479835,0.018059398728548802,0.016576987795750515
2019-10-24,0.44275758841334345,0.07647609072598685,0.043460871629360784,0.032753445788568133,0.028496889119929935,0.020765006225447497,0.019712603902763585,0.01891200104060284,0.018077857860900003,0.01660824142300225
2019-10-25,0.44268245492597846,0.07691553631504583,0.04361891314067647,0.032764732111932274,0.02848496954107707,0.020861682862815974,0.020044849494942254,0.018984670470208617,0.017555431418576843,0.016742216405973124
2019-10-28,0.4373287224108132,0.07611254948126661,0.04447357727092894,0.03272542085682115,0.028687960704315344,0.02119076005714432,0.019694501648751715,0.019158844681110607,0.017778338816328565,0.017018597925047743
2019-10-29,0.4356355745935623,0.075173939877038,0.044901812317401896,0.033023628113633394,0.028197019301898548,0.021398017018585933,0.019811317835361247,0.019373163779584115,0.017823394237832742,0.01709564573747627
2019-10-30,0.4338103200766941,0.07578688181695825,0.04520439511707397,0.03275960444078123,0.028406396724544373,0.02162508735095667,0.019867830280842047,0.019438407462510545,0.017843299919957395,0.01721681810212394
2019-10-31,0.435643994733269,0.07454396847202148,0.044730042554223005,0.032739100434750035,0.02848599750240487,0.0216644699029169,0.01989928198051457,0.019542915238943907,0.01784770940250605,0.0172023085754656
2019-11-01,0.4344945581598204,0.07509404165464842,0.04381364709008213,0.032954334239517935,0.02866926938256468,0.022090808747890957,0.0201189937129929,0.019700152977588894,0.01775206678624513,0.017234081196523948
2019-11-04,0.43506352290377914,0.07501835805882709,0.04324711839186647,0.03312055073406021,0.02825969194549844,0.02219006905291784,0.020094358390315474,0.01946846161969028,0.017804095164785514,0.01716345327741845
2019-11-05,0.4337251277438867,0.07685437260139825,0.043661030077555625,0.03363256182994264,0.02804881835035523,0.022120070876675665,0.020226014420642254,0.019158253466070477,0.017800162919974133,0.017162457981216572
2019-11-06,0.43359147547972016,0.07714699585169693,0.04329509200795002,0.033603237628332505,0.02793378004717633,0.021899911899638747,0.019940882674836312,0.01860827788435581,0.01787969629541734,0.0171506839828673
2019-11-07,0.43396853944433905,0.07626351376164975,0.042967272692002054,0.03378373646614178,0.028009403440288502,0.022126648844457798,0.019992618205197717,0.01879510022188951,0.01797664869392283,0.017170901799382205
2019-11-08,0.4338292455048112,0.07670845580077965,0.04297748622457732,0.03375347507450424,0.02797085971062911,0.02206856186811913,0.020025916219977527,0.01886854008703159,0.01797085145682621,0.01709429951949831
2019-11-11,0.4300996917953787,0.07690133237578503,0.042758561199541995,0.03408428450028371,0.027808059170572587,0.02221243259398174,0.020558775149304,0.019172786885875055,0.017952433563655106,0.01722006332182742
2019-11-12,0.43077990859722376,0.076835825861786,0.042810935892317166,0.03409000156671569,0.02785253241127038,0.02202248971389202,0.020592578428822783,0.019218072823914707,0.01802057270333421,0.017219747291048408
2019-11-13,0.431320203712414,0.07610556640606841,0.042829304012978256,0.03419496683482245,0.02792844022673308,0.02203059197367988,0.020624251248779004,0.01923883591696481,0.018051739399462544,0.017202717518357405
2019-11-14,0.4277267718151767,0.07588357518464335,0.04300867452209491,0.03465282785501223,0.0281635150494464,0.022158458767403178,0.020710692250648862,0.0192828671509256,0.017960040388839266,0.017336591332248026
2019-11-15,0.427748201021901,0.07579439493392048,0.043088425214657076,0.03466754117482375,0.02791597780357571,0.02217823788410119,0.020808424214395892,0.019292013571609718,0.01790891450980993,0.017287907643430016
2019-11-18,0.4271505046835574,0.07585651782199056,0.04312238880932508,0.035390812433719644,0.027762243250765196,0.02210169225577911,0.02081117864607762,0.019231632813368853,0.018110594803729257,0.01721832212765249
2019-11-19,0.42665903128027477,0.07589158960930686,0.043210166273161224,0.035181855462321825,0.027797318589584938,0.022029201263448317,0.020776509372431133,0.019153062194071417,0.01813430361556942,0.017226218189846265
2019-11-20,0.4265841094052552,0.07537269934755615,0.043678080932048835,0.034657614810564716,0.027827499781250563,0.02211196248967687,0.020813986237269544,0.019150001303279273,0.018063386272136987,0.017357376824613826
2019-11-21,0.4266577769926729,0.07506672385414966,0.041801566370213136,0.0339060973108956,0.028061302227962742,0.022348531427949608,0.020987227925907303,0.019361541761247526,0.0181316429405984,0.017395144545157067
2019-11-22,0.4251197438588854,0.07541281357200631,0.04037704481445728,0.03419342376539658,0.028056408804936296,0.022609491701090657,0.02123778476447001,0.019651946327160188,0.018273571606791647,0.017486303148107788
2019-11-25,0.4260928477098081,0.07487553910185732,0.04037343666101205,0.03413726533151595,0.02784409852591461,0.02262048828125259,0.02132935210945001,0.01965068816455725,0.018358892150289453,0.017532168568547692
2019-11-26,0.42607077725696013,0.07473142752576233,0.04079103636217891,0.034182996323352914,0.02791349918667969,0.02251522093867957,0.02133195159054106,0.01964250459055414,0.018335803415884373,0.017472474012341466
2019-11-27,0.42561433611246585,0.07520790613439886,0.0405793925342293,0.03434716634289638,0.028041006215327496,0.02260730378604184,0.021223560060840287,0.01968083415601942,0.01835582498933985,0.017469721222850815
2019-11-29,0.4265555018787848,0.07504395765624669,0.04063972439327205,0.03438064559439421,0.02806269635527491,0.022649147286951464,0.0212670220111887,0.01969394421309889,0.018422973962525103,0.017353361628142234
2019-12-02,0.42271669537745393,0.07551243922349817,0.040986775552878316,0.03472317990256164,0.027912172829458473,0.022863560771019534,0.021369979744077672,0.019784955823437773,0.018546834074858236,0.017333799348611553
2019-12-03,0.42367741471194537,0.07556771523469263,0.040956320943308415,0.03444940089747288,0.027876183950849304,0.02288591449728701,0.021298870699823585,0.019779479863704354,0.018474329764698955,0.01723753133933397
2019-12-04,0.4228323097136906,0.07599610558385131,0.04138936794857578,0.03468220335492938,0.027406096915485238,0.02287981453275393,0.021344141721230347,0.01991177453852845,0.017810864179683753,0.01728015758848119
2019-12-05,0.4240529700073125,0.07433434597584634,0.041618690052262035,0.03486472478043981,0.027407061518472036,0.022999626118303838,0.0212724051305586,0.01990589586266111,0.017689931720558258,0.017276158201782812
2019-12-06,0.4156284109501901,0.07455819543446951,0.04256834718522299,0.035561192870766666,0.027836279606391196,0.023334604104502953,0.02162031791726797,0.020138843683311265,0.017894829454358798,0.017051247549734805
2019-12-09,0.4181937361166869,0.0746707582688263,0.04249574003116363,0.035326406352804804,0.027866889997074793,0.02326855717447766,0.021651324264972807,0.019401054233051843,0.01793274284383407,0.01697221860218404
2019-12-10,0.41279408613357355,0.07529965158605183,0.04280113912694612,0.03582997881968244,0.02820406962331794,0.023496607977895705,0.021736852171133407,0.019495398326841308,0.018141171219743676,0.016893515376977426
2019-12-11,0.41359051823269866,0.07549105492925547,0.042216299781157825,0.0358978627846271,0.027992237526603098,0.02342701924963367,0.02180761540352964,0.01952041631574466,0.01816472235891039,0.016909393051813517
2019-12-12,0.4137433165292998,0.07538790271521002,0.042260758129682705,0.03592081926095093,0.028007384278267423,0.023305968275321165,0.02181485889995385,0.01944245615350551,0.018167001974469174,0.01713580777486851
2019-12-13,0.4143553666263439,0.07541134650358645,0.04177142496827493,0.0362638664285257,0.02795327826543491,0.023255833501155062,0.021705010617537383,0.01937722719758304,0.018048591921460216,0.01728916134621262
2019-12-16,0.41338123414886857,0.07542706848234063,0.04181362556980291,0.03661567252041844,0.027872572227811452,0.023222385444818434,0.02165942211140914,0.019371072170037446,0.01809942937220623,0.017270292455012486
2019-12-17,0.40932171008994134,0.07556596128300737,0.04210342017356548,0.037192486745488834,0.027906181354956885,0.023477980848538808,0.021917753248436422,0.019546105508317032,0.018081581009828512,0.017430741020698217
2019-12-18,0.40377589302945077,0.07577176727521397,0.04270577246861371,0.037527231325678714,0.02813882313716849,0.02367793801236777,0.021932458690082247,0.019925461724780446,0.01827509325765584,0.017552422664958555
2019-12-19,0.404528160811291,0.07562130113472787,0.042782553731380416,0.0369630750204843,0.027972772904666578,0.02377385947336166,0.02197505582929524,0.01987131131940947,0.018384545466491764,0.017712958580911993
2019-12-20,0.40253800501768144,0.07599985723436253,0.04306566318957887,0.03723252497316921,0.028231074614725786,0.02344989028718049,0.02205650990333734,0.019977008748388824,0.018438862624779312,0.017768887348381987
2019-12-23,0.40026784389016734,0.07642330594202681,0.043415839009864024,0.037096341792619135,0.028355895882506543,0.02347573569984484,0.0220483401705954,0.02038218047958441,0.018464929447454235,0.01796436369742255
2019-12-24,0.39904496023792985,0.07690146527957911,0.04349793148301263,0.037049939689761904,0.026672246199442647,0.02383976653125482,0.021933840949665186,0.020559798780647686,0.01877238081627966,0.01798612693859369
2019-12-26,0.3894056872283475,0.07841987835927602,0.043234048832609166,0.03768312903723883,0.02689274609490094,0.0243887959278886,0.02225612716328916,0.02109588307438589,0.019054366180290702,0.018433218379212343
2019-12-27,0.36819045744538037,0.08068756661567662,0.04491062629296515,0.03920801262409798,0.02801790031097494,0.025211858002896655,0.022998426173353844,0.02181530292181866,0.0195381834962968,0.01914512775406538
2019-12-30,0.3676744031562035,0.08034926427768847,0.04503375166161654,0.03931916983877671,0.02808347347062369,0.025200923224393462,0.022951741993241414,0.021875260374859536,0.019571659975409526,0.01917457587329007
2019-12-31,0.36887007223185214,0.08031955455541084,0.04499343588971036,0.03926982757833608,0.02794587103818908,0.025092514821233897,0.022939854275332225,0.021420138426770558,0.019577435629340355,0.019214919697790486
2020-01-02,0.36834150269784344,0.0801785723417059,0.04511911733773161,0.03932735929041297,0.027996689261159814,0.02500381717408745,0.023010329232687036,0.02128072639843107,0.019606299521640856,0.019251395650449872
2020-01-03,0.37002026861161447,0.07930540633086358,0.0451909879466721,0.039334078073984986,0.027192185378120452,0.025210448621746245,0.0229812578802074,0.021080819264197224,0.01974297027790635,0.01850150031292056
2020-01-06,0.3620033223959786,0.08020686997368044,0.04530086309933435,0.040091654460469965,0.027582495743811507,0.025588831398579474,0.02338462365009517,0.021393243709721944,0.02006760048839144,0.018711759793971956
2020-01-07,0.3470168721160277,0.08172380504869735,0.04673933856930874,0.041150045065911814,0.02825432652641737,0.026320458568648827,0.023805516079501283,0.02178341623896504,0.020402268662132326,0.019168732194426996
2020-01-08,0.34693294554401477,0.08166557792474297,0.04669986377448009,0.04119103638059241,0.028267892365672006,0.026382053367694187,0.023988192209091104,0.021486301059885148,0.019900856348820026,0.01934140882569995
2020-01-09,0.3467511694524966,0.08146109224591713,0.04691430057038752,0.041416101852561796,0.028085109243041764,0.026507635181950963,0.02407757980322819,0.02156342891086852,0.020013338624929877,0.019481599816011278
2020-01-10,0.3481869828844267,0.08113446772921444,0.046423242910196484,0.0415409219910803,0.028114139064765595,0.02624181054598894,0.02413128101515676,0.02148358288109202,0.019964403899245805,0.019563215492612838
2020-01-13,0.34844123381350706,0.08135183358514192,0.04651880656237636,0.04155733475517558,0.027957732403327797,0.026267040077033416,0.024087259528938157,0.021486792760918937,0.01996120042439312,0.019455493843400794
2020-01-14,0.3488776445779853,0.08110325769742739,0.046427153577165745,0.04162172086342277,0.02785613796880912,0.026439851292906307,0.024070320534640307,0.021652419332725988,0.01986505579526648,0.019319473324561794
2020-01-15,0.3478749282372007,0.08077273028652125,0.046129737264435665,0.04176981105782044,0.02784306485336785,0.026291595971390455,0.024218882314968642,0.02171300435975128,0.019915383451594288,0.019387455732993015
2020-01-16,0.3473269568210297,0.08133533622597487,0.04575298284383814,0.041973808363774144,0.027759396672022763,0.025809096705514137,0.024352763304062473,0.021620832469157792,0.019963020996195395,0.019447276806271136
2020-01-17,0.3480491396148376,0.08124631438508668,0.045756970919677974,0.04202263634738666,0.02755603412498199,0.025711221434196414,0.024340470926051388,0.02170925358719694,0.019998594011064595,0.019452085868404023
2020-01-21,0.34727456125056305,0.08121643945593351,0.04578308413203413,0.041954189849229745,0.027656687237181996,0.02574140584897489,0.024383516288904786,0.02166786274784031,0.020062323319944352,0.019453768128498434
2020-01-22,0.345157481763366,0.08153509900714138,0.04551045354251814,0.04233962158702864,0.027731752989637377,0.025998754070251623,0.024164462647991852,0.022277364823870906,0.0201615025786955,0.019489296167916625
2020-01-23,0.3432657247054715,0.08141053349869981,0.04573789087986072,0.042521952979927995,0.028091356211174204,0.02612159619558403,0.024150308187422483,0.022237644933518395,0.020233060217832607,0.01959026102420734
2020-01-24,0.34422317505834343,0.08104813943608394,0.04523542505361655,0.042705046108449135,0.027835876478785458,0.02617480991595298,0.02433020595378855,0.022226151789001974,0.02031223131007424,0.01944447544316863
2020-01-27,0.34676120847579134,0.07961647829989299,0.04526749949989948,0.04292900521615163,0.027771185347474827,0.026397596025302995,0.023918880572958545,0.022110415714457706,0.020523037048913863,0.019649739989983022
2020-01-28,0.3509529797754513,0.0798279801173951,0.04456546614833296,0.043004556142999334,0.02751169674999398,0.02632750908232855,0.023749075536556686,0.022010278181760035,0.020163729255194947,0.01992192104773003
2020-01-29,0.3512166141689947,0.08009618663925967,0.04447925782565616,0.04320566613848808,0.02749140320312931,0.02637299179673534,0.0238355690133195,0.022081952465120375,0.02015958684062154,0.019651144991340918
2020-01-30,0.3514774083839348,0.08014086492158726,0.044941608280952845,0.04291799030226457,0.02748071699673563,0.026288943469565677,0.02382073397405188,0.022015396623043984,0.020122939582937826,0.019674808334454376
2020-01-31,0.3486436459692096,0.08025635713304939,0.044227350615286674,0.043206383034171805,0.02752703390093097,0.02560259752355987,0.02411020762440303,0.022175430973534332,0.020788148694143815,0.019746219786451916
2020-02-03,0.35489577007340184,0.07921466901428727,0.04406054386215998,0.04341772423820341,0.02711306611888173,0.02472965553776563,0.023167178198408845,0.02196779378324757,0.020275104503127427,0.019730936088960642
2020-02-04,0.35647385267501047,0.07926632612561592,0.04531509136930372,0.043420826298406795,0.027007240748395188,0.024710864482934792,0.022958946259277857,0.02104849035232042,0.02018784651252449,0.01997366190550294
2020-02-05,0.35897798711825646,0.07911058963567422,0.04524940521129199,0.04280663790120696,0.026852167882456653,0.02470636951697119,0.0228490814161449,0.02099038478319469,0.020238360262861608,0.019873051597191816
2020-02-06,0.3582904450732281,0.07857464867157256,0.0474395798344961,0.043157167672438754,0.02652737974646057,0.02482988015391396,0.022799644027142293,0.020931421339240558,0.020358465336285984,0.019629032002078727
2020-02-07,0.35875976840373164,0.07856509733367395,0.04732393238893472,0.04310806665036591,0.02623943631259758,0.024837552947326067,0.022888798806048046,0.020832832610277865,0.020356338675398447,0.019805270281190737
2020-02-10,0.3574006373325147,0.07863041578497827,0.047343699898510457,0.04270694538055754,0.02657493195997984,0.02486530277859443,0.023082127241747765,0.02091491346495104,0.020411266083345887,0.01978175671950957
2020-02-11,0.3577916297639326,0.0784769831928139,0.04765419817296254,0.04259211650053907,0.026413134292871232,0.024824387206595015,0.02312433673939133,0.02066438094329336,0.020403773216731397,0.02000076290017316
2020-02-12,0.3572724797817265,0.07859842217123056,0.04751944522174411,0.04263250967213446,0.026551396388998758,0.02472458381865334,0.023013505649562376,0.02065432363879966,0.020519850115695952,0.019962865861668868
2020-02-13,0.3551926930545783,0.07931887318476041,0.047561566393990756,0.04268933473012503,0.026754862186876588,0.0245763607923177,0.023092018434962273,0.021045293475187198,0.020582935491137426,0.01990888249812262
2020-02-14,0.35478020873109123,0.07924041075046095,0.0473049694773612,0.04334083472982997,0.026740624976266378,0.024744706920178758,0.02312060945634854,0.02103158396569361,0.020522080601340278,0.019910161081667696
2020-02-18,0.3545317839380096,0.07947397722230944,0.04739387928359176,0.04337740495384137,0.0267057426589756,0.02480540943140491,0.023244077405237228,0.020933669054281828,0.020516697202072203,0.019903051548719842
2020-02-19,0.353406988374747,0.07943870677898839,0.04715560613793317,0.04358429727415208,0.02702649850603656,0.02500994625224688,0.02336238591323442,0.02109734147041394,0.020575205885338458,0.02001292907212317
2020-02-20,0.35347135240350563,0.07966949520637197,0.04717165293160731,0.04335413055198024,0.026909029692193973,0.024881231227458767,0.023343361903864053,0.02112018094614175,0.02045814545262858,0.02006163791056974
2020-02-21,0.35370889693669894,0.07960279467203389,0.04712136739357902,0.04333536184147198,0.0267944739970308,0.024952191646892177,0.023323049311045545,0.02107593352012712,0.020405097058386678,0.02008763687950448
2020-02-24,0.3540886249757153,0.0799677065364567,0.047753379402924276,0.043235903115656685,0.026699836038995756,0.024920939314136425,0.023196957122687253,0.02117657793672244,0.020318125996794518,0.02002617322177617
2020-02-25,0.37061767153560615,0.07815174793823185,0.046282140119640894,0.042387070203598706,0.025986212486388733,0.024276768705361048,0.02279717943002138,0.020656993333349673,0.01984265995961995,0.0194399216465847
2020-02-26,0.3827061785585806,0.07689061681769692,0.045598868570085785,0.041328306289378294,0.025690869534830622,0.023665635533382853,0.022324474512451554,0.02025699284960627,0.019555359267591478,0.01898721332567301
2020-02-27,0.38187319222386057,0.07673644783350549,0.0454898885772203,0.04126808906501049,0.025944978426714352,0.023679683454387736,0.022229732895713103,0.02033708216782458,0.019626381999314307,0.01897641904652781
2020-02-28,0.40405781006816116,0.07446223215267349,0.04403134156754232,0.03999304588452559,0.02504122917872237,0.022931091250932744,0.021606252541115083,0.01941936142435529,0.018896452669684555,0.01829598584890623
2020-03-02,0.40089050662328185,0.07664467461654431,0.04485026242088417,0.03940853705854375,0.024727614927615063,0.02289758625156875,0.021416604605644075,0.02007981778214112,0.019133065101361212,0.018128912834148813
2020-03-03,0.41586468309826924,0.07608921535184447,0.043616902452890835,0.0376372770882078,0.02404560063113341,0.022802935759621376,0.020971771214708904,0.019445981282188305,0.01829845091758778,0.01772401952254622
2020-03-04,0.423926814723139,0.07502682923812388,0.0426150723643244,0.03701627914424773,0.02394990662857212,0.02261107425058661,0.020549385274957775,0.019171626269166245,0.018540294665087047,0.017166223190651437
2020-03-05,0.43914017794469457,0.07380147291434788,0.04176571877458516,0.035666898871978055,0.023171695561688344,0.022145624594461785,0.02002206507249446,0.01867465554784298,0.017903680509194338,0.01663989177891849
2020-03-06,0.44891857472072,0.07230031767578574,0.04085420479324823,0.03530174773893284,0.02275697271329758,0.022038668511525313,0.019688884476114273,0.01847263182648432,0.017626235535450098,0.01637164938657212
2020-03-09,0.4482466624777338,0.07202081340345765,0.040415156269635974,0.035492256521802386,0.02296839516327532,0.022092526598323756,0.01959101541368253,0.018374081933685834,0.017633314093472074,0.016287024829507363
2020-03-10,0.46867406599469674,0.06931959241972165,0.0387389500398581,0.03423178313872251,0.022060528903368876,0.021246520663357887,0.019063961322286327,0.017750662234525073,0.017088379229410967,0.015710193224446608
2020-03-11,0.4806258664302074,0.06802469401089709,0.03767144926448804,0.03333504374026234,0.02151877863368603,0.020691675286078792,0.01860418022259151,0.017244288972268082,0.016676207073775297,0.01534229392130023
2020-03-12,0.4949227384370748,0.06611687948005204,0.03659250771112164,0.03283637178034077,0.02100101948579775,0.020162090366039186,0.01807639661651973,0.016708696467051004,0.016220873346106987,0.015044771221469841
2020-03-13,0.512437107897991,0.06385762772898877,0.035169419731830326,0.03168236014758596,0.020563338672744298,0.01968003298605746,0.01754281597451894,0.01609220687769071,0.015648575073273968,0.0145588946437531
2020-03-16,0.526786077622225,0.06209627163075165,0.03408739020303221,0.030687568454689416,0.019968045350111485,0.019042449056361502,0.017052698388667263,0.015683920622119433,0.015277551602762094,0.014148942406278115
2020-03-17,0.5445486480232439,0.06014106520595946,0.03280096711635673,0.029637379271760907,0.019319350691828305,0.018467099374854877,0.01649507750354124,0.015138792008310085,0.014698311953642003,0.01370724334351187
2020-03-18,0.5508428977362171,0.05870831876919982,0.0319748701801675,0.02881443938649753,0.02029834700956218,0.018126582410189947,0.016899455844803696,0.014842748310593819,0.014691223158078626,0.013572921594608794
2020-03-19,0.551671447836007,0.05734807219423799,0.031159795211695353,0.028498499714691344,0.021179929318600427,0.01969213311129048,0.01750160963123494,0.01528398095600057,0.014403609519014662,0.013667522720998072
2020-03-20,0.5433236288760889,0.06314627644726106,0.03165463200595303,0.029037809807805876,0.023404511242935095,0.019385693552712996,0.018544464113711155,0.014949788306408224,0.014166764919435597,0.013460194359842042
2020-03-23,0.5460789077898675,0.06247012995668115,0.031157654535376885,0.029379240845133964,0.022866083412251707,0.019128259772060476,0.018470883318250027,0.015056327496950885,0.014213758693536513,0.013329207929531888
2020-03-24,0.542103281722423,0.0633589359377004,0.031747235618955746,0.028676286093270942,0.024739656203942865,0.019546328183350194,0.01875700468985002,0.015207053112789698,0.014141188643742674,0.013574983520350031
2020-03-25,0.551288203398581,0.061798408955126324,0.03095363428296258,0.02822420445726882,0.02461216530952151,0.019033633252225124,0.018527220189001898,0.014828362224418908,0.013853958741782323,0.01330073860824559
2020-03-26,0.5439440180387609,0.06136497707342643,0.03312756651182398,0.029942792098659996,0.02779174825525385,0.018818417419375014,0.018229314196269997,0.015467931382856825,0.013852782644858294,0.01355897181580614
2020-03-27,0.5540379389370749,0.06000637724604074,0.03241499709246738,0.02933644278051628,0.027103764219970038,0.018436859405529707,0.017758046909104833,0.015128971367088342,0.013503558790688252,0.013400270589362006
2020-03-30,0.55691070364561,0.06040712013829514,0.03185521795526971,0.029137750777887866,0.026871987168493764,0.018332566466186955,0.017463726100468847,0.01489547452946105,0.013348970447708232,0.013241281583111771
2020-03-31,0.5608634375229622,0.06022643126015979,0.03157760905652783,0.02877529736151561,0.02633228482351077,0.018086851312935595,0.017565878427415922,0.014636804157483887,0.013354810280062898,0.013096267669094198
2020-04-01,0.5601015995869005,0.05922914929831719,0.031757916302938,0.028551081939212457,0.027423208713492467,0.01829355269302379,0.017645340637907854,0.0145301150760864,0.013261525747265985,0.013165816236094679
2020-04-02,0.5651217026504181,0.058292338069221204,0.031504928495414974,0.028610624614022827,0.027130166682534568,0.01806066891446385,0.01738009826058043,0.014275848539520648,0.01315177797365337,0.012757322551471594
2020-04-03,0.5672954928148763,0.05838178683895394,0.03090412295594028,0.028980766589265954,0.026669541218839875,0.01792992483978071,0.01720623464348406,0.014285099805902379,0.013397184177990748,0.012532097407330646
2020-04-06,0.5679007715164965,0.058480437136141164,0.03114957752115684,0.02881583089728128,0.02621914755835943,0.01819919275178457,0.017080952381030804,0.014195813078534568,0.013379151773523123,0.012515170786909436
2020-04-07,0.5775278713846576,0.05718155351057194,0.030409541325782365,0.0281663944417937,0.025661371615558943,0.017814092867575595,0.016674658425882567,0.013886121802902177,0.013129770050097057,0.012242340440340824
2020-04-08,0.576136273669964,0.057788554351829516,0.03058829673153649,0.028051077649253846,0.02550315305654054,0.01779636056470912,0.01685064045108152,0.014024606659574878,0.013057789877676465,0.012426313737301672
2020-04-09,0.5789277436773015,0.05739704335437977,0.030723394468408466,0.027770182107750882,0.025557788177015123,0.017751410721599553,0.016635286507083364,0.014001932797117634,0.013020824586774195,0.012369514188391523
2020-04-13,0.5763155458676503,0.057284158585477585,0.030902854531534674,0.028591079570998667,0.025456751053447736,0.01800531280779663,0.01677956081370123,0.014623179331852223,0.012950602311293986,0.012723029235205692
2020-04-14,0.573537391148864,0.0576203597294934,0.03309509513747613,0.028531863144145127,0.02538446762487806,0.01842052879545342,0.01669650259813506,0.014561030535877774,0.013607964022920402,0.012533632466232913
2020-04-15,0.5776969072913577,0.05699687043025818,0.03369505378849657,0.02838487395682668,0.024680710148492453,0.018027117507280026,0.016261705876828837,0.014326302247214814,0.01392307543670734,0.012675840654588384
2020-04-16,0.5774186992460923,0.05666127579914686,0.03439690686581637,0.0283372696739533,0.025472907168387873,0.018058302380077624,0.016160684758984842,0.01439379876137313,0.014090858423697708,0.012544114140746639
2020-04-17,0.5754514598365228,0.05617679610728618,0.03726552805910901,0.02821768207186618,0.0247436200020917,0.0181995282905933,0.016233702902396736,0.01436056499058909,0.014111977468608419,0.01269107596314837
2020-04-20,0.5772275411075481,0.0555452898190336,0.039782125453327884,0.027853926245135822,0.023296328358429465,0.01818513554367132,0.01619952769485592,0.014277004619879286,0.013977857721160685,0.012664280617682938
2020-04-21,0.5778659970011832,0.05513115893985392,0.040085497964839394,0.027772268891644233,0.023966747130608063,0.018125346977198118,0.01612562392790289,0.014173967978374339,0.013806512745070066,0.012564545936653059
2020-04-22,0.582200258257504,0.054519456290271495,0.03982634806487893,0.027567517633518026,0.023709603503487647,0.01789185402404328,0.015785505299276317,0.013990942780030047,0.01356293251627266,0.012440937688249446
2020-04-23,0.5835694755862616,0.054144483509752726,0.039594844394790385,0.02761938122584525,0.023386957970779956,0.017796803601734995,0.015729160140666703,0.014496590543050152,0.013546364431225567,0.0122282481475527
2020-04-24,0.5821254683176383,0.054142861748324,0.03957123544078974,0.02837747940441546,0.023461509919762445,0.017644194677884136,0.016060725114079907,0.01450955569203504,0.013485686371689518,0.012159372568167124
2020-04-27,0.5840492856322274,0.05409567602019038,0.03956602037884387,0.028342494099151752,0.02263878588480215,0.01741994687358625,0.01599637122620959,0.014647410783100981,0.013281792054609182,0.012165888801430649
2020-04-28,0.5844813146543952,0.05382164401532881,0.04053136203168193,0.028225089502180473,0.02253567430949928,0.017457944993295192,0.01603790128703559,0.014609670808392297,0.01321506536428178,0.012054647333388622
2020-04-29,0.5832522349840173,0.05362996050861447,0.041806418782917,0.028069510348532185,0.02320458963608555,0.01742886398565903,0.01600598191794153,0.01454710573730831,0.013158921092224773,0.012021113244672244
2020-04-30,0.5823360299771302,0.0562577066764365,0.04140766585679375,0.028052567047310344,0.023039985239312263,0.017538560283416164,0.01593585087929876,0.014222170702352072,0.013344402755366427,0.011885177407236687
2020-05-01,0.5812870862825259,0.05613644513013605,0.04241880896055732,0.027927777135286717,0.023165204090597864,0.017497862693108417,0.016215203893016356,0.014166959797044819,0.013292469465862027,0.011970895217206371
2020-05-04,0.5834246117472467,0.056083041434332286,0.041886652395822996,0.027653782897481462,0.023082595082444462,0.01735263488110169,0.015961342729352943,0.01405218379535583,0.013187809000864803,0.011942702565534546
2020-05-05,0.5823557241453596,0.05625745419211545,0.04213360918921136,0.02772026211759779,0.023076201244070414,0.01758562251814497,0.015961285120591355,0.014219919143663277,0.013181203753344152,0.011991699824077077
2020-05-06,0.5820121724264168,0.05624774855721851,0.04245684622344566,0.02788967242919838,0.023210509648593846,0.017554896343635475,0.01582903566152982,0.014163417954295713,0.0131870761377778,0.011998514074424321
2020-05-07,0.5801251186325747,0.056798832940012756,0.04293320910778655,0.027944966026696934,0.023260439766669593,0.017578234561180867,0.015858196397182448,0.01411917929493598,0.013194202794914565,0.012120568864290804
2020-05-08,0.5788203401849897,0.05708759144434294,0.042887279151724085,0.02816535979590551,0.02317875549814322,0.01791197829698728,0.015824836442004015,0.014102209664231093,0.01316935074138256,0.012105371906285325
2020-05-11,0.5792456453871332,0.05678930803478481,0.04302061580140768,0.028059356434798094,0.023597289236050395,0.01794439766490529,0.01573283316267637,0.014056779088467572,0.013054753019919966,0.012110603311371301
2020-05-12,0.5780223409869858,0.056729295499908565,0.04426569567052601,0.027919874153428854,0.023743721628854658,0.01791979811175178,0.01568517772723976,0.014162514594879218,0.013023098253901666,0.012160264361550628
2020-05-13,0.5773467570024843,0.056615392749358284,0.04395787168701679,0.027984310069510694,0.023875502478961908,0.01799587670631038,0.015707603364458124,0.014249598307795614,0.013073755317519939,0.012144848820656393
2020-05-14,0.5775337653898672,0.056782538511376476,0.044129185777371155,0.02789354705303454,0.023844592894259668,0.017896836475486767,0.01570139810857532,0.014232948681410906,0.01303477904062392,0.01217213690773429
2020-05-15,0.5772706058645951,0.05688619597142341,0.044154319787321934,0.028029099303082932,0.02381452126927638,0.017937106573946787,0.015625208543619873,0.014204829952819692,0.013015335617541224,0.012046079219129374
2020-05-18,0.5760410159494153,0.056593158589601636,0.044422841968616594,0.028168840981019978,0.02378659811124733,0.017891140839266746,0.015513478114405519,0.01422960765889837,0.013016449046106006,0.012000304369814007
2020-05-19,0.5761059278106017,0.05706460398979363,0.04521221622649284,0.027936241593304153,0.02424989518833066,0.01795746089120015,0.01523715274082868,0.014125965271999129,0.012953031186301714,0.011916443182082164
2020-05-20,0.5762438774630109,0.057009993220616485,0.04526623968053056,0.02793151431726436,0.024179501765211598,0.017928727538769014,0.014795223224318811,0.01408841749201321,0.012938484546866615,0.011886673003161959
2020-05-21,0.5755961422735428,0.05789589651976966,0.045112660616373326,0.027736740829574235,0.024259591220586945,0.01789425668001047,0.014731115756512682,0.014212360532904332,0.012889372629247789,0.011872141785253027
2020-05-22,0.5759986540089023,0.05717722898509198,0.04510177936230362,0.02766689170274494,0.024279862422966147,0.01775899542747424,0.014936092388276149,0.014360084852350057,0.012971492787454212,0.011910589565001291
2020-05-26,0.5759616617543648,0.0569255591140861,0.04518282687466603,0.02766671365313463,0.024298777138316515,0.01775047334610192,0.014913913801831267,0.014333502883199406,0.012999551641366767,0.011960927526796783
2020-05-27,0.57418473572223,0.057537120880489866,0.04696521486725797,0.027601273505682575,0.02436401629961232,0.017604441719929222,0.014868876978875949,0.014221943861562251,0.012947428480966496,0.011909930704332253
2020-05-28,0.5734997264219294,0.0572755903850239,0.04765945867142448,0.027407181016376698,0.02445298199782674,0.017495654576973975,0.014864168741059223,0.014126745242615866,0.012899703555740837,0.011927604673025682
2020-05-29,0.5721827962388514,0.058827313848780496,0.04756652894064603,0.027522253483052418,0.024461981115166984,0.01751101108814862,0.014763105811352956,0.014170951154509968,0.012913209680595159,0.011901988532880759
2020-06-01,0.5711404517820886,0.058880011108976345,0.04789305642745437,0.02764229864068399,0.024390812469949907,0.017476740684058144,0.014842963222561147,0.01414984037597427,0.012852628269553003,0.011935015540079901
2020-06-02,0.5696786462503374,0.05916842238906934,0.04797963187093256,0.02797657791024667,0.02433021833445024,0.017533713347384766,0.014759451734058165,0.014140542289959578,0.012848548995628518,0.012128467708474195
2020-06-03,0.5718860200846647,0.05895029817020894,0.04642701696746734,0.027630925583498646,0.024040196362049897,0.017330173232099285,0.014789160468742985,0.013792058926714987,0.012943097607041142,0.012183147482209273
2020-06-04,0.56974524668081,0.05963924164836793,0.04710136022555536,0.027710819897553505,0.024170549934596688,0.017394458157499005,0.014835800536507624,0.013828554209463736,0.012891099426609393,0.012196313477968075
2020-06-05,0.5689241338241634,0.0597025157669691,0.047021069005659354,0.027726569325399703,0.024239548241814,0.017264356351633568,0.014928683928526873,0.014315474462684684,0.012849353082918201,0.01219370258526819
2020-06-08,0.5702060018055976,0.059858254374266895,0.04702656327937463,0.027628244277022495,0.02416944571121462,0.017175524935309685,0.014729375765081107,0.014266397373824796,0.012803174752733447,0.012169176902353755
2020-06-09,0.5693038390015345,0.05996036137857272,0.04703250818440208,0.02757148531994707,0.02414713947592691,0.01709598077778524,0.014824594811412167,0.014219459230659216,0.012779424001237326,0.012273982520701042
2020-06-10,0.5696200781458418,0.06011928052485785,0.04742024860092825,0.027580850957264806,0.02393230386561996,0.017104423419983576,0.014699626714437353,0.014227037887638261,0.012697417994046008,0.012255751629086445
2020-06-11,0.5678993603381274,0.06104134944905295,0.048545953868235424,0.027865948507191114,0.023999943613065167,0.016989996829744013,0.014700299275734555,0.01417109047360296,0.012828942003796235,0.012164856737505819
2020-06-12,0.5772323837333702,0.05964806684013082,0.04728093449279105,0.02734748869779475,0.023678302275366762,0.016659183998388408,0.014403523660417736,0.013867308551736665,0.012575626854741508,0.011890788246664483
2020-06-15,0.5770429387054751,0.06006533481319524,0.047150086513012286,0.02728973790227945,0.02352931843245282,0.01713022387216105,0.014333152814595324,0.013888207781208415,0.01254639609151319,0.011863196740399581
2020-06-16,0.5769888747982034,0.06010395755990862,0.04687412890574374,0.02713035605177049,0.023566741064388507,0.01705997965278001,0.014356573707839018,0.013689325376400387,0.013181984465069702,0.011890118375047234
2020-06-17,0.5779945816399723,0.05997539140351757,0.04667883806700737,0.027241396957499907,0.023438776878957575,0.016995313746910472,0.014273853828000529,0.013648372293172168,0.013409227622742081,0.011783842980119466
2020-06-18,0.5779078152283788,0.05994137403548378,0.046718681220834835,0.02716266650672429,0.023444698382005174,0.016979638546949005,0.01426937985011382,0.013590949082974091,0.013400548030892813,0.012090659902739798
2020-06-19,0.5776855817542933,0.059801723984485786,0.04675469359581366,0.02712538235718907,0.023369686797448466,0.01698333859281783,0.014259423934971887,0.013598869665492905,0.013395376114986762,0.012303129968453603
2020-06-22,0.5767050829544274,0.06038035912853008,0.04689226741779202,0.027320575732486196,0.02324138843315612,0.016988272041157874,0.014419749487280155,0.013584626875781634,0.013443685398985963,0.012497020822999097
2020-06-23,0.576242729441319,0.06033101827998919,0.04700265856621147,0.027361515192824357,0.02319638896876868,0.01681925991729299,0.01448360951963065,0.013572220454535858,0.013406972897867523,0.012561687119668244
2020-06-24,0.5764478248268514,0.060387256499534976,0.047057506730652406,0.02738503662067362,0.023165553735204923,0.016923693095512584,0.014348656027964316,0.013621749514566258,0.013377345247828513,0.012514946175639053
2020-06-25,0.5786082468248062,0.06002404711908076,0.04666324038514601,0.02732818511963743,0.0232729729780779,0.016819205287900162,0.014320406525039273,0.013533746000004135,0.0133023000057579,0.012509315388126198
2020-06-26,0.579660971545391,0.059551243911775145,0.045853950312334815,0.02733426710502919,0.023253280222126964,0.01671650821566681,0.0143039532515585,0.013563442752385977,0.013172621308724965,0.012392951937417062
2020-06-29,0.5807929075539773,0.05937131455579937,0.045490815946484464,0.027274504014237352,0.023147515334301746,0.01663192000932652,0.014284550114862803,0.013732399671985652,0.013247518498501809,0.012318326396654715
2020-06-30,0.5812122321948447,0.05916581333879547,0.04559119589428006,0.02729250138575418,0.023150146384546558,0.016665518800061098,0.014259978923771156,0.013765980948141392,0.013228812918519501,0.012319531097639908
2020-07-01,0.5819172951858073,0.05924481091941841,0.0455740908807698,0.027239415034591125,0.023132732251814662,0.016598559130046767,0.01412897876296399,0.013726604735290353,0.013223875588984406,0.012299702926321727
2020-07-02,0.5812073220845552,0.059220141452432214,0.04528941449095358,0.02721247414136063,0.023282929949164217,0.016667066556587083,0.014280052916940999,0.014056287458471536,0.013147521156270993,0.012255499483267752
2020-07-06,0.58115641028621,0.059199099691305615,0.04522896090109292,0.02718856440654167,0.023318243224095793,0.01669085009852634,0.014228927476854232,0.014045865949625317,0.013233276725580792,0.012302475559957346
2020-07-07,0.581687411937712,0.05891106286373209,0.045136855625662685,0.027133049837631443,0.023248916217759458,0.016564377059684218,0.014281472019870628,0.013975978990203614,0.013249842217474,0.012261319374115637
2020-07-08,0.5813116352561827,0.05923505793757214,0.0450717824539289,0.027201909820796618,0.02325221034953945,0.01671595993122949,0.014292373726962963,0.013836333114596356,0.013248765793488099,0.012262712556867334
2020-07-09,0.5811059804094737,0.05915749127308115,0.04502506788102102,0.02719323433411333,0.023204994591716953,0.01676766895390103,0.01433319758200809,0.013844748866784903,0.013201233969869247,0.012247938799823875
2020-07-10,0.5796905542137244,0.05963570431924152,0.04595453367083935,0.027168052170545198,0.02346626461410607,0.01692112695584142,0.014310850919314073,0.013804907879769571,0.013316273838756212,0.01212198960216619
2020-07-13,0.5797654156899013,0.059944471723264905,0.046007367171798944,0.027528277358069928,0.02328227434255415,0.01713857653792835,0.014424245295691978,0.013422359778512881,0.01321172682564246,0.012257147079593009
2020-07-14,0.5795310204786158,0.05950347201863364,0.04674060425343037,0.028064086489418782,0.022869107747205405,0.017254826393179278,0.014369165359282735,0.013392675467427024,0.01321830067136395,0.012129976403004655
2020-07-15,0.5796111170184564,0.05915716510368257,0.04689316777783688,0.02790963054861349,0.02279537338774464,0.0172225947487462,0.01446765360366434,0.013351069328277738,0.013175899493199819,0.012282056861719568
2020-07-16,0.5789260315903482,0.05939839793616561,0.046995439744226514,0.028061722947218544,0.022853317423641807,0.0172467502696576,0.014500957517533723,0.013444115040581968,0.013143531821261585,0.012451805122327951
2020-07-17,0.579024072687503,0.059389404113701236,0.04727213737481727,0.027948286254932387,0.022864169037652243,0.01725537740972748,0.014414393908682781,0.013469029016146047,0.013171879177616082,0.012386406113413495
2020-07-20,0.5790388913143846,0.059514024269437554,0.04717049406023664,0.027930772156175468,0.022949758059651496,0.017288438021506834,0.01462542636669976,0.013437478604525297,0.01302564920486785,0.012397517663193677
2020-07-21,0.5772627573005341,0.05972422644581575,0.04882132168000348,0.028067975440149634,0.02302404019488653,0.017306850171286855,0.01455510307483743,0.013419109904054267,0.013025370882570162,0.012437268712410191
2020-07-22,0.5762057571572445,0.06063074149846705,0.049159737737332565,0.027999449025678906,0.02331801175145952,0.01705190216622197,0.014509650034549714,0.013404992648161135,0.01295522998658848,0.012402833707204488
2020-07-23,0.5760237967639132,0.06055220623651459,0.04928759896608374,0.028267580155254938,0.023396317430428665,0.01706807562787146,0.014524038457383866,0.013369850098117505,0.012993751396667034,0.012441482116264387
2020-07-24,0.576051695811674,0.06061525778809461,0.049829403251146036,0.02824392041178706,0.023263814693574726,0.01706083948899097,0.01454588345393262,0.013423318668775854,0.013012958361986876,0.012421658657220126
2020-07-27,0.576069502026847,0.06063721118316687,0.0494963729146943,0.028371789495292135,0.023451838754935346,0.017027878975289595,0.014560971558625365,0.013636908574444453,0.013122299666078398,0.012338522143121252
2020-07-28,0.576179228826998,0.060752643895328695,0.04950644806974717,0.02828598957367427,0.023419181978735996,0.016973344617825795,0.014516182626821299,0.013599206927015143,0.013092221396945204,0.012314758508586102
2020-07-29,0.5761272747215243,0.06074350351089866,0.04991704416114626,0.02826643446669632,0.02340591403793154,0.016846729886110995,0.014366898389885547,0.013573164802035315,0.013048073671538419,0.01231349524364307
2020-07-30,0.5759348185557485,0.06069754157171514,0.050069443086977264,0.028290390647598713,0.023391104367778522,0.01691026971447398,0.014283789111916991,0.013587609682537995,0.013142632750490022,0.012285574233616647
2020-07-31,0.5744744352463174,0.06098142984321283,0.0503156936706648,0.028193155295144167,0.023437728718195223,0.017060346110533402,0.01416552693239394,0.013612428078574398,0.01326798958891977,0.012464144691423729
2020-08-03,0.5735089273797918,0.060937708137679236,0.050317308651136504,0.028203885097173267,0.02323390105808947,0.01738028790501877,0.014098511896513136,0.013688584518022476,0.013116722636811557,0.012473306463019593
2020-08-04,0.5734575670388271,0.06106005223622235,0.0496711101840252,0.028272784697852653,0.023295254562649022,0.017257132724957304,0.014074155776183707,0.01376865595699983,0.013142480428950868,0.012489043972137945
2020-08-05,0.5692153812504734,0.061470037030976775,0.050179386900638175,0.02851390329102917,0.024039972351150206,0.017452231433592775,0.014302775306081287,0.013881860791592478,0.013236121170564928,0.01255732885193219
2020-08-06,0.5678166137630964,0.06192510741282946,0.05020756176164867,0.02847144844850245,0.024190298462467206,0.017492139149834676,0.014322545748465481,0.014131486346991491,0.01334858231538999,0.012559627679864268
2020-08-07,0.5677731371026014,0.06187407277557128,0.05036761546018754,0.028335284292022044,0.02420497117808469,0.017471411784698545,0.014185995734870525,0.014148834340968754,0.013463461220372739,0.012650021487543291
2020-08-10,0.5655242672801256,0.062392763341303566,0.05111396541597663,0.028387686033680495,0.0242960832407679,0.01756763960032169,0.014335145894338354,0.01418093891882263,0.013489547330555858,0.012712372192211387
2020-08-11,0.5649720574858788,0.06284338842250169,0.05101183314790695,0.02849797011738915,0.024550429383764193,0.0176282790134015,0.014340522660320685,0.014175097416644316,0.013436655638553681,0.0126923413830342
2020-08-12,0.5639881163749105,0.06397680592012309,0.05096997147523312,0.028569160589071104,0.02458148536993173,0.017615673024371895,0.014547353168958816,0.014185853784448916,0.013375058420721574,0.012690531337818287
2020-08-13,0.5634936241942881,0.06453956605945987,0.05080659698365451,0.028509806321764055,0.024450905959533545,0.017801427117645298,0.014550244938953046,0.014149402537128593,0.013446155975751202,0.012676944063271406
2020-08-14,0.5597673959466358,0.06517623153566189,0.05116012739535992,0.028751916117516044,0.02473082632494041,0.017979543014116924,0.01470588580583219,0.014245803249881221,0.013575845580020894,0.012770317020666978
2020-08-17,0.5604534911534921,0.06527091638343917,0.050967590168531245,0.02836577721624514,0.024904326897933118,0.01799522876263265,0.014663497919441822,0.014273440900499678,0.013540353537135945,0.01277214956852765
2020-08-18,0.5591688382110153,0.06577736570884292,0.050967672653884195,0.028449152744890148,0.024880714803549964,0.01821526863758977,0.014643388356581893,0.014205994594217931,0.01351483533037647,0.012794175650447092
2020-08-19,0.5581674403456026,0.06600808855926099,0.05103385363340944,0.02861811309155994,0.024903952400179317,0.018245847167450837,0.01466924171900783,0.014203520416215289,0.013525420559377459,0.012874748866285323
2020-08-20,0.5581798828545413,0.06600334562414459,0.05093746253865681,0.028672340222888257,0.024966938090872227,0.01839667255614127,0.01452479370725453,0.014199564772833897,0.013518479758798562,0.012759171817933112
2020-08-21,0.5573516368076089,0.06611831737357315,0.051260891659109915,0.028864018411244422,0.02510043808698486,0.018373365513568357,0.014481108285771633,0.014242336216995761,0.013466257241829233,0.012755458653596022
2020-08-24,0.5570659143473329,0.06608451606556431,0.051178908192924505,0.028807902468707264,0.02513984595346433,0.01836955035853233,0.014526037247422586,0.014271108196712522,0.01363081892527509,0.012756065471271642
2020-08-25,0.5536579544379101,0.0671359967123391,0.051574741141232165,0.028862385302952494,0.025373466854038282,0.0184888523458101,0.01463948739601093,0.014387295386285843,0.013620153860337506,0.012841006282928759
2020-08-26,0.5529999079888317,0.06710557276457482,0.051629619788353294,0.028920352975867984,0.025600537840114884,0.01855962139600405,0.014664745885049619,0.014403686037942502,0.01366649807754523,0.012857783697475875
2020-08-27,0.5530029252950034,0.0673062478004576,0.052034814544521066,0.029136845242176496,0.02560911650759148,0.018446811977703873,0.014729254790617832,0.014479596252069548,0.013619393368229928,0.012840991742846433
2020-08-28,0.552312666744264,0.06701546575979248,0.05197413715474741,0.02913477391560483,0.025512748431081738,0.018464184309699348,0.014729247034101028,0.01448054730827459,0.013689524940781291,0.012746229601599133
2020-08-31,0.5519417132709442,0.06716100756360328,0.05174975302021274,0.02915031894706919,0.02560800553119765,0.018387905725190563,0.014841049035040561,0.014506398923621782,0.013662067808695038,0.012751520360951347
2020-09-01,0.5514101753199849,0.06745508783587681,0.05171737409967466,0.029072052544863437,0.02556355449409,0.018394082524949246,0.014822615510220578,0.014506943125417093,0.013804284066804104,0.012701523963440051
2020-09-02,0.5503804496640394,0.06738396212392343,0.05177135271624818,0.028935835221051802,0.02600139271167932,0.018522230118239433,0.014893287700909488,0.014483739674474345,0.013806833484302698,0.01261339959456399
2020-09-03,0.5506230695929354,0.06722822131240969,0.052054415612235484,0.028805855743669947,0.025626211534708426,0.018505795279117655,0.014918092215097161,0.014360987164095016,0.013823352855781056,0.01259303250087753
2020-09-04,0.5541419385497931,0.06783580602319357,0.0512772390705375,0.028189279653344855,0.025334082719599166,0.018210928681220748,0.014832234798430516,0.014208477123736664,0.01391382990575661,0.012483789208906993
2020-09-08,0.5537863326659779,0.06813500548756822,0.051172753302639595,0.028267020693534966,0.025335208551095525,0.01825036676687549,0.014779541169216356,0.014139235758862528,0.013979882806100206,0.012427535975517197
2020-09-09,0.5561358843577081,0.0678847858503745,0.05082540111258571,0.028140021529160876,0.02443243287145431,0.018241847722910758,0.01481271266684454,0.014096026014035975,0.013705858047351409,0.012459250074892202
2020-09-10,0.558724559224683,0.06827429597855145,0.05067892729466791,0.027676215966517828,0.023961243762100095,0.017921511283353845,0.014676507337275926,0.014062720412878335,0.013722865198691502,0.012448727940887284
2020-09-11,0.5592920519206912,0.06842262549953392,0.05056923290824733,0.027565489993103744,0.023871616276792545,0.018040132103799296,0.014661139839052317,0.014217674649499754,0.013726734146095296,0.012422987059522555
2020-09-14,0.5594343131995021,0.06849050470549191,0.05097221557297353,0.02744643933704948,0.023841944396528814,0.018047660051042545,0.014617545697068055,0.0143486790486657,0.013706494166353639,0.012349277743328852
2020-09-15,0.5599541634253312,0.0683983887802683,0.05088433308519647,0.027335653303074303,0.023811533967592807,0.017899124052392634,0.014573475581752638,0.014334749818651477,0.013700767062770366,0.012341051094501404
2020-09-16,0.5595555660134803,0.06850495128793843,0.050861122703500086,0.0272586364513554,0.023797105196784407,0.017860721975227853,0.01453564096407669,0.01433200992581536,0.013667897342457084,0.012334531557830137
2020-09-17,0.5585854680251002,0.06918115340544055,0.05068307440560463,0.027337565972379043,0.023768028955699624,0.01782880322510648,0.014644420800371025,0.014324127728408409,0.013714362777898071,0.012422530656240376
2020-09-18,0.5585364230926692,0.06910400435718969,0.050714910937720833,0.02749165765069819,0.023768189444373755,0.01780413921625052,0.014698013522618823,0.014377437468603189,0.013773294080944333,0.012408549686015903
2020-09-21,0.558735821446027,0.0690250132860812,0.050784082634496346,0.02757598359401922,0.02373246222952579,0.017799533622068313,0.01469391282303687,0.014363254653590155,0.013709505643716409,0.012417325960700363
2020-09-22,0.5583550389224298,0.069659936142136,0.05048206406962497,0.0275701102000873,0.023962055646431522,0.017750327532344005,0.0146149426499389,0.014362417806306182,0.01378759111078453,0.012403205896355454
2020-09-23,0.5579138594390949,0.06958447499177328,0.05046910004063228,0.027585660973437096,0.023916757698632062,0.017846877777920753,0.01457397356876741,0.014387100506054474,0.013792909293405459,0.012538952959036287
2020-09-24,0.5586018681363915,0.06909047392576463,0.05034867771361629,0.027373379762213906,0.02378715623134141,0.01781021514262649,0.014541509032335627,0.01438901409795861,0.013720934886306303,0.012652615668287785
2020-09-25,0.5585528965176352,0.0691205455236535,0.05006191575266633,0.027411359156694123,0.023846035369882217,0.01788443682021522,0.014546706387920777,0.014406178792764795,0.01367183923580273,0.012721219754780466
2020-09-28,0.5592468883605264,0.06914502886218686,0.05001647599023125,0.027400626353047457,0.02367212854727765,0.01785338358120874,0.014555863139755269,0.014283930620676129,0.013713373826769865,0.01268204870276984
2020-09-29,0.5597461265944615,0.06891310728754296,0.04987003010374149,0.02735090525832824,0.023620472812650978,0.017822862074076195,0.014511943350115176,0.014307441524213893,0.013631437192149334,0.012663258668892572
2020-09-30,0.5596198124988077,0.06900165664447307,0.0498172212849917,0.02735227715841878,0.02364370649403645,0.017957597817007818,0.014552413107950492,0.0142640721580208,0.013627012058806417,0.012656375323557538
2020-10-01,0.5596991365585037,0.0692670781028822,0.04999199260545571,0.027244241018627945,0.02363635354890133,0.01775837150290747,0.014605290598805033,0.014264709909548859,0.013635429989924133,0.012703388434959283
2020-10-02,0.5580062868444974,0.0696347623177773,0.050207711886005264,0.027769183875517026,0.023637577817059843,0.017782522264937616,0.014643553455142908,0.01424178399940241,0.013672702637722328,0.012749556354817747
2020-10-05,0.5574123545426781,0.07100951844916728,0.05016434889979511,0.027768820759747254,0.0235883993884813,0.01774537565522667,0.014620991766809484,0.014227313908150364,0.01354044105891019,0.012713138491513348
2020-10-06,0.5573924575788813,0.07094469403040578,0.04992782603953609,0.027859324077029648,0.023610307397227068,0.017731831048461332,0.01462036190451504,0.01422501720871341,0.01355023628129762,0.01270396208444173
2020-10-07,0.5577924890297663,0.07087039060066512,0.049780878493174266,0.027826741341627527,0.023708782042299974,0.017788672965731427,0.014654860987627819,0.014253562202639304,0.013555806414094663,0.012712717657124577
2020-10-08,0.5579483265693659,0.07085002343430943,0.04979146596097265,0.0277133106030894,0.023739644154289398,0.017557187849533383,0.014605706676861199,0.014134560497278556,0.013610019237378024,0.01269648088900347
2020-10-09,0.5572098035058259,0.07091721459349903,0.049767204877305536,0.027636417297081238,0.02373800538221131,0.017595383668452372,0.01461229727296717,0.014159887852054784,0.013729193793853334,0.012764670821831112
2020-10-12,0.5570214762608281,0.07107608444172298,0.0496823583840157,0.027598708943201274,0.02370189900183883,0.0175905690248427,0.014689642883023163,0.01414835796381785,0.013705220947275179,0.012766366066834225
2020-10-13,0.5569248320436249,0.07121224734158671,0.04963644792414853,0.027557682296773398,0.02368667882629871,0.017589267586702657,0.014639033407228549,0.014189670444379162,0.01376054404712037,0.012790604784497837
2020-10-14,0.5562920983926394,0.07114242447480791,0.04960721628158729,0.027756328019629156,0.02363969540018512,0.01757489913111991,0.014630512761538506,0.01418230100257326,0.013737268921124075,0.012994103906798978
2020-10-15,0.5566455224266532,0.07110847896394733,0.04964871991055081,0.027500628461124797,0.0235886649347503,0.017574283655623486,0.014700779526209098,0.014294542755815251,0.013726282407656875,0.012997913062618164
2020-10-16,0.5567935864619372,0.07131777851158214,0.049655352512298724,0.027461108510556876,0.023716563872982183,0.017574492053433134,0.014698510207959911,0.014275161402143433,0.01367533380278071,0.012941482228489393
2020-10-19,0.5567393130458267,0.07126761759278867,0.04980424489766979,0.02744125078994484,0.023700301030978112,0.017554179470080176,0.014694670821465508,0.014196338569057663,0.013584076065996393,0.012935071349465964
2020-10-20,0.5586279125822393,0.07107346951976345,0.04951556051317508,0.02734297538319126,0.023653962513506703,0.017514973840458883,0.014649102662175034,0.01422378620260889,0.013559898120170511,0.012816648849598813
2020-10-21,0.558489189215739,0.07106252094660763,0.04946031875706018,0.027340560992913484,0.02353923807855537,0.017742141631857635,0.014660040840200549,0.014262509681011643,0.013550756107781958,0.012828126260256341
2020-10-22,0.559565949058228,0.07101947060437193,0.04931362520287957,0.027516819723506454,0.02341789884740506,0.017525227099309777,0.014728131263375754,0.01421624510397619,0.013457144840160005,0.01285824665168027
2020-10-23,0.5593036526977807,0.07119485919865307,0.04955042061677051,0.027652548613441245,0.023055230611007737,0.017535876802190098,0.014639618938788505,0.014307133337168723,0.013459693055869934,0.012815669160502597
2020-10-26,0.5596434455290923,0.07124159993369801,0.04928313947168869,0.027671708436218037,0.022958216794162448,0.017612719307950653,0.014813679323359575,0.014455549792873312,0.01347137325541935,0.012626358736258666
2020-10-27,0.5610619305259701,0.07106987465988174,0.04932436119010053,0.02748027611967371,0.022818400912390718,0.01748411684528377,0.014850152059428984,0.01432407006064013,0.013485582591234349,0.012570691845770999
2020-10-28,0.5602465597688089,0.07152323766578966,0.04942949171158,0.027555702081213003,0.022857349145011707,0.017705204187091813,0.014812456833926018,0.014305271049863339,0.013501022762335751,0.012576415375114563
2020-10-29,0.5656119324569385,0.07068897990187831,0.04875471879487381,0.027177992293945446,0.02264779603067036,0.01753255671383917,0.01458775826032333,0.01412055085581653,0.013447199051399392,0.012451809179909755
2020-10-30,0.5653567688196925,0.07058048853861748,0.049020485319451544,0.027203589741852458,0.022740005049302018,0.017485295989188406,0.014646297932351763,0.014115850180939816,0.01339312454002125,0.012448499171042453
2020-11-02,0.5640433564626599,0.07096343165362169,0.049281046120459034,0.027347277292637903,0.022657367843222573,0.01738297506526336,0.01453953375029594,0.014180674448097026,0.013442487636532814,0.012434356010358498
2020-11-03,0.5648446336583868,0.07097990360273115,0.04949849836420302,0.027282275859726313,0.02246367089917448,0.01737881665033202,0.014522696666682992,0.014212068470942172,0.013380861244248792,0.012264174333296102
2020-11-04,0.5669076964083154,0.07083126360692735,0.04901518756782704,0.026852348411564662,0.021599581735335334,0.017378558111441077,0.014530856818719448,0.014197976886992706,0.013448241444846028,0.012442277546678931
2020-11-05,0.5662563912072203,0.07217026218295373,0.04844013551577933,0.028186746446890693,0.021359093914773877,0.01728076427617301,0.014981747966059047,0.014135215319483493,0.013395076756969786,0.012446354427652389
2020-11-06,0.5661764509130879,0.0719093365138754,0.048614267642193676,0.028395973183108922,0.02126839556231517,0.017364387783032405,0.014986038692607529,0.01405778101556222,0.01335843258671013,0.012439452183719227
2020-11-09,0.5662025882290708,0.07198313814419281,0.04862260617793651,0.028515302890573302,0.021028323693197022,0.01752832115941882,0.01511272259973923,0.014074200150372102,0.013286130700141303,0.012472823993415748
2020-11-10,0.5610469709028494,0.07675044579987872,0.0482453930880244,0.028532315369475886,0.020943334055596067,0.01767709617145385,0.015481793096301722,0.013934333356643685,0.01326782406743772,0.012369226943126633
2020-11-11,0.5578875025134038,0.07776276635656068,0.04987582484853247,0.02838033073680257,0.020935869874236967,0.018174939680433003,0.015493233285154008,0.014033478196744645,0.013380334934182298,0.012326880714990426
2020-11-12,0.5568034590700508,0.07871615874884168,0.04977513747714129,0.028649164196059205,0.020847796531915232,0.018233681268342065,0.015704522388299856,0.014034019692988235,0.013372548633173512,0.012274668452466098
2020-11-13,0.5572769667301767,0.0787093028442791,0.04976495957507613,0.028483567218514187,0.020720814258007206,0.01822976537850877,0.015706466525558696,0.014089102602309842,0.013300783715039581,0.012159860233152676
2020-11-16,0.5577603830476912,0.07873891882484323,0.04974910648962228,0.02843153557918606,0.020690155497588143,0.01823352857096007,0.015720762856949684,0.014056571062395138,0.01327582164357945,0.01214402499954935
2020-11-17,0.5575904473153047,0.0794683581231767,0.049763019017867074,0.028144279883027576,0.020897543843739038,0.018057138423852096,0.01569780395594365,0.014055112720776555,0.013303295900488019,0.012077524714746731
2020-11-18,0.5575063079155697,0.07945951948870586,0.049772946559843725,0.028074022609528772,0.02097071963571972,0.01802759550053541,0.015561483736410317,0.014003359737059733,0.013358088828423067,0.012087488481075298
2020-11-19,0.5583545644750796,0.07926109039508332,0.05002655548570668,0.027976129865106475,0.02085657702281449,0.018046610145805667,0.015507205495443646,0.013841503267843322,0.01338430186246201,0.011872559875219684
2020-11-20,0.5581926115482788,0.07917342050033013,0.049919399308610536,0.02795409848676449,0.02081251252593351,0.018152950867129165,0.01550512584967299,0.013959817936769774,0.013357306021343654,0.011766685447571677
2020-11-23,0.5583515731132219,0.07909182019507142,0.04996439489807191,0.027948676450638022,0.020702763090571157,0.01810654781523508,0.01549247070830723,0.013944297169215998,0.01337042507990637,0.011772581409318052
2020-11-24,0.5574361453632399,0.07983328558964221,0.050196410805342644,0.027926643604793685,0.02067989830947021,0.018051845761326124,0.015336969042370769,0.013941857189070796,0.01345683371860668,0.011756295991433185
2020-11-25,0.5575074922660509,0.08006938584014142,0.05034304672787147,0.027714595421192364,0.020668924901384268,0.01811169420701362,0.015360886602864918,0.013981497006809042,0.013593055361444287,0.011696628353127127
2020-11-27,0.5572406628038159,0.08012839872413453,0.05023245088601164,0.027688205058877955,0.02057139982183335,0.018097205087706014,0.015307753770169743,0.013985709019903128,0.013575507679711598,0.011676773244037042
2020-11-30,0.5571117346624305,0.08023705804209748,0.05023086848379847,0.02776284638644529,0.020578487409060615,0.018089102240400518,0.015313741858503338,0.01399956528029487,0.01356441234871045,0.011631343617186781
2020-12-01,0.555940792584999,0.08069899026957289,0.05018918348474503,0.02775005053324565,0.020530472988742585,0.01847365612407618,0.015399941057231798,0.013982375389877712,0.013599969145020476,0.011690247707639911
2020-12-02,0.5556522177562926,0.08069892910144877,0.050053786916903216,0.02773842713368119,0.02053367058132045,0.018487427138461916,0.01539260401161871,0.013970900739509544,0.013589731150124101,0.011727358394130543
2020-12-03,0.5548400132140998,0.08097719552420742,0.04992038688482574,0.027861167990338106,0.02062046938948692,0.01847540249127036,0.015374167128743633,0.013974832908349076,0.013565166813890823,0.011735022963952731
2020-12-04,0.5547579580321039,0.08107085185486342,0.049766527592949736,0.027860264568703906,0.020614080727090124,0.018503653252294777,0.015381546049651326,0.01399903638173942,0.013545517841260318,0.011747005899205548
2020-12-07,0.5544246807810835,0.08114331338715912,0.049668803208950285,0.02805359812165456,0.020690259922482544,0.018559215008801443,0.015415131832959892,0.013995489065696814,0.013604276465140123,0.011764972857696848
2020-12-08,0.5538381134461963,0.08122329408391911,0.04975266228552672,0.028050613290988687,0.020691771351051297,0.018542801298655463,0.015382550011349038,0.014016085421897502,0.01361315225832916,0.011756351179631662
2020-12-09,0.5537069878694607,0.0811824572098695,0.04981554376767136,0.0280652833816348,0.020706603537825913,0.018650704077455525,0.015374698704958235,0.014053967490833125,0.013621126387257964,0.011752299204203533
2020-12-10,0.5528880512878203,0.08139909576760643,0.05021112546111124,0.02796869037548484,0.0206930935080199,0.018547602404275415,0.015337719705756757,0.014039325048926927,0.013576776481471571,0.011810360807322779
2020-12-11,0.552723388093542,0.08133255193693946,0.05018551859250722,0.027981904410594977,0.02067376117209495,0.018571622153345135,0.015360179152145931,0.014087089738041372,0.013513353377069616,0.011923010938196388
2020-12-14,0.5520939048435185,0.08136179432497824,0.05021221174877826,0.02799323535849136,0.02060230465259862,0.018601260880140354,0.015457364079195185,0.014022816124133393,0.013509075017478837,0.011917781886195761
2020-12-15,0.5521521377736992,0.08156593532467207,0.0504239679351661,0.028021747591494523,0.02048270740488971,0.018588535988933456,0.01550353559984971,0.01398673000044984,0.013492316592147485,0.011890848591528417
2020-12-16,0.551969385275876,0.08158994025140712,0.050352621671046795,0.027876243515333642,0.02047943787081691,0.018607527216022345,0.015513738122811729,0.013880711659024868,0.013498991271129041,0.011879996755434727
2020-12-17,0.5516644871962005,0.08152899415868255,0.05025201540115651,0.027876805727208225,0.020570127416690176,0.01863528600738689,0.015542668273654275,0.013850746849262857,0.013492021416258033,0.011872231467479694
2020-12-18,0.5516722398630222,0.08154697714386207,0.0503004964164817,0.02779466732905553,0.02069524531539832,0.01863807765955821,0.015537652368415743,0.01383757496087797,0.013457677563211316,0.011853682910520755
2020-12-21,0.5509370027809726,0.08148610123490412,0.050295259439737665,0.02779314977658298,0.020763695620749027,0.018619002298156554,0.015491415091780343,0.01387755538931433,0.01344130591032929,0.011857899336386741
2020-12-22,0.5505594611345451,0.08136555914674354,0.050237932922498674,0.027776950154923496,0.02073113559807181,0.018742593240749453,0.015534049090211537,0.013854100181937676,0.013242851691217047,0.011829793108944038
2020-12-23,0.5504800080572668,0.08134684603856979,0.050266900565391855,0.02765125759193646,0.02073726552288643,0.018785836437236577,0.015511991050114759,0.013851553184554681,0.013093179734277998,0.011825438498506277
2020-12-24,0.54999097644482,0.08169061153843121,0.05022833416589131,0.027621639762425956,0.02073738895873331,0.01880545798778415,0.015542005941846643,0.013849244663716523,0.013112475060929555,0.01181657441655007
2020-12-28,0.5499746426159065,0.08176762509274328,0.050213383490916426,0.02761618546855223,0.020734548396353636,0.018800589870202476,0.015505481107314513,0.013873517023469357,0.013106426253805802,0.011811495211377875
2020-12-29,0.5497289401788951,0.08163222691108742,0.050153615593701385,0.02762027898174083,0.020715166190898995,0.01880162061707458,0.01569214959473627,0.0139846366946289,0.013090426931516954,0.011821026194891456
2020-12-30,0.549160484036357,0.08164845400153568,0.050210632636537085,0.027724106733646427,0.02069159511641204,0.018846872014098143,0.01570688658139865,0.013998609581296196,0.013100435751674558,0.011822984219613586
2020-12-31,0.5486663294559466,0.08172419011419921,0.05016802117072114,0.027739129775740466,0.02068460793193389,0.01883426866127628,0.015761721544159998,0.013999531666625507,0.013089651167004987,0.011854065054476337
2021-01-04,0.5489718810607579,0.08183910896597885,0.04995926736469037,0.027580050691986793,0.020694173413280604,0.01883291151744044,0.015763792396405994,0.01396521169954869,0.013083413344538936,0.011929234086400503
2021-01-05,0.548689439424121,0.08166226258312752,0.049865435011695616,0.02746355182711821,0.0206635297661517,0.01874660526536182,0.01583633594419559,0.013934489562214691,0.013028102929756985,0.012288974916746338
2021-01-06,0.5484575996090394,0.08150340217211079,0.04985727568151079,0.027509454242721044,0.02059212380417091,0.01869412388598101,0.015932441348480392,0.013921333198164802,0.013030226206496643,0.012278209303182635
2021-01-07,0.5467791994433293,0.08207042150616352,0.05010635983130495,0.027404846889760547,0.02054863402086403,0.018890290705772632,0.016010855260386873,0.013891010942467455,0.013079093550961707,0.01227886342495904
2021-01-08,0.5466771100072653,0.08202713227939183,0.05015139337421536,0.027696836070715252,0.020470034870102075,0.018805875519099048,0.016115366667471567,0.013862165256484928,0.013047944569568806,0.012272288874885441
2021-01-11,0.546424778879406,0.08195649992710081,0.05012828668138639,0.027718895065710052,0.020577110894075292,0.018803376443383295,0.016145505088367103,0.013846920701308307,0.013008779494079775,0.012275851773760137
2021-01-12,0.5452467173683431,0.0819776777284554,0.05037516379797444,0.028071173117909555,0.020743958339668803,0.018822523175620286,0.016049651191512606,0.013899822049370273,0.012914375277014264,0.01229112393017336
2021-01-13,0.5445406066730639,0.08203578705208683,0.05030815362765443,0.028051035926722284,0.020975686481879058,0.01876532929853807,0.016184692435470514,0.013896340264760058,0.013160637230027748,0.012270303214743317
2021-01-14,0.5441646536645364,0.08218299568167815,0.05009793468483852,0.027996396425217923,0.020923750600682422,0.01885047944328976,0.016167820661012168,0.013902986282111233,0.01322313987590909,0.01225342616731461
2021-01-15,0.5434040457058913,0.08229018392054487,0.04999926404944073,0.028215166234754282,0.021309933895856913,0.018865006789081016,0.016176314768122493,0.013902776088065226,0.013220951334211903,0.012229741400201331
2021-01-19,0.5425326510541764,0.08222578179230382,0.05019147575170714,0.02818173766437986,0.02153759716289982,0.01880798124368034,0.016269877986272874,0.013888243381552725,0.013471648731047694,0.012231298702337445
2021-01-20,0.542041795137826,0.08213663508602309,0.05007076493125884,0.028644291337605828,0.021537235045637048,0.018851696908426,0.016238719827742963,0.013874405738305631,0.01345748204081965,0.012311844182507144
2021-01-21,0.541938097875108,0.08218009120042805,0.050231523131703815,0.02857173081512669,0.021510928024464682,0.018642274597085246,0.016362002994953582,0.013921362749158681,0.013445635177603324,0.012296128900455314
2021-01-22,0.5411278761922206,0.08244261499385125,0.05028465499837916,0.028548188288656594,0.021618437850919013,0.018622794411379255,0.01621482866945284,0.01389891315893723,0.013449649416489877,0.012392309397742473
2021-01-25,0.5410472364758139,0.08252666028928811,0.05027735988848075,0.028522401388938672,0.021653448700119718,0.018622592690613688,0.01621586389848737,0.013883321486980646,0.013411500565179242,0.01240548213978854
2021-01-26,0.5410195221465665,0.08265514784606469,0.05055467293619337,0.028472781068681702,0.021723367789403366,0.018648051067391584,0.01608477066503475,0.013896549429006106,0.013329715849034945,0.012533322586169817
2021-01-27,0.5397553567654727,0.08284319657797534,0.05015407944576772,0.028439120653366325,0.02167169925882634,0.01878781663875216,0.016273581234639282,0.014013782862201746,0.01341286857805162,0.012576002799921092
2021-01-28,0.5419503003199511,0.0823931742192309,0.04978017941302573,0.028037780685039978,0.02147252517250594,0.018599776891916723,0.016204621429084597,0.014329799292476592,0.013407109624994046,0.012487020821476022
2021-01-29,0.5418133814723808,0.08243912517041894,0.04966410216502912,0.027981232253498963,0.021261241476321076,0.018575367505999488,0.01628159784543938,0.014443110238737707,0.013490043472024926,0.012452932518244234
2021-02-01,0.5429850077642824,0.08231018155544263,0.04951135417184773,0.02790442645174432,0.021544802881984113,0.0187142922029826,0.016274871029693907,0.014439245642011482,0.01364288133529587,0.012388826168519874
2021-02-02,0.5416989739005073,0.08278706919410547,0.05020596839084926,0.027967002759900193,0.021657936238600985,0.018554744955489408,0.016317009491923395,0.014498808819992763,0.013675332280549811,0.01240676130799824
2021-02-03,0.5423738320636734,0.0826694009285383,0.05052435325668988,0.027826950864819257,0.0214604066073703,0.018465905625043324,0.016335436850687352,0.014480988861947477,0.013735482938334513,0.012349391486757825
2021-02-04,0.5408581063180374,0.08288873606648314,0.050584595582668326,0.027776531785796078,0.021621237369014806,0.018719329613675086,0.016470004293090597,0.014475449030094671,0.013744759627614223,0.012330470189369268
2021-02-05,0.540636302698537,0.08313925249133809,0.05017443061426268,0.027999942494714564,0.021391492222174267,0.018354658329363366,0.016579908691131517,0.014547417458002742,0.013879779777724836,0.012479005128821974
2021-02-08,0.540345670660285,0.08311633980039569,0.05019128084564366,0.0280758565665141,0.02136295538003691,0.01832404756430829,0.01659519622595195,0.01453569866826247,0.013881731858046049,0.012498645825899166
2021-02-09,0.5402710215720583,0.08301516963936867,0.050276225610387214,0.028115709278162742,0.021474380147672827,0.018019806597854404,0.016595035913209558,0.014502725194552599,0.01391717433739987,0.012536312402828783
2021-02-10,0.5400308892996304,0.08305728360161099,0.050252506993857506,0.028187712340538327,0.021458373726901035,0.01801592634981356,0.016606055304954452,0.014508838539864538,0.013891667488386706,0.012553513624583434
2021-02-11,0.5402947777825504,0.08309760451596172,0.05027710825475825,0.028233100124851186,0.021455060533789618,0.017879652354091367,0.016551094324167175,0.014505295690655387,0.013894241577028716,0.012587357586447643
2021-02-12,0.5402506338234224,0.08309310971483334,0.05018990978181633,0.028311736534404615,0.02161414390195239,0.017934842422167446,0.016451420002543644,0.014451408913369322,0.013928987791683228,0.01269950973715311
2021-02-16,0.5404101439213945,0.08303714057318654,0.05022539865421252,0.028036829623075507,0.02158249307359582,0.017998690882256464,0.01632829309209183,0.014498678971296114,0.013907994730894577,0.0127186352919881
2021-02-17,0.5401980340834944,0.08298025956559522,0.05040963262382139,0.0279967243246294,0.021574133562844367,0.018001373500434126,0.01631231495810385,0.01447158156341317,0.013898106812045794,0.012707192757177339
2021-02-18,0.5396569472788973,0.08293546985159685,0.05063228213806908,0.02795629362572774,0.021742460346555217,0.0179763467917176,0.016361583454908103,0.014471367867649392,0.013835834413168529,0.01259390243426422
2021-02-19,0.5395469777281008,0.08300066332145631,0.050402545794698404,0.02781708471031029,0.021763860376435396,0.018013177986463777,0.016384520704761887,0.014477276421783597,0.013821503318695515,0.012734776700285881
2021-02-22,0.5392846589601102,0.08305010552794317,0.05048495368727891,0.027755826657980893,0.022080383165727795,0.018143509841444708,0.016344946854668686,0.014480297576250927,0.013804030596508875,0.012723566782122003
2021-02-23,0.5380435254338248,0.08369763991842927,0.05001586854771115,0.027706917809248503,0.022138939488967103,0.018591369472989446,0.016401062645872183,0.014408204114326617,0.013788898152761221,0.012784631619532893
2021-02-24,0.5328716734422277,0.08474366810232799,0.05045468088820146,0.027917773863646248,0.0223388138928193,0.018991916339111275,0.016701245573761583,0.01460091089000876,0.013913963675234401,0.012809601664025127
2021-02-25,0.528832247876144,0.0856215401674436,0.05083123115287789,0.028727554196015467,0.02248626097806383,0.019091219832157717,0.01670390963248782,0.014741818260958781,0.013974719048841198,0.01271198371852354
2021-02-26,0.5302600921986419,0.08511309540992323,0.051373679119348245,0.028696539121180455,0.02248238908850262,0.018976336446657856,0.01663770770567557,0.014700433066216365,0.013898231126707782,0.012594575238890612
2021-03-01,0.522181376897284,0.08643989035089247,0.05228157050225575,0.029213808213127027,0.022779953458170372,0.01928425394579913,0.01690764177436977,0.01503803976563026,0.014088844463939409,0.012888106302798989
2021-03-02,0.5249800743611293,0.08653766787763333,0.05138181194976633,0.028749905621332138,0.02281770156167637,0.019263222341523573,0.0167220915882233,0.014841007353980674,0.014000802752160505,0.012938347344797232
2021-03-03,0.5198129453680997,0.08746498702885679,0.05180995306046697,0.02920116126193299,0.0232276405965193,0.01948537402119069,0.016805060626069353,0.015000027296629657,0.01417926685936487,0.013116938409078318
2021-03-04,0.517191614080792,0.08882802818061664,0.05214048087437536,0.0292940832504345,0.023169815408699283,0.019619523371980356,0.01672612452227285,0.015140339817808905,0.014320514834390776,0.013105854444651927
2021-03-05,0.5114115421724362,0.0895562027321354,0.05208458583917696,0.029797001232134676,0.02367512403057389,0.020019839151024357,0.016816192343033255,0.015247644798516926,0.014569123170645938,0.013268838035692058
2021-03-08,0.5082396836388,0.09023577919967364,0.05240721173047672,0.029692677617225098,0.023879911346656874,0.020170776545197694,0.016979901703980015,0.015242471369106775,0.014627633948924041,0.013300217677871809
2021-03-09,0.5057376080780355,0.09238094944558399,0.05223036224545746,0.02986334727903925,0.02386828829545063,0.020709723837368108,0.01701154159724288,0.015241506507396153,0.014816649400143926,0.013279050818609752
2021-03-10,0.4951307126907139,0.0954462592539602,0.05344037293284968,0.030271976220996588,0.024234788306396214,0.0214209284924875,0.017244463933933554,0.015464893863948831,0.015027399773359809,0.01340347776787255
2021-03-11,0.48840253802396066,0.09706943247258437,0.0541505943095065,0.030879341118884955,0.02446318583965697,0.021722463928682822,0.01739187209945955,0.015663184871840503,0.015218743339605947,0.013556470911732421
2021-03-12,0.478904124197933,0.0992459391631876,0.05524642025252161,0.03125162779914716,0.025066657396572125,0.022138686626756165,0.017536049716675627,0.01595957685910857,0.015453853234428976,0.013835475940463313
2021-03-15,0.46692054481303724,0.10154810103777179,0.056612708932661994,0.0320987273873328,0.025528763308635686,0.02268296945483242,0.01793465943428513,0.016384110375893192,0.01573355057844047,0.014145984135777858
2021-03-16,0.45706556840569523,0.10310852393541707,0.05726030206046587,0.03267260775589065,0.0260165243081812,0.023120336615240846,0.018135618632539794,0.016625112360354355,0.015942033100478988,0.014592895241341532
2021-03-17,0.44347927066867804,0.1053913822324825,0.05860664718258262,0.03355817619329135,0.02665126506430872,0.02372119685235902,0.01860253572570887,0.017058565446879566,0.01638013770896622,0.015184290477742604
2021-03-18,0.43784436310237745,0.10642209142387127,0.059200969192349726,0.033926439485713125,0.026800534032134067,0.023951688402070494,0.018623327692208654,0.017151863623138325,0.0165832124661902,0.015466607002587387
2021-03-19,0.43496926078226583,0.10748065441131656,0.059729392877807604,0.03365239931444117,0.02748394471623677,0.024228237193264085,0.01792018825051764,0.017185781134764894,0.016686819429966502,0.015103099872016138
2021-03-22,0.4388615267142783,0.10887954105555142,0.05362982340476383,0.03366317850244772,0.02789468204481372,0.02456863684411371,0.01783889868772935,0.0173730358618026,0.016593868283613547,0.014911843929854727
2021-03-23,0.434082689457368,0.11065395307461592,0.05425200911984755,0.033720262739563654,0.02815240841304755,0.024832692628571396,0.017941561707489704,0.01749211067811032,0.016419801608581454,0.015148511719175774
2021-03-24,0.4344239715174107,0.10968303478363477,0.053167819566870674,0.03506514909182737,0.02748475673839046,0.024838154719190004,0.017871153103424145,0.0176905836873036,0.016606052514936357,0.015162136111034924
2021-03-25,0.4256617464877993,0.11182924639324632,0.054065592807122496,0.03540862002455163,0.02779529278587118,0.025197787323638695,0.018200647062920967,0.0180232064956356,0.016765209701922187,0.015378755727499678
2021-03-26,0.4293257643482825,0.1096674183388697,0.05421173823336229,0.03545351261629999,0.027579223678138847,0.025514589960721895,0.018290084999063386,0.017333695994936255,0.016498200473960188,0.015385691131236709
2021-03-29,0.42085178565411524,0.110993995399005,0.05504433354556344,0.03600110673383793,0.028035804674430873,0.02596419919641372,0.018626546454857774,0.017663447258169235,0.016742949574394272,0.015603086593178508
2021-03-30,0.41628929421554195,0.11246752410247932,0.05508564217657567,0.036217035016201556,0.028329317697403128,0.026442775816359516,0.018956581826434466,0.01776820992146287,0.016925933640750044,0.01575468679058747
2021-03-31,0.4116102860192598,0.11329461828330793,0.05513579556153137,0.03671085716978824,0.02843166643774075,0.02676233710610306,0.019170824581953624,0.01790655602281477,0.016882470157696026,0.015945346110632988
2021-04-01,0.41074490464512753,0.11440108349196806,0.05548136113270188,0.035494563789813686,0.028500128032400835,0.02693614127824164,0.01928271311616563,0.01780218497820926,0.01691188491386676,0.016106200428999542
2021-04-05,0.40282345143251763,0.11607707521396568,0.05690193807732215,0.03578953070932254,0.028782289792385403,0.027147928531561283,0.019610119428883025,0.017889993513135895,0.017042166300654693,0.01634605685261503
2021-04-06,0.3995432804756703,0.11726502607284779,0.05636443907216096,0.03663852682412447,0.029147341590441696,0.026929766201847206,0.019632832131996722,0.01753928895698139,0.016942014466889983,0.016314613844821524
2021-04-07,0.3981501121045054,0.11789345712326404,0.05654858070906475,0.0369744496405114,0.02919187430827456,0.027067756208086956,0.01958177456398989,0.01763418509990035,0.01696880694823192,0.016336646849912
2021-04-08,0.3853833647407615,0.1201703610407695,0.057735154169751154,0.03777467190676623,0.02984995560880583,0.027715576690613825,0.020049272710321746,0.0179642359909678,0.017374151196588392,0.01671839528083655
2021-04-09,0.38548713053674494,0.12038505693915127,0.057382711127207824,0.037777654401660025,0.029851267968321837,0.027854077454566178,0.02016961888954087,0.017957811343120397,0.01740683728751924,0.016834457300299314
2021-04-12,0.3809294009562122,0.12113365031086257,0.057455536737284305,0.03794296780893978,0.03021588308094737,0.02786412397999453,0.020398196205075048,0.01803366699080941,0.017585258487518882,0.01711202083447653
2021-04-13,0.3822726233900096,0.12117495416876284,0.0576538872256144,0.03787432441950698,0.030010106682115487,0.027305728366102608,0.020439918255871745,0.01795079728248682,0.017406431872363345,0.016439333052000252
2021-04-14,0.38320615356530385,0.12006843078881302,0.057795146718607894,0.03808155824719225,0.02983597898475861,0.026479745853577936,0.020542441241334104,0.018180078085299263,0.017470296597198284,0.016648751391379422
2021-04-15,0.3766952214688037,0.12111273572292457,0.05770143283863025,0.038501325792334014,0.03023765174997404,0.026801532156655986,0.020671581978125405,0.01849806132997849,0.01773082928960803,0.01689113904853614
2021-04-16,0.3759140838071106,0.12117418171660846,0.05737481490149937,0.03865072690265662,0.030289187103440737,0.02703918764902455,0.02055801052758525,0.018587511742731534,0.01739197910975048,0.016968213524345504
2021-04-19,0.3777128752139018,0.12003223519859021,0.056822512123745436,0.03871737782638541,0.030445899436797007,0.02698271731816123,0.02058743043875264,0.018714418649637805,0.01734507005244212,0.017020766986906986
2021-04-20,0.37668124618420373,0.11915546014322728,0.05733647162163755,0.039001577638248304,0.030684383835236407,0.027005458073420557,0.020424726786640104,0.018658856688279286,0.01749029420351611,0.01707237288088346
2021-04-21,0.3744420629282233,0.11912546658465484,0.057969276450866136,0.038844366588999854,0.030983916251788368,0.027169367579696627,0.020421290878865826,0.018716833252188994,0.01747434623016154,0.0169878820872127
2021-04-22,0.3656661707970571,0.12070799863719858,0.058778500012083366,0.03970770409092403,0.03120263401757699,0.02755266011563465,0.02066515698007949,0.01915508442192491,0.01784906902408117,0.017225447087235002
2021-04-23,0.36314631655790663,0.12089377178590127,0.05909775315467496,0.03998533414988523,0.03170899359896379,0.028044551221283156,0.020746707024443842,0.018952562293678584,0.018107075302687858,0.016818055040635806
2021-04-26,0.36406240904871645,0.12080684187352404,0.05923843395795141,0.039656535518809335,0.03143639803980601,0.027957154186043512,0.020624803440934807,0.0187296819379785,0.018125047017053305,0.016927707762226102
2021-04-27,0.36265753360982406,0.1210818598425842,0.05977793056009045,0.04029502572853523,0.03157170662786405,0.027974073936898377,0.020676987587913594,0.018763454808881953,0.01805243573876584,0.016964514403076173
2021-04-28,0.36191573232816227,0.12144517952042225,0.06017725548063374,0.04028365659909313,0.031428730172632605,0.027970315669630305,0.020806606943050494,0.018850675993472097,0.018160158112946384,0.0170171005103573
2021-04-29,0.36116620641253605,0.12052969967756015,0.06008940549850601,0.040232804066533276,0.0316387494473829,0.02799530688071825,0.020966323421936085,0.018859640453137243,0.018281411590901703,0.01714263416867751
2021-04-30,0.3600041141899105,0.1213842481829328,0.057609133355116283,0.040721555022150364,0.031528982230393264,0.02831859856531272,0.02096296302845573,0.01927120194051207,0.018379532298489536,0.017288371848900475
2021-05-03,0.3600807742908009,0.1202283276088749,0.058108181197768595,0.041046340079990584,0.03152529689610798,0.02821794095216618,0.020918427966400015,0.01869619981505806,0.01842510844875,0.0172766879507061
2021-05-04,0.3544898788215539,0.12187681071891218,0.05932367317702117,0.04116147223971371,0.0317981176689757,0.02851442911205679,0.021066181708036303,0.01891614719932956,0.018496127387711933,0.01729176112409695
2021-05-05,0.35489987173236487,0.1220906660860071,0.059519939741506205,0.04118133238908932,0.03164310879276898,0.028397660365396135,0.021048865527365575,0.019176435139222275,0.01838786770562028,0.017255672062923957
2021-05-06,0.354433678111146,0.12208701343056429,0.05893127563877315,0.04132047509253554,0.03188594175271968,0.028541043593741964,0.021029100272676567,0.019265803664191134,0.018340233635905177,0.017442827619475288
2021-05-07,0.35499738199119646,0.12135184190377105,0.05880720191503034,0.04123329699730428,0.03185388788072871,0.028557731038161664,0.021010641062885672,0.0192116580421127,0.018367916024853485,0.017510678592649855
2021-05-10,0.3559827754324085,0.12155510226933193,0.05819943284289577,0.041376124468579134,0.03185505344696391,0.028169644774381213,0.020949169104988268,0.019314088218019842,0.018216060967226576,0.017559013127657966
2021-05-11,0.3542081017290302,0.12212679811865766,0.05923002647263616,0.04161696403792886,0.03190919789990647,0.028019874984008816,0.020887681717544942,0.019443526243040136,0.018235762332306706,0.017601223857868335
2021-05-12,0.3556358526511681,0.12167154452966518,0.058504884962032655,0.041269509632006464,0.031757131158654334,0.028063445392797055,0.020795491549335902,0.01943630808587705,0.018179740659316303,0.0176452221270739
2021-05-13,0.35627084568902545,0.12202324435850662,0.05849871691519714,0.041320657377240375,0.03202233921378304,0.027956914778442987,0.02069748866162392,0.019382846900612958,0.01822654323442371,0.017686506274934306
2021-05-14,0.35539131651359046,0.1222620776596992,0.058376600262659444,0.04152186406598524,0.032114470579927085,0.028037156100747525,0.02077645772396909,0.019522995613526425,0.018296284637591097,0.017472100606726347
2021-05-17,0.3559421399296088,0.12213101929688283,0.05893019319784992,0.04136981953382155,0.03214605957429905,0.0281155032698355,0.020888051632138537,0.019144111683374508,0.018154259262487933,0.017507394230308844
2021-05-18,0.35700143725726285,0.1220774397701388,0.05872006570946111,0.04155063383079081,0.03192363055614856,0.027741619808402448,0.020968590028879467,0.01912582688036072,0.01781429501438887,0.017516814387797446
2021-05-19,0.35525751459865756,0.12221304147895495,0.05741052770061056,0.041634214599156456,0.03172354019309315,0.027979479291746746,0.02111476022489022,0.01924530095865546,0.01806145726850211,0.017661898146796463
2021-05-20,0.3545741415472835,0.1223647613713571,0.05696261536806112,0.04201145199940823,0.03178421151345207,0.02792613499733494,0.021189145663269585,0.019346043069441796,0.018162973357779905,0.01771880760892848
2021-05-21,0.35463435394291254,0.12317285678412693,0.0554525088767197,0.04207682135426332,0.031862225466732313,0.028112903568620992,0.02122373638297967,0.01948779006613744,0.018209098070301008,0.017720829565429936
2021-05-24,0.35462563528496643,0.12352127367728788,0.05561781896535315,0.042208736019842936,0.03191651469033084,0.0282050798688843,0.021167893914766475,0.019467035391584748,0.018238819452337483,0.017689410156041627
2021-05-25,0.35501654794918225,0.12333554321751129,0.055957039969303325,0.04222050233012519,0.031888753702737305,0.028168106190709252,0.021164173301348975,0.019428442537972265,0.018214835073880636,0.017678845733961748
2021-05-26,0.3561070886662356,0.12210347538977852,0.055101926976310486,0.0423604220513284,0.03190347138268104,0.028250528876558066,0.0211706153724544,0.019448220624779963,0.018263290703512004,0.017684974769035064
2021-05-27,0.3557536800333995,0.12190184079192339,0.055482937641425686,0.04246009339541669,0.031123420907793308,0.028121285295003073,0.021320872383776727,0.01951599187264815,0.018106085947698386,0.017726697854352103
2021-05-28,0.35613193533013526,0.12189323894103415,0.05450453088023182,0.04224711681780405,0.03159681835235625,0.028168375993031333,0.021292767804501518,0.01937105937028439,0.01814746156902221,0.017641026967057976
2021-06-01,0.35671600001820175,0.12207134423614487,0.053936759026206246,0.04205602467120511,0.031675697759256605,0.028066507812604162,0.02125773859091502,0.019326043462076496,0.01810867909349744,0.017556618604135835
2021-06-02,0.35730482035161887,0.12236568448923649,0.054508490397372815,0.04198412151988482,0.032083693724798974,0.028068790630302085,0.021274356674114148,0.019015931955625613,0.01808788858293649,0.017460167227172103
2021-06-03,0.35731760711585403,0.1224790460175794,0.05459690641815188,0.04199762372764392,0.03210391935735584,0.02802736091878004,0.021301951016081525,0.018919405866266326,0.018032969617146285,0.017335153592040384
2021-06-04,0.3572102733477913,0.12215092396231655,0.054654715029036946,0.04205500133674445,0.03176233807632763,0.028021461949539462,0.021382803791702057,0.018954463249713924,0.01796717185645058,0.01737226239396955
2021-06-07,0.35826236693195185,0.12217484629385376,0.054834192896817006,0.04204869135451748,0.0318492089906125,0.027762918280044888,0.02154262298444966,0.018975419883885868,0.018021303413469986,0.017239436180865292
2021-06-08,0.35455060892714085,0.12260897709483777,0.05504539550578452,0.04217113932424021,0.03207148812493785,0.02801702732003027,0.02173211526019057,0.019111817129569466,0.018431477588960254,0.017311168108387193
2021-06-09,0.3547200272723071,0.12263335738265706,0.055215555215694774,0.0421535397824192,0.03216749466042988,0.028100673040823036,0.021674700920056748,0.019215266950284863,0.017894294349510287,0.01724345794400102
2021-06-10,0.35448162075949124,0.121994766144779,0.055792424544802245,0.04276476244067289,0.03181420885822972,0.02820211164642304,0.021610957582293422,0.019231717825973854,0.01791263019049502,0.017264047164462833
2021-06-11,0.35605952536406044,0.11986033091889385,0.056270454499835504,0.04281027631402464,0.03166867509829801,0.0281323811940233,0.021557170093726197,0.01919889983609949,0.017847579928295474,0.01715162242450662
2021-06-14,0.3362955491246451,0.12268739563686477,0.05812832281309839,0.04416343942799759,0.03274373078601735,0.028959295748683306,0.022288595213978718,0.019928074189548776,0.018053730492964198,0.017650960926143874
2021-06-15,0.33625056177969415,0.12334602519702613,0.05779589375110445,0.04421574219250057,0.03270874136047201,0.028830118198371796,0.022390599596113378,0.019974767884323705,0.017892409558108162,0.01765545150179714
2021-06-16,0.33672368134174907,0.1236130426124187,0.057717853001089295,0.04407159026725176,0.03272945002537042,0.02881267801376374,0.022408635632449353,0.02011695011425464,0.017834892029083102,0.0176868330991809
2021-06-17,0.3347665648757994,0.12388754960504025,0.05732506467676526,0.044522931439097635,0.032703861903598544,0.028827885517838537,0.02250098650607658,0.020066201223732674,0.017965254225516133,0.017758202990125014
2021-06-18,0.3342869186927268,0.1243732979638357,0.05779154172366357,0.04453248473230462,0.03224856025693344,0.028948977983513938,0.022589052721092538,0.020191328461176238,0.017945366035346414,0.01777014612556601
2021-06-21,0.3364412341703704,0.12459914145974313,0.057644250200390386,0.04437280210402443,0.03184461985917445,0.028918500686218526,0.022483261612554883,0.020217167917987364,0.01790710189276153,0.01773115031238433
2021-06-22,0.3382775650456108,0.12478266280260887,0.05718272248578608,0.044340136209536314,0.031428704370899105,0.028994097447770286,0.02197207543782564,0.02008569782552693,0.017794693038740966,0.017588060259888037
2021-06-23,0.3388668816792803,0.12472635232999983,0.05704976209309062,0.0444880219736643,0.03149878828269413,0.029064025584022195,0.022090046781682252,0.020044838792624607,0.01771717811492004,0.01761966140630289
2021-06-24,0.3391831403454593,0.12485416257018297,0.05718777017867544,0.04450136542613158,0.03156621374123102,0.02897418539114443,0.022010229493135802,0.01993366241523909,0.017796151199102123,0.017603687679151107
2021-06-25,0.33403896955983664,0.12541605426450234,0.057800540412246096,0.044819101429756994,0.031814291031637236,0.029217049660001545,0.02221167183695447,0.020040519894629086,0.01776240543094803,0.017604487469393477
2021-06-28,0.33348114572215465,0.125839639205328,0.057947517848926815,0.044732138914642436,0.03208434591852898,0.02924623142383081,0.022172447881710813,0.019997315144737526,0.017776621258724045,0.017617549464143862
2021-06-29,0.3284141668435196,0.12805053265333333,0.05843781869668778,0.04483519122221365,0.03233771101138614,0.02963845663777428,0.021479009774443284,0.019732818776699468,0.01794698587674361,0.01764583045508916
2021-06-30,0.3272210276777714,0.12824582805151963,0.05866436474789604,0.04465077449660078,0.03240699303530524,0.02966613225025561,0.021585803533746138,0.01969206313579887,0.01798079436208289,0.01774603041000922
2021-07-01,0.3250631017788673,0.12888467021259334,0.05871451658904799,0.04466449385449089,0.03259937289888983,0.029716229754740583,0.021615013669024404,0.01973278184581231,0.018074009450367978,0.017831145794292277
2021-07-02,0.3260097216710788,0.1290367477550698,0.05880842759602082,0.04469849514172608,0.032557660725925176,0.029287515375097,0.02162955422536495,0.019615316365996838,0.018117975216426687,0.01794687274541417
2021-07-06,0.3265285133371464,0.12901382796961194,0.05883237555880009,0.04452176784403915,0.032579078283987,0.029386307456343453,0.021641555267448424,0.019585953266815358,0.018095764385586532,0.01792719467916227
2021-07-07,0.3243545745610793,0.1301911832920287,0.05895982274765216,0.04469484217011073,0.03265845568120952,0.029514749937210854,0.02171194734320817,0.019603852353029364,0.018251851230887142,0.017944663130497095
2021-07-08,0.32427392775839364,0.13048932119387474,0.058961846374726644,0.04464428738135929,0.03235652519291056,0.029612209740292616,0.021681526826531572,0.019742648852289806,0.018240904417663694,0.017906874548138656
2021-07-09,0.32474610681516614,0.13030131399523265,0.058964089569888016,0.044710137486967304,0.03241677834963534,0.029612596239775957,0.0217414890451523,0.019712538241308235,0.01798640158572979,0.017704222125741464
2021-07-12,0.32629727008000975,0.12808855993744728,0.05938731902339982,0.04467075393905516,0.03258727148121968,0.029700508229151077,0.021895429091386732,0.019539959973994464,0.01806217936778633,0.017785308072603725
2021-07-13,0.32652698845431644,0.1279307831029119,0.05937408530128364,0.04413583557841644,0.032686599797759515,0.02946433399765088,0.02190773840492108,0.019351587692998353,0.01813867022247254,0.017878834177263644
2021-07-14,0.32658818253548816,0.12730946900366358,0.05874840527509404,0.04411039351833215,0.032819599843412275,0.02981020299356095,0.02203072521455069,0.019325843688183065,0.018087677336860175,0.018004967705641344
2021-07-15,0.3247993971403,0.12755485526428256,0.05874284548204895,0.044606621769978934,0.0328667883571864,0.030011592732818775,0.022220645084718983,0.019388158871995412,0.018187109168950628,0.018054947043927638
2021-07-16,0.3249037442608088,0.12720563115280348,0.05895731337320673,0.044425085867716284,0.033010394021093105,0.0300468581991817,0.022275883487559142,0.019506906416184702,0.018161089013005366,0.017979662587423034
2021-07-19,0.32526678504353607,0.1270157757099569,0.05949844730186212,0.044395546804484765,0.03295798086065708,0.029930947272920262,0.022325175935975692,0.01935086369132386,0.0181409156983713,0.017701860739330427
2021-07-20,0.32656724761029665,0.1278735531000487,0.05915084516123184,0.04424727281705703,0.03287792336974457,0.030097862915552696,0.021907035511306572,0.0194198859576191,0.01806360319126738,0.01764999125231947
2021-07-21,0.3282177530480416,0.12516030328304062,0.05926557144058997,0.04427775076420075,0.033032812785509374,0.029854800498437944,0.021950094028042773,0.019400924377914217,0.018096571307630042,0.017703713651616226
2021-07-22,0.3292318264271107,0.12405057549910053,0.059799051649953784,0.04418947610626543,0.03319749457246427,0.02949978368461587,0.021996401699207954,0.019398419259676537,0.01799304212401278,0.0176651538378168
2021-07-23,0.3290239841224847,0.12417603948451765,0.05976356025672681,0.04409735557608549,0.03306862784183379,0.029635593534729367,0.021729128791540646,0.019489484707162472,0.01793858471703423,0.0176326751990757
2021-07-26,0.32862298840955484,0.1242543291293043,0.059620856793938096,0.04391251394148422,0.032967335650261706,0.029652548463627207,0.02134961057978317,0.01983525645041519,0.017972031137612615,0.017603928151305636
2021-07-27,0.3286534758300285,0.124609031556906,0.0600868050315471,0.04316022926514257,0.03312414705100625,0.029693091353986463,0.02136736835678224,0.01987071266134292,0.017861192440091836,0.017680000766337137
2021-07-28,0.3283323763894801,0.12466230982786457,0.06050898580595261,0.04311349647090535,0.03309316941048073,0.029737243333227747,0.021567833411742322,0.02000407237497296,0.017990317830419492,0.01769604859930946
2021-07-29,0.32805486279526386,0.12479326475959197,0.060027641259524166,0.043963809769128816,0.033159839938210325,0.02971387037179365,0.021593757273267074,0.01998840503016328,0.017990616246650167,0.017697757242604223
2021-07-30,0.32807115838542567,0.12484489804964903,0.06008990877890538,0.043964948393544326,0.033161434294077176,0.03006840186874554,0.021885876182158186,0.0199325363216353,0.017897853906907128,0.017634287602338556
2021-08-02,0.3287796521523731,0.12358206599007852,0.06037669892133634,0.043793607140039235,0.03346184299835329,0.03025607951726348,0.022017149371934247,0.020003787834655506,0.0179572617523155,0.017622434390103303
2021-08-03,0.3298313915483561,0.12352128500318543,0.060486783206998754,0.0438006327894223,0.03354810136153511,0.03039781650263112,0.02181062781345571,0.02002757612489981,0.017984035360748534,0.017704449103624436
2021-08-04,0.3303604845480427,0.1235330106144497,0.06103250122024067,0.043124511842527496,0.033511390394428825,0.03074663693465683,0.021988916725672554,0.020062311073538133,0.017864057114533077,0.017690327212391686
2021-08-05,0.3308160798740746,0.12436902363645803,0.06112270165629029,0.0426022554369132,0.03347355888981021,0.030386859524400144,0.0218656514538102,0.0201042275697272,0.01807364299635563,0.017633758720733937
2021-08-06,0.3316820352694976,0.1244548494797303,0.060932257009146784,0.04258059605413951,0.03274776041227961,0.03001791671072347,0.02187185980811822,0.02022158412397962,0.018173765880960185,0.017660227955770626
2021-08-09,0.3319046910693297,0.12481828634970188,0.06096349161549031,0.042559690042963075,0.03278724395882404,0.029751697595995694,0.021837847859170523,0.020257611132960252,0.018258005521147765,0.017640754158016036
2021-08-10,0.33287733530714797,0.12430758080703795,0.060930561191886584,0.04233679741197031,0.03257254729676667,0.02962278584208564,0.02187980720873278,0.020330160033594356,0.01815201844271224,0.017662399453764677
2021-08-11,0.33363938205505406,0.12421468093272156,0.06097034254140794,0.042392266963034116,0.03264649455356341,0.02949950812177355,0.02187427925896882,0.020405221280910244,0.01820345193796034,0.017711192644777322
2021-08-12,0.3338298720863824,0.12367217484037389,0.06093253175902026,0.04256689052521254,0.032488612888107664,0.029676231513253704,0.02190349640708543,0.020471098445504946,0.0182282085179175,0.017758808600794724
2021-08-13,0.33175072607695055,0.12381251188308173,0.06098470080368862,0.04266729566171091,0.0326170908153657,0.029496172383329123,0.022019001232853854,0.02048270188926844,0.018400100154817894,0.017873195637771937
2021-08-16,0.33245499935487005,0.12357032589304567,0.06122038164925013,0.04261415396412582,0.03264969332015846,0.02952653510044437,0.021882068068276646,0.02046871778959677,0.01830224768331972,0.017884017409859492
2021-08-17,0.33251976346682005,0.12334950969898387,0.062083560140149846,0.04250070955695028,0.03261013130746818,0.02947050121357365,0.021854389717222762,0.020441221026147365,0.018249121838875983,0.01770242226926747
2021-08-18,0.33284156463311804,0.12310765945901785,0.06263118244145116,0.04259272837732323,0.0326150164643395,0.029596457292619612,0.021892050423961185,0.020452350060885357,0.017883048214248607,0.0177185148130803
2021-08-19,0.3352815669739339,0.12263968905565102,0.06265758067980655,0.04235054186373049,0.032311451403581486,0.029421407863723534,0.0218177034024812,0.020376587297028292,0.017864191274095654,0.017681309764146277
2021-08-20,0.33455025337194116,0.1227372249307855,0.06336285689212301,0.042310974574923964,0.032221699179860674,0.02928414758576787,0.021829253979620402,0.020145522373301576,0.017851310221608074,0.017670711132211758
2021-08-23,0.3352789855998409,0.12223645669288573,0.06339259732537537,0.04234622837968859,0.032174326792533126,0.02904330172852547,0.021804856357375085,0.02016758958129102,0.017850609546871694,0.01768003531013493
2021-08-24,0.33524904754467805,0.12192377546500026,0.06457481703738159,0.0424369056751939,0.03201058939724643,0.028906241297878842,0.02177980955678638,0.020166658588859396,0.017862271579128817,0.017642584594572283
2021-08-25,0.33517298858992484,0.12164608209929118,0.06475093953627659,0.04234847228189751,0.03201960387838904,0.028976066125727746,0.021822851147176997,0.020163171683637834,0.017829410398888582,0.017663080020950437
2021-08-26,0.3357636922817227,0.12174378811163117,0.06506237588064522,0.04232884528062116,0.032061893386624706,0.02886077788420788,0.02181656163953192,0.020185725881083208,0.017880221564664338,0.017680779229369902
2021-08-27,0.3365013761579237,0.12145239273760247,0.0651048661413181,0.04219800932538901,0.031864419365335524,0.028442315403972355,0.02188896261289134,0.020271375059287916,0.018008540634549344,0.017690674992561977
2021-08-30,0.33750867104858223,0.1214884654139757,0.06564641009568821,0.042336456858599936,0.031957971588798775,0.02842348404731469,0.021955899635088216,0.020299941706932754,0.01799439914713184,0.017683349278084282
2021-08-31,0.33734610803742066,0.12189390820751644,0.06590001583887782,0.04225023399565626,0.03196782220945952,0.028579706732212252,0.021979785250791303,0.02029309188290177,0.018007354435298228,0.01739282838321907
2021-09-01,0.33770838361270367,0.1212344099065098,0.06599812969324427,0.042337187584876396,0.03190865105771484,0.028576507636561988,0.022045837340588615,0.020389364061820126,0.018044442638004542,0.01742314034394995
2021-09-02,0.33854354471306725,0.12079500127531143,0.0654957715749169,0.042494354362326375,0.03188773592023005,0.028856964553252422,0.021944892735103423,0.020426694191868718,0.01806654135900214,0.01752030227992518
2021-09-03,0.33594778416769433,0.12140269973849982,0.06548384169729911,0.04288475327449705,0.03205136494231488,0.029531856102939,0.02211423525433589,0.0204240562441373,0.01800935692267325,0.017710753843643748
2021-09-07,0.32476773266201114,0.1227453344799722,0.06664794298273312,0.043650753597057675,0.032616101170136545,0.030187742186562037,0.02259042781944723,0.02071602938629969,0.018270383730729128,0.017981189300020687
2021-09-08,0.3249963901413992,0.12279705670192448,0.06729715721041553,0.04355200710783703,0.032696878632540824,0.03002963896844881,0.022539535438686892,0.020759175388280926,0.01821271897706648,0.01794896333831053
2021-09-09,0.3188403274498064,0.12461482915560515,0.06806354025878555,0.044234107464252104,0.032227866427505296,0.030111919000295403,0.022797143839983314,0.02099432503524749,0.01839942017872862,0.01796538747406859
2021-09-10,0.3151956232892318,0.12474447350115297,0.06905991769166654,0.044568901192070215,0.032612848463545445,0.030316433331603436,0.022932648258353717,0.021043335701750217,0.018477402489304167,0.018084163830926987
2021-09-13,0.312908416788094,0.12521658529065866,0.0691364029575293,0.04485087791100011,0.03239187723655065,0.030389075114309036,0.022838472016137038,0.021102571011000406,0.018553605822819785,0.01844922244455429
2021-09-14,0.3126317232805719,0.1254410320049598,0.06891673751588843,0.04483989205285995,0.032136605130751957,0.030476455932284995,0.022827898068556052,0.021135963664769317,0.019049002167149647,0.01838822928060107
2021-09-15,0.311531340456262,0.12627677695615067,0.06904820930034045,0.044835192909475054,0.03211057909994848,0.030564983549400817,0.02287398272577588,0.021151016625327233,0.01899955886519466,0.018406241262805993
2021-09-16,0.3118277522271528,0.12596852828531735,0.06914965848270688,0.04480956114773621,0.032302634360248245,0.030598211203885322,0.022873049858278736,0.021186897251447068,0.018982710578959668,0.01809734252739011
2021-09-17,0.31239168796840655,0.12528988294705992,0.0691687692224927,0.0447968252101788,0.032418121776930583,0.030636006827150154,0.022963045052861553,0.021210144832760857,0.019035945196690825,0.017853893471778008
2021-09-20,0.31234317198250267,0.12517137630426006,0.06913670278768201,0.04475680991841612,0.03247701223430434,0.030624702274164906,0.022952268116795176,0.02113191088740578,0.019076389982491875,0.01779710301673869
2021-09-21,0.3141091277329491,0.12471875850970028,0.0689345158007006,0.04451499711972096,0.03245534967983638,0.03065161144871008,0.022984067251352866,0.02114996492142992,0.019014984397274778,0.01778130736473968
2021-09-22,0.3137871575322962,0.12296067943944096,0.06959060646860647,0.044410639973294176,0.0325745156557742,0.030240266847489743,0.02319098032775958,0.020986798772355722,0.019090371976082113,0.01790896556468427
2021-09-23,0.3135165828278688,0.12266098793527476,0.07027585675301612,0.04422848600595105,0.032725327797012614,0.029951387849762867,0.023162505199393873,0.02093783550330409,0.01914449270232203,0.017884613969309723
2021-09-24,0.30964663103241896,0.12415021812892098,0.07059448314815754,0.04454117266211457,0.03286816966140069,0.03032413642944962,0.023325594595073926,0.02127238895504031,0.019410492855436532,0.018035681735500023
2021-09-27,0.3100488352833922,0.12412627924480736,0.07061442580798932,0.044465174611102914,0.03277118362652971,0.0302286798528158,0.023270875181791537,0.021131137019490067,0.019285634036875873,0.01820746386794101
2021-09-28,0.3088139908619748,0.12474095689185831,0.07126726254033637,0.04445392087659514,0.03274282423559937,0.030334311659867587,0.02336581210430352,0.021146343975275414,0.019606671210757626,0.018213825368038894
2021-09-29,0.31121325661273647,0.12460997058961111,0.07105238741866114,0.04437502840138093,0.03252001063321046,0.03022898959358099,0.023065126223123376,0.02107457652769012,0.01957743526769198,0.018153264795264985
2021-09-30,0.31112643939661594,0.12445813542273952,0.07170069484661581,0.04432773137581367,0.032437947123292434,0.030159380735914298,0.02297237247280562,0.0210699192337403,0.019565243008130662,0.018095829048187455
2021-10-01,0.3125291965613101,0.12481781270750546,0.07126559960901716,0.044277637559668,0.03241526706948317,0.03003044102212778,0.022917848775247884,0.02116968970145042,0.01965508898329324,0.018062098668712227
2021-10-04,0.3135055238834337,0.12459099516958927,0.07127608557653133,0.04360502594572125,0.032585313280007355,0.03071347890562873,0.02294213188077912,0.020834376157832644,0.01964288014726669,0.018023035062841922
2021-10-05,0.3137110808095639,0.12409967868059688,0.07147810895213275,0.04364068981153035,0.03245521450448565,0.03036294778740009,0.023009182188245703,0.02097080006041544,0.01962172358798403,0.018156628261804225
2021-10-06,0.31164691118149573,0.1245785102186237,0.07179699959334618,0.04355342224135843,0.03244376035177607,0.030498104992608504,0.023092471369584696,0.021146815155033024,0.01973027575481364,0.018288113878287462
2021-10-07,0.3096693393757315,0.12506304812589755,0.07191752137858061,0.044011115714696646,0.032317554030807376,0.030591869923226985,0.023224976811005753,0.021104427587132168,0.019812409170999818,0.018344405614772987
2021-10-08,0.30659209048224834,0.1256889178471116,0.07219400290469136,0.04416597616346108,0.03240578905518482,0.030707335504247563,0.02346557094358599,0.020960309355935628,0.019929871838429265,0.01843007458739759
2021-10-11,0.3063171575064412,0.1255952633278779,0.07242390491239728,0.04420152755172617,0.03241546555426801,0.030719402516220413,0.023472962460852495,0.02137999236357846,0.019824892489641484,0.01827236537951924
2021-10-12,0.30653013713613503,0.12525886159550084,0.0723371760290557,0.04423935499309751,0.03240734036748898,0.030652086768696987,0.023459619109174296,0.021655027011888817,0.01975513933166317,0.018486026357446648
2021-10-13,0.30551816738501963,0.12537854856493777,0.07244961198352388,0.04430264814823102,0.03239987153784991,0.03039872933426732,0.023527649415246165,0.021496872603490015,0.020072309983908385,0.018517451778017495
2021-10-14,0.3057366172304086,0.1252248156799746,0.07270511821523616,0.044179832197645104,0.0325730587482682,0.03049203935284665,0.023444992761046352,0.021284567660881368,0.020014355962905274,0.018429136943341366
2021-10-15,0.3076604781601336,0.12519921408686563,0.07260494236643829,0.044034853386384985,0.03256127844060543,0.030471000991220337,0.023000423647003068,0.021048920567253587,0.020038730396505645,0.018349991395467804
2021-10-18,0.30784423790078236,0.12491109991655516,0.07260479952298972,0.04400775541151096,0.03235532013794446,0.030435934168972875,0.023163649469000108,0.021047476140826263,0.020027772204002033,0.018351975161006968
2021-10-19,0.3072805147703077,0.12555505573412146,0.07253629021275325,0.04411885465223239,0.03232373950440974,0.030403604393098388,0.023334950049599335,0.02105509136227386,0.020094112179740345,0.01832506543214959
2021-10-20,0.30372238322676526,0.12591886276191405,0.07252609718426158,0.04429180016811332,0.03242392114248739,0.030513127254098556,0.023407774358949997,0.02113079096125086,0.020110373170730205,0.018358949093595006
2021-10-21,0.3036803365131369,0.12585435735851205,0.07325042450460154,0.044246258194732886,0.03274520572710135,0.030481745030921607,0.023206408368435946,0.021158264850977247,0.019936776821315047,0.018401285174698637
2021-10-22,0.3037593027938702,0.12619316040241488,0.07331028350533755,0.043999661636097954,0.032894053996756815,0.030418262014589,0.023426200303511623,0.021054506648299026,0.019925479902085264,0.018436073122257996
2021-10-25,0.3035983076966263,0.12616809371152385,0.07398569029469368,0.04339420834541403,0.03301572740477378,0.030500515766825338,0.023189206821804018,0.02153561659720138,0.020179837329036554,0.018334174467467584
2021-10-26,0.3037855068596015,0.12610475293534434,0.0741441367578302,0.04334879531764383,0.032961000636394906,0.030524052457165635,0.02295245067572618,0.02142945730410752,0.02034259259905637,0.018340393596944688
2021-10-27,0.2988161115720099,0.1263276323418563,0.07437160583753788,0.043386495443125304,0.03311186556600921,0.030783223052376896,0.02297535879638857,0.02169901752597091,0.020349567280325727,0.01850948508433881
2021-10-28,0.29811516038773006,0.12445715388143092,0.07436255711324002,0.04323947387820412,0.033131178727695734,0.030564557804504636,0.022832152241397573,0.021816917258987396,0.020601922153775102,0.01850168119009095
2021-10-29,0.28125575596771707,0.12719391034351366,0.07599914559861018,0.043904449908884945,0.033927091501976404,0.03136840988387252,0.023310393256314864,0.022386747074324524,0.021175106635158092,0.018855155584295975
2021-11-01,0.2808049756010598,0.12754756158782588,0.07510121045845292,0.04439539302524486,0.03362546500197344,0.03138240310329177,0.02334253986388045,0.022489884305342708,0.021304035928824523,0.01884416922541845
2021-11-02,0.2809633223380525,0.12673311143504637,0.07529759024819502,0.0441091875169186,0.03373924554756955,0.03148202482544416,0.024327484532406216,0.0226066821424779,0.021419215076199795,0.018992184559532336
2021-11-03,0.2797034072458328,0.12650198277690688,0.07558417975714485,0.04425676855958156,0.03342339457053953,0.03158291245652594,0.02437623713226625,0.022684958883471596,0.021254235183253683,0.019067056627822078
2021-11-04,0.2770461708024772,0.1271637602660418,0.0759659949392665,0.04400834471375051,0.0332829664327841,0.03155192098014666,0.024501686783710033,0.02285494681985529,0.021332381294090208,0.01912306998525669
2021-11-05,0.27481622273780343,0.12744198504861648,0.07692543878888074,0.04169080173657217,0.03277480555576446,0.03168283240135057,0.02421007793562873,0.022045065109361155,0.02147774775653036,0.01934545835550885
2021-11-08,0.2716636374439681,0.12808890360308225,0.07789600510488016,0.04198811916773029,0.03268424308981539,0.03177909901128498,0.024655752766337562,0.022260446820486824,0.021523231890296705,0.019412708634929828
2021-11-09,0.2714517086292817,0.12796481218773298,0.07756877894978496,0.04241878778888995,0.03269113974879857,0.03201220770436632,0.02485887607744528,0.022536954336687565,0.02120959550893886,0.019457551129635355
2021-11-10,0.27651616353477076,0.1182898308858601,0.07762216228289491,0.043128550103776274,0.033161122610386916,0.0309110595742302,0.024860902782351674,0.022713678749101376,0.02140785049955748,0.0195628954687245
2021-11-11,0.2789537545305319,0.11325143475790803,0.07757480601017046,0.04338271574230589,0.03298822804663193,0.0311077730183387,0.024886473543932502,0.022758869168540325,0.021649761968558827,0.01968275004847175
2021-11-12,0.279224560370976,0.11098013655002242,0.07786588987319545,0.043693283803566525,0.03315315985529393,0.031192648212622916,0.025029809767259277,0.022853630197723015,0.021658565108185143,0.019728843142563783
2021-11-15,0.278109149266997,0.11129162863570144,0.07789988968620759,0.04384419650862921,0.03313059238049111,0.031162836917790492,0.02516052104263352,0.022880835566711714,0.021795782423663927,0.019678105281487956
2021-11-16,0.2765556505405837,0.11094547885564257,0.07812856981870721,0.044004450811534236,0.033267529316273095,0.03125355628365279,0.025207879263357692,0.02288160859674415,0.021835274433305563,0.019834222270675057
2021-11-17,0.2753209062886491,0.11077896673191136,0.07748104805450162,0.044101256138730276,0.03383330212116736,0.030944638946614235,0.025440692828879622,0.022918580899452458,0.021654300430299894,0.019884933866990494
2021-11-18,0.27508281661766515,0.11091115155170612,0.0774312320221495,0.04401826408844103,0.033955219665584194,0.03072821651371605,0.025629161891540228,0.022539324553391304,0.021712529773881963,0.019809021483531218
2021-11-19,0.2716210581132077,0.11213185195624177,0.07711497497045344,0.04413486334909719,0.03415781191243169,0.03135990584081339,0.025662476542846712,0.02261279061366629,0.0219640677940652,0.019846556163127284
2021-11-22,0.27142243028100316,0.11334770133115146,0.07674782815949363,0.04415624131378559,0.03403139862096225,0.03157041812002136,0.02564042333426368,0.022253630660349664,0.02153103934709715,0.019844848082714254
2021-11-23,0.2696034185349275,0.11423060443070288,0.07642106600597033,0.04409787369208546,0.03406944867484361,0.032511937521787555,0.02563057974020409,0.0222833703362404,0.021664113625002097,0.01971270809863226
2021-11-24,0.26977945377111984,0.11384445354259844,0.0751040544867876,0.04414579268267251,0.03410140595608414,0.03258251697018369,0.025679978384577876,0.022277922835228604,0.021715179111052387,0.019812138341782443
2021-11-26,0.26785507160457356,0.11372757763793126,0.07441780952433773,0.0442699930904387,0.03413787925858429,0.032738160412866965,0.02592214745423542,0.02243049886451677,0.02183870434854168,0.019915020039155823
2021-11-29,0.27383202078213337,0.11303988422691649,0.07423907466301266,0.04380497385424595,0.03377130766904672,0.03225447282038658,0.025547433169663288,0.02252549703941171,0.02147646615329195,0.019903046170401596
2021-11-30,0.2739056430426093,0.11391390151572059,0.07385347900668185,0.0435830555327179,0.03365887546255229,0.032159628109211094,0.02543283288187409,0.022560909205550463,0.02137762038330347,0.019963463238096106
2021-12-01,0.2810684497648078,0.11244951817603674,0.07325073177359295,0.043339639718876284,0.033326888163816244,0.0319125947133272,0.02518530137743544,0.022300007695375847,0.021208171500608452,0.019490648251712817
2021-12-02,0.28041500692118715,0.11237824954464196,0.07411463973678539,0.043501515868236716,0.03331271480775464,0.031666854404817174,0.024955422113663382,0.022426788047875026,0.021028024349893013,0.0197460841656173
2021-12-03,0.2824987371737527,0.1122725140760752,0.07437560692489044,0.043148305366168774,0.03346708660614008,0.03198707914136526,0.0248659135836374,0.022346924964835493,0.02084739722563581,0.019730638140965
2021-12-06,0.28134858499797705,0.11214643560490643,0.07551446715298762,0.04302681613460923,0.03341456365498519,0.031958273632281355,0.025022763350189516,0.022254828317319755,0.020766771065622983,0.01989405171744854
2021-12-07,0.28259717382745475,0.11257992613436535,0.07511389177836704,0.04285091222190824,0.03320603932307456,0.03150817981932457,0.025152873199002234,0.02193268650172027,0.020667158423694192,0.01983325010623655
2021-12-08,0.2837176921917356,0.11250179782844293,0.07572578053193771,0.042785537502264936,0.03308481815843071,0.03142812309725595,0.025198184047301276,0.02180080288727395,0.020631816934014526,0.019889652159629904
2021-12-09,0.28327101952095,0.11237869217344659,0.07578152293390161,0.042835659280679464,0.03283759582070529,0.03188346589378505,0.025137728713224117,0.0218863062209232,0.020606017756771126,0.01985061975278683
2021-12-10,0.2833018338889638,0.11171418214199813,0.0757649252205356,0.04294844203779623,0.0328290257908727,0.0319065279962569,0.02513111941942177,0.021850341277147144,0.02062613202317119,0.01982186615927564
2021-12-13,0.2837618545168025,0.11134641576812435,0.07555807177903717,0.04353856911126506,0.032782572360296115,0.03199464595711069,0.025109355489020848,0.02201658903313016,0.020183603669429995,0.019871159079999035
2021-12-14,0.2833336181112344,0.11099827472430447,0.07803940944633997,0.042967567971549665,0.03281050739067754,0.03212572606539974,0.025116270003432698,0.021930592891958606,0.020270178032522967,0.01980637613472798
2021-12-15,0.283472856511091,0.11069424402964864,0.0783391914093068,0.04253092033189654,0.0334448483127521,0.0321021211898178,0.02544885146462674,0.02199641599849532,0.02036293615643928,0.019631531439401904
2021-12-16,0.2856859407702908,0.11055846904751608,0.07892413462650386,0.04250610372228243,0.0333195618264671,0.03207181580067078,0.025480980302778903,0.021896169344601136,0.020183326039131668,0.019899452688752803
2021-12-17,0.2833691930879174,0.11384678252477172,0.0796483110469484,0.04253737124734795,0.033030201076417784,0.03242926393419481,0.02487926221280129,0.02191030485970863,0.020032275870198523,0.019820773643170673
2021-12-20,0.2852237347485897,0.11408438204394533,0.07886841160300828,0.042220906192950436,0.03305819256027683,0.03230070063605508,0.02489689839649986,0.021821744577994264,0.019941485831202678,0.01964359182529174
2021-12-21,0.28663557474604806,0.11399987076742109,0.07889011329172073,0.04210791584021752,0.03288554087529873,0.03236675902956398,0.025066010256136122,0.0218645473067099,0.019831381812141995,0.019297792352682877
2021-12-22,0.2875830383122542,0.11397896087042586,0.07998807054129015,0.04225674779122535,0.032927093818316364,0.0319423950407099,0.025050393208759736,0.02158953338065576,0.019808397892271564,0.019272152414770177
2021-12-23,0.2881252885227365,0.11351289914107994,0.0801644482111558,0.042302606515075024,0.03294060480493011,0.031943798126469296,0.024934447580736437,0.0215594764643715,0.019833607350362104,0.019218884957896896
2021-12-27,0.2886936022155642,0.11300957162525233,0.07988351101643099,0.04234963146560273,0.03295591158592642,0.031977164790652476,0.024817090208916356,0.021544981015994863,0.01987316756016351,0.019198823849881825
2021-12-28,0.290199408026591,0.112754550970626,0.07975332567587075,0.04224276331646955,0.03296472063889196,0.03192035367739668,0.024752418490012428,0.021481046733940884,0.01986491548310251,0.019156308254026273
2021-12-29,0.2898818678086559,0.1132389768025512,0.07982031467478928,0.04201122450746761,0.03299069311381808,0.031845285957322486,0.024895106398773726,0.021297976210380293,0.01989307891256566,0.01917794967801482
2021-12-30,0.29025301610638565,0.1132772377103592,0.07997850529099579,0.04187814266810297,0.033017189659931605,0.03168691914781421,0.024843531254141887,0.021373757371459242,0.019851319822152883,0.019216931122621166
2021-12-31,0.29085470800861585,0.11339317966662009,0.07992611165200017,0.04187539032162271,0.03305358645455159,0.03170995790710353,0.024839804615343134,0.021405053777472427,0.01986727174694443,0.019204499874456955
2022-01-03,0.29024459873206887,0.11333962201254569,0.07976906414093816,0.04200718219074971,0.033050241309988806,0.031915894328366196,0.02474465022540341,0.02144055313033636,0.019964371779910506,0.019243990465792535
2022-01-04,0.2869002960750991,0.11335139360641497,0.08191506062297281,0.04195204634017727,0.03338537560323229,0.03218179179264863,0.02494828449392787,0.0215633696839702,0.02005978074896098,0.0194476817320125
2022-01-05,0.2857283002103676,0.11529876119605717,0.0826853230820145,0.041239590163005435,0.0332518996371582,0.03209583797993635,0.024902252567299707,0.021532477322007786,0.019601610219004778,0.019343056959143668
2022-01-06,0.2883760323374095,0.11543942380749317,0.08347862953570792,0.040410663322403534,0.032916435013514614,0.030882436436274883,0.02479806468976709,0.021343756092812246,0.01966002639963717,0.01925945118053463
2022-01-07,0.28674162361140393,0.11544745960713423,0.08400539035648652,0.03957879663281331,0.03301362573771988,0.030947054327701028,0.024853429925493473,0.021368500482371402,0.019796129051262504,0.01934079019702481
2022-01-10,0.2855579305071611,0.11702809156686139,0.08387991048664888,0.03947239552972641,0.03295697097768793,0.03114462351450575,0.02494093157426997,0.021243689814526106,0.019830095931233697,0.019361362248317388
2022-01-11,0.28485157394449245,0.11670574338507157,0.08409595448255615,0.03996367014935898,0.03287151052457436,0.030720848443591964,0.02493643073063197,0.021250439766700473,0.020237365416559162,0.01964224701175269
2022-01-12,0.28539265183244295,0.11673710233713203,0.08383163418517439,0.040307901196775076,0.03278716060562009,0.03014027133289676,0.024808398355996148,0.021393128273013096,0.020295670128196924,0.019669339077648333
2022-01-13,0.2859329088520417,0.11664283738764737,0.08420564995737813,0.04037773454849706,0.032842736091501006,0.029988912061652356,0.024909757788030278,0.02132568249131486,0.020326595662647422,0.019662738128802596
2022-01-14,0.28765256414226226,0.11771528068362623,0.0842298626703729,0.039768358073863704,0.03213715597159497,0.02986766894425195,0.025018828335974134,0.021133323604598603,0.020306791091472595,0.019648666324525117
2022-01-18,0.2864964292842327,0.1177393162675885,0.08305143123229237,0.040394698743645305,0.03311217143284282,0.030018154897437418,0.025044261099307193,0.021114017488797487,0.020185951270364235,0.019244748805859933
2022-01-19,0.290244101893732,0.11706717829990859,0.08275524179474997,0.03973502595443396,0.032487454564242464,0.02999151024447997,0.02512907050535877,0.021091391306302783,0.020057053299678836,0.0191100805489816
2022-01-20,0.28977526140571674,0.11663009164671571,0.08320889154210379,0.03995524766622974,0.032596098506897174,0.030184045141931307,0.024642226079638806,0.02076209728209179,0.020104594075052055,0.019739600983726596
2022-01-21,0.29216204097626397,0.11568543692976824,0.08341632803990444,0.039862930750627405,0.032443676278184244,0.030334219303011833,0.0247301445834227,0.020570882636658596,0.020000877970108962,0.0194057352996056
2022-01-24,0.2936826953380104,0.11499007951056446,0.08338157748230716,0.0400680062810882,0.03231822781814318,0.03036430261499934,0.024888170732871258,0.020573348868324872,0.020137642568364793,0.019418798931627627
2022-01-25,0.29319564728852876,0.1156016942303346,0.0830158615858615,0.040303627714854615,0.03216458643923293,0.03057233617836993,0.024855634356275753,0.020649250756244103,0.02017252821375611,0.019284679667328098
2022-01-26,0.2943170199770917,0.11742324498146482,0.08284509068469001,0.04056612349582959,0.03139203954066946,0.030150639128473704,0.024698482814678895,0.020396598789341833,0.01994124099663914,0.019058159613938433
2022-01-27,0.28333844231742167,0.11884739379887532,0.0843439066351084,0.041862815412322826,0.032043023853849655,0.030649748329996767,0.02454747425553785,0.021134263353296736,0.020125462137903824,0.019504504984515187
2022-01-28,0.28172365416968936,0.11964125653934325,0.08529255472389044,0.04193544889443829,0.03121119200339333,0.030928745494354107,0.025059043347835805,0.021453637881454605,0.020205561975196143,0.01958377756480913
2022-01-31,0.28403995740671173,0.11718997285963016,0.0861772369631717,0.04194270022681451,0.03166489530175276,0.030072341970049057,0.02490862275380133,0.021266993248144673,0.02032784934901069,0.019177276317876267
2022-02-01,0.2851104516379694,0.11748982984874332,0.08562094630517265,0.041801978622008414,0.031362503191775665,0.03001839196230686,0.024942023472233062,0.021364015936050522,0.020573871878030777,0.01912569488115114
2022-02-02,0.28330156786765687,0.11772914452092845,0.08544452781608806,0.04196783064593443,0.03155990454653548,0.030060201327913365,0.02499489443102529,0.02159152617041699,0.02059746049913354,0.019175794748401694
2022-02-03,0.28520540546418716,0.1173526127682562,0.08538634887390466,0.0421596422037489,0.031572580970653186,0.029820850177772692,0.023983689897978475,0.022110678972648085,0.020731294642313172,0.019063524043548826
2022-02-04,0.28858299902683054,0.11651975942814743,0.08531738927877913,0.042114417928181484,0.031426526721504706,0.02973958361454758,0.02382329818339501,0.0221429848713738,0.020670093004106042,0.019049230638583974
2022-02-07,0.2879715989322943,0.1164682980275084,0.08607148337000618,0.042359112377195134,0.03129499145599746,0.029725127710291753,0.02374694836831193,0.022386764803098282,0.020880468249871015,0.018996457945568514
2022-02-08,0.288067293036289,0.11699067364275355,0.08594237126390938,0.04253516425039671,0.03140673227859686,0.02966773166882192,0.023703532638164063,0.022388847470671592,0.02051165466115702,0.019032348577709916
2022-02-09,0.2882280533952268,0.11678830639477307,0.08573999526489653,0.042201236806748796,0.031489321760042197,0.029654853261708945,0.024223373774420468,0.022458523392099194,0.020550278030367696,0.019130708258799995
2022-02-10,0.2893638642878296,0.11662474386768006,0.08566126939120819,0.04200348409205181,0.03142144490574497,0.029823275740217012,0.024136623007306075,0.022486297667323876,0.02065018456150649,0.019051017947345004
2022-02-11,0.2942398756354983,0.1156630306929646,0.08549666490507395,0.04173476252162628,0.03121457468194925,0.029401006644108815,0.023683728391867075,0.022319950932627623,0.020601812099954483,0.018877570702560933
2022-02-14,0.29809941010062246,0.11577795257884614,0.08520198704291874,0.04151097138848457,0.030599847056307666,0.02934914924640834,0.023468035082228177,0.022215073974576244,0.020401101685669276,0.018668692112282847
2022-02-15,0.2983486162537934,0.11604653353311914,0.08445109677280022,0.0415666223231972,0.030655890681609337,0.02924405027535741,0.02341746741146506,0.022236981911512403,0.020412659472622368,0.018561782758659866
2022-02-16,0.3003943096102471,0.11525349717948642,0.0845184509103113,0.04161229600755403,0.030564548112920982,0.029163715504071003,0.023362219594766472,0.02204272640658349,0.020379411756327553,0.018578550607589405
2022-02-17,0.30056214334889375,0.11537986099476795,0.08472971540624,0.04161263286642123,0.030542704239193613,0.02927825280712051,0.02344226745957834,0.02188798722102174,0.020424367160169668,0.01861473224991243
2022-02-18,0.30135599403676894,0.11528626740257765,0.08389101374271024,0.04216621049617399,0.03012955432059689,0.029593320490632947,0.023389460014167626,0.021832824458491665,0.020285127826904316,0.01862919240844262
2022-02-22,0.30228221716948395,0.11308114789571015,0.084203077195457,0.04224378455226139,0.03025912296111346,0.029681586137256927,0.022912644788156987,0.021977855714077527,0.02030092766090551,0.01873953012272561
2022-02-23,0.3033902005891967,0.11263373452223137,0.08377617002802329,0.04227889742615407,0.03022295750041223,0.02906878838045638,0.02272517779170609,0.022030970819056226,0.020150030336904393,0.018746738135080668
2022-02-24,0.30620005181312576,0.11222577647634381,0.0830753702339758,0.04192653590733997,0.030178084724710293,0.0293056762734081,0.022865074688025788,0.02187184101989909,0.019987783102921985,0.018790392502446806
2022-02-25,0.2998786153535409,0.11832021815274633,0.08292782875126878,0.0415903259083784,0.030289074232385582,0.02927565192676299,0.022796151796770567,0.022354098371175794,0.019943635660554543,0.018753729129118463
2022-02-28,0.30538549634084444,0.11829800937576185,0.08279594774983895,0.04121027466308039,0.030197203603844817,0.029071221447658478,0.02266896813136627,0.022257427905573328,0.019591094188060473,0.018587372938629398
2022-03-01,0.3005526576452029,0.11898910216703892,0.08296595729892063,0.04127943510070282,0.030396871452059222,0.02915724416594387,0.022985524105368436,0.02257497740074998,0.01989499949956542,0.018698914292220477
2022-03-02,0.30155054431901596,0.11827146518311006,0.08237776332551426,0.0412086089131726,0.030537173472537902,0.028921603919230765,0.02319982417799999,0.02250257422656214,0.01995915073622411,0.018735974340788313
2022-03-03,0.30158841568425043,0.1178788386121947,0.08150279425630376,0.04131089270056552,0.030771590356342703,0.02929692500771857,0.023291623265252782,0.02250115460302246,0.020228999822141807,0.018713282052341823
2022-03-04,0.2990156484147667,0.11909753311536857,0.08232013479549068,0.04142875710721838,0.030944623292541825,0.029110984846002372,0.023272681911562114,0.02198505153353386,0.02031437280094505,0.01871717057090889
2022-03-07,0.29413346783583927,0.11810243920380598,0.08298233853406804,0.041710830903240015,0.031935765267410154,0.029362746776717793,0.02381389339026304,0.021968112322647438,0.020052674005938936,0.01931635760302361
2022-03-08,0.3028113123928411,0.11345860361949599,0.08174300968071735,0.041332202011037766,0.03190193475669623,0.028800745691133164,0.0247268626240902,0.021852272148705075,0.019940863202267217,0.019497154549924425
2022-03-09,0.3031197052155294,0.11187264988981649,0.08263157416404877,0.04146410317391871,0.03136906616255543,0.028607621181541174,0.024911554353045325,0.021919772523501014,0.020223681495127474,0.01960224796404375
2022-03-10,0.3068407169218627,0.11065152253657033,0.0811067058943388,0.041211818114307824,0.03188765106602473,0.02882416094364665,0.025024691867342016,0.02171498765876787,0.02014505835399159,0.01965367040507147
2022-03-11,0.30665474863659997,0.10837865302239488,0.0810850806782081,0.04102531755751097,0.03250288183986977,0.029364936195774974,0.025393557464829002,0.02199793153076057,0.020330566690133726,0.019189694785075647
2022-03-14,0.3074756828116711,0.10741670252369426,0.08084769559045313,0.0409011751187532,0.03236480692144059,0.029292093983660162,0.025314185793775937,0.021974147602116325,0.02042161019818218,0.01898282903640989
2022-03-15,0.306694329204819,0.10883638894730863,0.08121364986777464,0.041105288220599716,0.03271595170129431,0.028921391830531967,0.025013420802567587,0.02170493024983706,0.019905788552095717,0.018973676168413712
2022-03-16,0.31309214347523134,0.10754152957574403,0.08088064229450632,0.04095853965747778,0.032633106993282784,0.028270286915802287,0.024502888913218522,0.02153481122510987,0.019573776105249047,0.01933660203449236
2022-03-17,0.3158244425313331,0.10863623184938644,0.07996596005357108,0.04118785732858179,0.03306368229187931,0.027964301964645673,0.02441965540605711,0.021311693905810787,0.019397270227460513,0.01924972325874883
2022-03-18,0.31668065476573426,0.10850429610499748,0.08032979632622321,0.04142492567433673,0.032890444694795976,0.025952509166534164,0.02460412910934282,0.021006150028186246,0.019520236000460316,0.01924004476347469
2022-03-21,0.3181525858706159,0.10898196100727553,0.07958096734620146,0.04154148091405976,0.032620170656735274,0.025546457982985597,0.02452198430957692,0.021084155930800454,0.01948817338197032,0.019126999406526905
2022-03-22,0.3176293377691894,0.10949996794819188,0.07875508818545643,0.04184371354562735,0.03264321571193502,0.02490825749433224,0.024568683589332983,0.02110255959921398,0.019600657179448058,0.019163164140046617
2022-03-23,0.3187432700207489,0.10993578375675457,0.07842889803655756,0.040807863644930456,0.03267408718118347,0.02496515753032212,0.02462341730998253,0.020800656813434477,0.01953511471844739,0.019094765440193062
2022-03-24,0.3208474976718287,0.10930704985765091,0.07774150449221358,0.040746982323101935,0.032638989130047966,0.02500339939111555,0.024614573931836563,0.02085493964013487,0.01928531174198771,0.01915295364806414
2022-03-25,0.32251329596069805,0.10847175107678339,0.07777883270895679,0.04067714408676587,0.032472750637041116,0.025419554018537984,0.024622623755990062,0.02077691365981658,0.019139150899492873,0.01899416203256811
2022-03-28,0.3190655423251081,0.10916032824246694,0.07845101871502208,0.04086959661559072,0.03262003263837437,0.02572649056355175,0.024564973971256707,0.020773191183825427,0.019257801366949833,0.018673191109907762
2022-03-29,0.31957442915759776,0.10888992209622134,0.07869491012417316,0.0408647600687018,0.03255380734081292,0.025674858808275306,0.024511451393620393,0.020650743666936755,0.01908235800045295,0.018701227929019466
2022-03-30,0.3198136510624994,0.10866062017830751,0.07836422783376187,0.04112583957041698,0.03306558155811348,0.02552914029370158,0.024514286313148483,0.02056289565197226,0.019075108466414612,0.018480895221009055
2022-03-31,0.3196868861388123,0.10878988649657834,0.07815266699239035,0.040979478493282734,0.03305491191323027,0.025480585499637602,0.024633087911645885,0.020596642355229993,0.019097538088818904,0.01842306676238004
2022-04-01,0.3219312938424062,0.10815565012699253,0.07769352134837257,0.04088666246231054,0.03305885871340229,0.025535221278069,0.02449627857304264,0.020532381479823388,0.018999402763919558,0.01839525238130436
2022-04-04,0.3194953701280981,0.10910196211994513,0.07771078992240474,0.04045471278377165,0.03348031452610135,0.02562535391771604,0.024767424120953657,0.0207923615630899,0.01902151080611899,0.018335126930111082
2022-04-05,0.31925324480955,0.10996463692147555,0.0777330536878625,0.03995440041191742,0.03337570247550529,0.025692177599632993,0.024791127545209773,0.020776749625860257,0.01905579256273489,0.01836942007477338
2022-04-06,0.3196164148261959,0.11055897501296126,0.0778615108185899,0.03989475058459094,0.033325284739178535,0.025533630750081374,0.024736357353266337,0.020861264776518222,0.01903332316542394,0.01833618713307375
2022-04-07,0.3175290777210833,0.1146003915604651,0.07818647512224917,0.039683939646898,0.03310345947135667,0.025669068514235876,0.02471346637926419,0.020738565021152917,0.018897761872060256,0.01823757665717496
2022-04-08,0.31692812882712956,0.1150800015992656,0.07818879509237049,0.039657367679276294,0.0331025343241321,0.025613332625947793,0.02471458572648474,0.02093396379545864,0.019311142166211832,0.018162474654317123
2022-04-11,0.3167401659277355,0.1159867603558091,0.07820422620202484,0.039527822475948805,0.03306534300346599,0.025538538460127436,0.024597537382064855,0.02091166371853221,0.01933311282487658,0.018070366847639897
2022-04-12,0.31895275297338554,0.11524126195790646,0.07780490058462962,0.039904838505672856,0.03304451854749898,0.02555554345456626,0.024170261821781808,0.021356316366800878,0.019047741617944928,0.018045354537545688
2022-04-13,0.31886974234985993,0.11506351596267589,0.07779778681701568,0.03988528798129116,0.03321461091536144,0.025829721030904727,0.024217049186817094,0.02132283196401092,0.019120130880827948,0.01805016137285035
2022-04-14,0.31753680938817774,0.11486839691040848,0.07739183921639503,0.039754740547769306,0.03322272226292553,0.02593271499065977,0.024404989223358837,0.021366803514712946,0.0191978961371797,0.017991157518070667
2022-04-18,0.31740701096298024,0.11454339748947504,0.0773471480783236,0.03974437365679952,0.03319422723791688,0.025877835647914092,0.024364587645279073,0.02139242398348254,0.019417302386759608,0.017785885275610997
2022-04-19,0.3167817962124952,0.11533786506207618,0.07738927581230785,0.03969923133427426,0.033131784330660566,0.025885924205413118,0.0246213096899841,0.021313791273999714,0.01964134356586946,0.01778238888762401
2022-04-20,0.3196483569024511,0.11433874696428963,0.07686543829303319,0.04040264603386983,0.033083091418688496,0.025436507923124043,0.024591381364247683,0.021368027210823353,0.01936884260942276,0.017749393470880826
2022-04-21,0.31833179719175775,0.11571819489835057,0.07683144436929887,0.040298831591763305,0.033110914556773376,0.025787773080834506,0.02497617673463592,0.02138397901961831,0.019848119732539315,0.01790204426889915
2022-04-22,0.3185908329750536,0.11574415577404988,0.07616658112348221,0.04026183189169511,0.03311122086282945,0.02572852840361091,0.0252895431491873,0.02146317106318722,0.01963604102423066,0.017863386185785177
2022-04-25,0.32675794225172367,0.11572811268097082,0.07534236050755838,0.039772497082343296,0.03254730911729539,0.02558199695435528,0.024994164705757455,0.021044329396211207,0.01927103163941665,0.01763201581392875
2022-04-26,0.32697130122664897,0.11421612951476712,0.07502565829458926,0.03950911394820015,0.032469936428869986,0.02578623382940918,0.024949094159142027,0.020970456955528828,0.020425308773344447,0.01771541244535348
2022-04-27,0.3338172156731049,0.1133260299367416,0.07396234354270295,0.039236616792191994,0.03218704001637229,0.025418966665273574,0.024678688413014155,0.020815160535032313,0.020256972677191724,0.01753360096250439
2022-04-28,0.3330525410054545,0.11334178387708799,0.07359530742361275,0.039315551159296955,0.03214847414260866,0.025016065986256737,0.02479671804809148,0.02105754238745642,0.020444578828607944,0.017889629680907557
2022-04-29,0.33697208942898393,0.11298151652195454,0.07269760951792069,0.03773062158623875,0.03150052388724285,0.02542330000541227,0.024580719338660673,0.022007134161112957,0.02020703773087402,0.018292872206200392
2022-05-02,0.34697250325046813,0.11146546817038518,0.07163210344983365,0.03710601695360017,0.030897377627742584,0.024897608913170353,0.024074417684900023,0.021465066355417416,0.019958730166059598,0.018077384445604923
2022-05-03,0.3460147928421797,0.11159872317509889,0.07192608302018856,0.03733098810647662,0.03079557752507103,0.02481877287598041,0.02396468405618625,0.02173203860297582,0.019837852300247014,0.01812123899911325
2022-05-04,0.3463370047533957,0.11144906674848391,0.07190846317080944,0.037375685300507264,0.03083274220333156,0.02486385763257704,0.02383416262859577,0.021455515544908377,0.01982633934144639,0.018109804592907383
2022-05-05,0.3545550032548827,0.11050416569639651,0.07105208256354821,0.036242865389128895,0.030607195690222074,0.024402416708926317,0.023488171024059715,0.021120998313336827,0.01970942997306695,0.017973720255833915
2022-05-06,0.36217927951269413,0.10931021762095787,0.07049693214887545,0.03594249847456973,0.03025403309153711,0.024136586318537084,0.023187053817040313,0.02095833119639452,0.019511627080150223,0.017794483591128483
2022-05-09,0.36184148347314543,0.10948891850482198,0.07032825182557173,0.036104333576544335,0.030117575455498386,0.024179894431578766,0.02329654447307661,0.02096282556789127,0.019368808431573004,0.01785906940783989
2022-05-10,0.3650396151549327,0.10792158238936547,0.0690958742923359,0.03668513494574577,0.02976077485289954,0.024155820754201886,0.023599540048239498,0.020783146718444327,0.019827131253519252,0.017986055195804925
2022-05-11,0.3640389621236781,0.10795150412681395,0.06900250270456378,0.03719669286319293,0.029548983302367476,0.02439985714533183,0.023600218231313457,0.02079075486011401,0.01987235070164807,0.018057301978314115
2022-05-12,0.36136087603291983,0.10866604073638614,0.06942924210621339,0.036923182567481096,0.02966398618229212,0.024594339242082812,0.023730525225652294,0.02090179295251298,0.019918243005153102,0.01812052473210658
2022-05-13,0.35919870472843707,0.10848514751386222,0.06953587713543796,0.03685063504377959,0.029693540349577555,0.02456744231306894,0.023658653675854378,0.021306802607340036,0.01999049985425019,0.01820312206281836
2022-05-16,0.361095221559169,0.10818601519789948,0.06915927066143021,0.03673656394068059,0.029436133588546624,0.024659781658329893,0.02364682861259701,0.021332844598768,0.020023820113881104,0.018175522124730954
2022-05-17,0.3608435481587911,0.10942311648337184,0.0689496902879915,0.036632385569953095,0.029395580356093402,0.02461590954210198,0.02343425592676825,0.021224772939893076,0.019955133320072507,0.01815341936067506
2022-05-18,0.36193884094646966,0.1094357718306255,0.06854142407237541,0.036753337918854885,0.029421773988595593,0.02444394713790402,0.02321315631935526,0.021693019341201603,0.019869721356100187,0.018219830161344396
2022-05-19,0.3715888850508058,0.1072906593977855,0.0676490445393529,0.03632148292360686,0.029884317572149047,0.024121751017741087,0.023200302526678342,0.021394216384400287,0.019588379300464618,0.017879886774739874
2022-05-20,0.3706481812370406,0.10747412777544506,0.06736275407501213,0.0365985888428473,0.029696436838962826,0.02403546290368821,0.02352402665704701,0.0214091380041661,0.01997597799664613,0.017738473578038556
2022-05-23,0.3699646871243925,0.10764191185204607,0.06728440687352871,0.036454990262891104,0.02969403116988893,0.02400508356950254,0.023461850532909268,0.021399046144556066,0.01991261719867724,0.01770914583813536
2022-05-24,0.3706843874799666,0.10736140289202104,0.0668750708927285,0.03683235301485273,0.029352479578726953,0.02415195373475773,0.023326317056487727,0.021269738073973657,0.019839067015091034,0.017534969091425188
2022-05-25,0.36868644933556016,0.11005002711408182,0.06658855362774116,0.03684028808334858,0.02961886774659573,0.02419444101114712,0.02314720063333083,0.02117804362615525,0.01980927132738215,0.017428038984171
2022-05-26,0.3687423922943873,0.10981699286706667,0.06681049500590709,0.036728629693322974,0.029514979543327883,0.024404613966894008,0.023118201158138958,0.02115602488905342,0.019675457971824486,0.01739014407353658
2022-05-27,0.3717724991381051,0.10980842553183492,0.06663280818316034,0.03682734853466286,0.02950083139394374,0.024376041979339885,0.02301565874225975,0.020811143390030457,0.01970024746214016,0.017270852109554993
2022-05-31,0.37518404671119077,0.10943065889251842,0.06629903993095998,0.03659640923703641,0.029473265728359153,0.024239387886102737,0.02287667187800089,0.02063800845271326,0.019543978145642092,0.017174135370408627
2022-06-01,0.375122117444376,0.10986714029535519,0.06486578123969937,0.0365644291430621,0.02959659540895282,0.024390886041493802,0.022809541002619105,0.020530131688701707,0.01949590018758189,0.01729320554536019
2022-06-02,0.37497614981830546,0.10994970840521698,0.0648707800714839,0.0365153417798388,0.02953739679062387,0.024383886854389983,0.02298328234454199,0.020515345195185355,0.01946030496846406,0.01736424749969222
2022-06-03,0.3768022923930937,0.1095982334178832,0.06454754011710165,0.03674055164994401,0.02943351605799318,0.02456694195060806,0.022926498879325286,0.020383015812110068,0.019237035982343168,0.017354277943799745
2022-06-06,0.37780153057035254,0.10925800938165173,0.06446684881633659,0.036697842665555584,0.029356487821507266,0.02450078620959854,0.022880624980892723,0.020303373170095798,0.019295848777642285,0.017577363299019207
2022-06-07,0.3778876507035638,0.10931121802708502,0.06451584666726085,0.036843607268224075,0.02924819377325158,0.02453409011673358,0.022843855567829748,0.02033314828029039,0.019280911449846845,0.017538007439240867
2022-06-08,0.37828165895412136,0.1091561267845758,0.06418360650698117,0.0372198587233435,0.029091507296821004,0.024483422443704685,0.022795555061039145,0.02034325722273861,0.019245423221378604,0.017614827029207965
2022-06-09,0.3792225649267838,0.10916232205501554,0.06381005215376909,0.036513935803021834,0.02891255626576166,0.024441149188616763,0.022873113262058674,0.02040349226938978,0.019264200930799634,0.01758810533648858
2022-06-10,0.3825461522123315,0.10898508293591286,0.06297373611183667,0.035781369101304146,0.02880300879190519,0.02435081012337672,0.022770964628872927,0.02027144244019441,0.019187046577654444,0.01741657395601056
2022-06-13,0.3872441509190824,0.1084481164016935,0.0624471768955449,0.03545217485033596,0.028603550969469534,0.024350636865073015,0.02261200457363506,0.0200566915912833,0.019093410962328475,0.017288044770352836
2022-06-14,0.3944507075799768,0.10679807753519913,0.06129262401247138,0.035614310011053564,0.02805193196674883,0.02412823599091794,0.022438836378327647,0.019775934628055682,0.01900145290369236,0.017084543397298556
2022-06-15,0.39346819828455226,0.10732278491116844,0.06113789955908166,0.0354819830628718,0.02802404142207013,0.024027690974891457,0.02243286744461804,0.019671447863678665,0.01923216504330029,0.017060305329956855
2022-06-16,0.3939906927161806,0.10725494568756672,0.0610853972305295,0.035395153153348034,0.027963483079211742,0.023964574652169866,0.022530303090231272,0.019646502996481557,0.019235505273548534,0.01708849726742853
2022-06-17,0.3986625688239286,0.1068459006628952,0.059200234245349696,0.03539952050803492,0.02760324102383145,0.023649518850514317,0.022612339629539128,0.019578861012631586,0.01914218862176755,0.017051461045420727
2022-06-21,0.3971189083935126,0.1060794271154177,0.058999094544975955,0.03545902915944424,0.028541996306118058,0.023959942299418124,0.022826328977992406,0.019628899752593687,0.019214864847124348,0.01708594680899217
2022-06-22,0.39900682324555203,0.10653917675704748,0.05832802355892755,0.035445814707334856,0.028381732517598828,0.02382350169106949,0.022614547481587415,0.019795982754984714,0.019361454529837174,0.016719414380093507
2022-06-23,0.3981389452178367,0.1065285471945639,0.058993386380178855,0.03516992016108599,0.028660568695588157,0.0237811937754337,0.02256309756673754,0.019755797985433556,0.01930417426993818,0.017005227149032614
2022-06-24,0.39807177270203964,0.10609525724351461,0.060585060615812564,0.03486306133840214,0.028527788228544824,0.02373769580610956,0.022515384943652336,0.01969200792920591,0.01906432925583145,0.017086991215078267
2022-06-27,0.40235920987789986,0.10524787469064605,0.06033165389539279,0.034623238934179304,0.028372166617097985,0.023526282504685646,0.02259668648492222,0.0196098560792504,0.01922345820771468,0.017004717505492734
2022-06-28,0.4024840232803466,0.10533337533740637,0.06033095937824499,0.03488169536229065,0.02842365528316071,0.023466389621315874,0.02258043073278705,0.019605382537456174,0.019211099940847957,0.017002218508821564
2022-06-29,0.4053891676234825,0.10409822579000799,0.060004104329210904,0.0347531254692596,0.02845364641328698,0.02321585943626618,0.022568895268449723,0.019800291404290467,0.019244800853102133,0.016951095953877074
2022-06-30,0.405086494572664,0.10390354308393952,0.06022399660408006,0.03478616033106742,0.028535661152578735,0.023196079019954376,0.022557955554194566,0.01975222923254218,0.01917413418307305,0.017018792588747184
2022-07-01,0.40477301923612474,0.10359551980215043,0.060122075333431654,0.03481528499661175,0.028804797015065307,0.023166082581723108,0.02256487350942246,0.01970808443648951,0.0193190945732204,0.01703274089836988
2022-07-05,0.4041881714568595,0.1042056204397424,0.05996322947185618,0.03490948857012759,0.02866214297396776,0.02361596956500641,0.022958889096351052,0.019672038579745907,0.019024448717922825,0.01693720012069808
2022-07-06,0.40205083306568556,0.10546735209728529,0.0599518168240008,0.03479060326635323,0.028852790988006083,0.023639467077014024,0.022945391935615792,0.019914456358418407,0.019021945792067348,0.017358080560959603
2022-07-07,0.40246907043503277,0.10525541610306623,0.05965384738978996,0.03480472617124254,0.028928726877845784,0.02355960407411471,0.022990137377688593,0.01993662956512193,0.01903121076723523,0.017290780293360807
2022-07-08,0.4028610516307969,0.10567851010820459,0.059612149952951034,0.03466485185417877,0.02897371835522222,0.023490324262825026,0.02296652464688332,0.019895216099258498,0.018814754839070642,0.017269014830658794
2022-07-11,0.40280351013779014,0.10565977236869759,0.05957732475934494,0.03469368066388802,0.02902394818568755,0.02351824675047217,0.02286175554016285,0.019921515070466054,0.018842195870700598,0.01728640716001726
2022-07-12,0.40248243476752754,0.10590718102012923,0.05930345769250737,0.03462847824680209,0.02901673802714115,0.023634637474569273,0.02292876657395527,0.019935103135962667,0.01889459168098206,0.01732891589747691
2022-07-13,0.40256194263706996,0.10573138491072992,0.05925073968112049,0.03484500768624864,0.028992024993531918,0.023860836411023878,0.023007549292771812,0.01980262023973732,0.01888875515536394,0.017359391139562204
2022-07-14,0.4025838643270259,0.10579883869279676,0.05914641033558055,0.03483884139530897,0.028984636096816202,0.02387891382999134,0.0229844471668179,0.019910557857342553,0.01863869832581935,0.017194667569977878
2022-07-15,0.4019404052643309,0.10576246854356877,0.0596276682652365,0.03433556736843077,0.029086686242876945,0.023989586153608914,0.022968912049149942,0.019896456338907995,0.01878085120161949,0.017148122153814692
2022-07-18,0.40456346486183986,0.10541512570140463,0.05939523364553019,0.034060284657206584,0.029136780386692006,0.023795661679557278,0.0226828382406892,0.019666347142005904,0.018848142092091534,0.017299863586297544
2022-07-19,0.40513348182581643,0.10625790786223012,0.0589741059967461,0.03404914152944312,0.02920655399782494,0.02372580436942385,0.022622187288514607,0.019518009209536488,0.018799946998184863,0.017256786725179572
2022-07-20,0.4090043086112616,0.10575757851603994,0.057702236592618,0.034044072619239564,0.02915763367209393,0.023522768835395773,0.022536260388024767,0.01956124234150196,0.01872585023597611,0.017151336503525426
2022-07-21,0.40768492595529127,0.10773867456672344,0.05760299588253662,0.03390543375019437,0.029137240384906893,0.023510508798961965,0.02256867232757161,0.019699832332991343,0.018747870411955532,0.017143199042116367
2022-07-22,0.40772000591084545,0.10750595527523632,0.05706528949651067,0.03391630072668181,0.029283469669311935,0.023556346393669228,0.022542462946417235,0.019594860418362687,0.01871103809212224,0.0172235520965454
2022-07-25,0.40772669208019324,0.10749683122323023,0.05672230607087036,0.03425284999674472,0.029238185410124535,0.02340345921192472,0.02245859291929951,0.01962183228475993,0.01877329009403586,0.017420801114785077
2022-07-26,0.4081284501952121,0.10786485332707732,0.05659049765078721,0.03433034777042161,0.029284311678666432,0.023469004479188503,0.022480404641063732,0.019646784990373565,0.01855396497130023,0.017446973521646775
2022-07-27,0.40728548838322876,0.10848020015788379,0.05615611126477805,0.034227101534881066,0.029576257808473873,0.023624968817840358,0.022502580248476834,0.019956409719785045,0.018378477345693943,0.01744733720294304
2022-07-28,0.4090714836614024,0.10828156570878716,0.0560037999711417,0.03419571646317693,0.02945867819845725,0.02345379713817119,0.022318748150139237,0.019933363180087937,0.018330038393806963,0.017508725922653366
2022-07-29,0.4087132544773798,0.10792737920688361,0.055983352876374355,0.033764030418119935,0.030405106356709174,0.023918358425338113,0.021996571074085404,0.01980963988757127,0.018212330570950837,0.01742131856111868
2022-08-01,0.4069460178396051,0.10790791350190368,0.05576542125115059,0.03344122940635104,0.03147767670721207,0.024452496146028027,0.021685625068639566,0.01959870377819895,0.018096991460918994,0.017411286044592834
2022-08-02,0.406868563308368,0.10778375783361156,0.05563579094255636,0.034077209319151945,0.03144240062725496,0.024502248352237223,0.021711308456501183,0.01954859788220429,0.018100209186059635,0.017396762954328963
2022-08-03,0.40731165131038427,0.10777250765079459,0.05559621191034987,0.03406509562267556,0.03135695092276682,0.02446856740761992,0.02171296224091833,0.019523010464376378,0.018052233668093793,0.017364412515468886
2022-08-04,0.4079416514246786,0.10751507667274471,0.05545134195438336,0.034134673571925074,0.03166127068078534,0.024496956246494863,0.02166661959569193,0.01949042774813974,0.017813286254124,0.01732528387179694
2022-08-05,0.4077923993400013,0.10773027233227192,0.055096144210080696,0.0343088704709275,0.03187529197047701,0.024464169172131837,0.021702169171309058,0.019517868701341756,0.018048753063308956,0.017425376829792436
2022-08-08,0.40741863570414033,0.10777551955449595,0.05524845466712532,0.03426934140949418,0.03201981335097623,0.02469418487026219,0.021672058801865055,0.019531610652497634,0.018050515776609207,0.017515744029243475
2022-08-09,0.40722544529798627,0.10761291762524021,0.05500785549284175,0.03425008908213523,0.03209560394863013,0.024591154071096792,0.021682707934403394,0.019793376729283052,0.018044767892349607,0.017531880840649876
2022-08-10,0.40669537106809683,0.1080753655363957,0.054939085562000965,0.03423158547273776,0.03213356720397375,0.024562572488225572,0.02165802717339314,0.019778646750793112,0.01804002215630203,0.017498631538525853
2022-08-11,0.4088961698721401,0.10776097147984427,0.05471065514359734,0.034223853793339434,0.031996927228874546,0.024453065386479948,0.02156889320917658,0.019720330682130638,0.018028576433109497,0.017331680006221296
2022-08-12,0.40852197906126136,0.10760878358788141,0.055234267443050884,0.03396670197560275,0.03178504055796494,0.02446677782185992,0.0215352407724569,0.01969452219788362,0.01800401883413606,0.01755008387379669
2022-08-15,0.41005049434095253,0.1072606314742767,0.05506772753032399,0.033881859181001305,0.031687652012061404,0.024396606862980622,0.02147734097619376,0.019616172030975154,0.017985677282317637,0.01752967861198399
2022-08-16,0.4100439852883235,0.10705728059014441,0.05496594727940808,0.03418872875193235,0.0316225026432445,0.024356201679571365,0.021523341496115015,0.019580665385905603,0.018015580945634678,0.01749085721705679
2022-08-17,0.40975341871796844,0.10675470388910858,0.054684655159486895,0.03455063502582601,0.03166569387532694,0.024379787429224104,0.02153325320667734,0.019714316641316745,0.01795429532793152,0.01767395143355851
2022-08-18,0.4100244572201779,0.10639893991164058,0.05462542119531939,0.0344679996821183,0.03173833848293107,0.024298340340677106,0.021492958961327517,0.019793105299528466,0.017963044902456676,0.017757307764969105
2022-08-19,0.4086644418695197,0.10602897634953078,0.0547468678074222,0.03450108888056029,0.03196921979073809,0.024423910700963634,0.02165849246965614,0.019863185156032755,0.018044939482086127,0.017915509858326382
2022-08-22,0.4094782158183704,0.10654221063372243,0.05380344914297386,0.034623686876696314,0.032134855064612354,0.024417872811542066,0.021551944249939368,0.01982642432945427,0.018097654027033873,0.01793226809546211
2022-08-23,0.41205095134973363,0.10613863641043839,0.05360170723883668,0.034481267450303166,0.032044927210682035,0.024277417531681576,0.021432259937498727,0.01969715855541475,0.018121872787828477,0.017863774897637238
2022-08-24,0.41230576726482965,0.10609079059620888,0.053286023020711046,0.03439778115323514,0.03224300498040386,0.0242668867019416,0.02145402972277243,0.019712645695032303,0.01808898580559861,0.017850924235126138
2022-08-25,0.4124614466568487,0.10584127279934466,0.05315546615585679,0.034427871569091134,0.03227487180052477,0.024275428753752635,0.02150564071576395,0.019673848335400104,0.018101247302844684,0.017844314453018012
2022-08-26,0.4130168062554034,0.10559948770321503,0.05303484809830591,0.0343540663028607,0.03223098418533599,0.024234622088439243,0.021475757848169266,0.019671166601103116,0.018094413036409285,0.017833236486367466
2022-08-29,0.4201181745645046,0.1044068500214828,0.05256531024449924,0.034050283682795716,0.03188035282572285,0.02392063753762619,0.021352927271431194,0.01936822357699359,0.017837059922034673,0.017501097365117433
2022-08-30,0.4203138468022766,0.10392617370178947,0.052397589243132946,0.03401791435924446,0.032124833717990055,0.02388589383875145,0.021349852042296082,0.019374686254873874,0.0178963328299297,0.017516511674321583
2022-08-31,0.4209367727870626,0.10395017743017917,0.051860990856401286,0.03388950615406566,0.03235182655022583,0.023986268855035416,0.02133702802020044,0.0193734341222771,0.017841100564372207,0.017491835470097184
2022-09-01,0.4213678011085889,0.1038744123216445,0.0518133041242138,0.03391434275744124,0.032435603450197206,0.023828615806708947,0.02118838738611318,0.019370275619709217,0.017827946303629754,0.017514409692148673
2022-09-02,0.421511108969175,0.1050676521976733,0.05182889013021985,0.03374859665130669,0.0324329333628097,0.02367343967484471,0.020897607308815007,0.019594392298270202,0.01779436567883912,0.01757300909395524
2022-09-06,0.42256745447629374,0.10501215879385217,0.05196993724333452,0.03367825768443408,0.03235976465390718,0.02364564457962145,0.02086508483703565,0.019557066048498953,0.01768475421519673,0.017412056391760748
2022-09-07,0.4223467740486287,0.1049420858756872,0.051903408247743275,0.03374134214800954,0.032311628798472825,0.023727281870556418,0.020779693182194647,0.01955856672658998,0.017823987648790056,0.01740043945331137
2022-09-08,0.4239586473168965,0.10386720996276379,0.05205551467512603,0.03381744912224413,0.03238246639648018,0.023526420585087037,0.02072909548218565,0.01950252148116437,0.017735198670215675,0.017337587993445126
2022-09-09,0.4240607163975839,0.1039433182685972,0.05186408930928851,0.03385463279354443,0.0323657238575364,0.023671544204871182,0.02085725359539518,0.019477968937920705,0.017768526802827797,0.017423469510306613
2022-09-12,0.4252506972769239,0.10305601739107258,0.05188580230542127,0.03372605862439618,0.03239099194790503,0.023654760825293563,0.020974001973639633,0.01935151250320918,0.017665707011115608,0.017316222334386844
2022-09-13,0.4255063009551741,0.1026227686859259,0.051844285631417804,0.03376409969241551,0.03220417172805563,0.023774414064248954,0.020900212703888317,0.01933032422272087,0.017636026082799305,0.017323404023303388
2022-09-14,0.4359684397460162,0.1013573689573666,0.05080778676314868,0.03326540861437079,0.03160390621761732,0.023193029450087412,0.020479343975818992,0.01900967100524995,0.017397259183514244,0.016942530865564537
2022-09-15,0.4350268225472702,0.10100449666497588,0.05044340721828068,0.033358039154900085,0.03173579472261875,0.023481172730145536,0.020512218752028882,0.018852645290714207,0.017385401715227834,0.017275522177019748
2022-09-16,0.43469438838374735,0.10087899330513063,0.050126640128903506,0.03329140993507674,0.0322233925628542,0.02343867923106162,0.020829506259463147,0.018808836395638094,0.017459593901830262,0.017216895145132256
2022-09-19,0.43387386524049915,0.10082077481797097,0.050011709911600345,0.03340415405949114,0.03239972367148592,0.024038704995011016,0.02088289196733646,0.018843644192438842,0.017410328745534318,0.017260437456654096
2022-09-20,0.4340024340998029,0.10093157000320963,0.050024740048602086,0.033554133905807006,0.03275667255265911,0.02402140749161568,0.02086176562101094,0.0188314466471974,0.01726689676626351,0.017185968072514192
2022-09-21,0.4335934407064103,0.1010603071235347,0.050060829366506084,0.033624092236653864,0.032802172172665955,0.023953385692329753,0.0208062811289924,0.01883125613667,0.01767520268851872,0.017125636667343944
2022-09-22,0.4352454182162886,0.10090356876564287,0.049908209980606834,0.033468545577825665,0.032772238019120915,0.02385050360511142,0.020784439989052533,0.018799875343254165,0.017611296623068182,0.01702240778202438
2022-09-23,0.43480124225447864,0.10119226120228665,0.049661047825855224,0.034288436555114085,0.03311581310435223,0.023844691568471972,0.020774154742162626,0.01888669350674913,0.017447116991813342,0.017093217258736252
2022-09-26,0.43528726544372887,0.10106860562415938,0.04973747191720865,0.03417873394123925,0.03303901774504497,0.023762246650377954,0.020760307417463666,0.018971111301536055,0.017437113579710686,0.017099796348066673
2022-09-27,0.43599141491659177,0.10107342623974695,0.04989496130033105,0.034155593695516635,0.03297141878106217,0.02374379514589678,0.020704063634978443,0.019018925118649794,0.017422860587134045,0.01706960837316305
2022-09-28,0.43595060799542806,0.1013011942635143,0.04907506311126169,0.03457755367054041,0.03303635545104126,0.02372363738725526,0.020666162631767,0.018994575573309563,0.01750893065293285,0.01708792034647547
2022-09-29,0.4357658231452444,0.10153857956348518,0.04882721602470625,0.03461182494136725,0.03293681604055635,0.02372567932486294,0.02087033935613717,0.0190606937488428,0.017787927014446363,0.016991297118512202
2022-09-30,0.437463049411746,0.10061569970903127,0.04875094769231255,0.0345800073753416,0.03282761967176403,0.024032820002208286,0.020764695838934987,0.01903585631122083,0.017722489582754027,0.01695775369629918
2022-10-03,0.43856097886708645,0.10029467477046866,0.048666068436608714,0.03438937285908413,0.032666168993772934,0.024014758678101145,0.020547538588626582,0.019009202728009548,0.017716150787281695,0.016944002980140507
2022-10-04,0.44169679539893564,0.10002498421598177,0.04772877307285271,0.03425959474500564,0.0323239329965819,0.02375860114544551,0.020292429578631376,0.0192423498258421,0.01788069090000514,0.016844132368120813
2022-10-05,0.446022098053895,0.09955122964893573,0.04729089278338445,0.03408702207698171,0.032066378976908144,0.023653387827586192,0.02010863452599793,0.019163578059224695,0.017869111552875315,0.01672443608259371
2022-10-06,0.44522325362407156,0.09966789837887056,0.047185826484565416,0.03441642997423467,0.03203292278082522,0.023667293492002778,0.02014685874393609,0.019192191430971912,0.01781185374310693,0.016673026796891678
2022-10-07,0.44582605761036526,0.10045903262758848,0.04702679493512646,0.034216313130161345,0.0319880296298318,0.02362350596449659,0.020037773812195236,0.019185480713456562,0.017628973125219653,0.016613552711302815
2022-10-10,0.44863582936613217,0.09990591403833153,0.04689652934733245,0.03411792435277756,0.03190853648043791,0.023565032670827293,0.019843575410621175,0.01905551365561157,0.01766199587855764,0.016532366157397185
2022-10-11,0.44883368035568666,0.09981659222904778,0.046775816617829855,0.034213289210450595,0.031592786308326425,0.02343968730858887,0.019801171992453185,0.01917366696845652,0.017670961505108298,0.016440453773782313
2022-10-12,0.4476835657858828,0.10038059666300775,0.04667801254161379,0.03415125266325675,0.031384602266523,0.02368678722309431,0.01982503072158045,0.019225979263685355,0.01767960955663066,0.016453874397478807
2022-10-13,0.4472670289934182,0.10022214976185934,0.04663953037158558,0.034311307362232764,0.031263124991895076,0.02355942998016341,0.01972595493770882,0.019189381673522046,0.01761182620898573,0.016452726998639384
2022-10-14,0.4510049854991685,0.10014610191748942,0.04657418464389147,0.033943246972436086,0.031203858611415863,0.02320306116675091,0.019623390893802422,0.01896920649980421,0.017434154618524877,0.016249323607043252
2022-10-17,0.45125381605312165,0.10002220612860158,0.046315111188377805,0.0339018816767802,0.03159996786686008,0.023336162553433133,0.019489641265829055,0.018957419618951785,0.01754044604627876,0.016284172765448537
2022-10-18,0.45428388939348074,0.09948695901569272,0.04603283531832328,0.0337970681529484,0.03147450863003792,0.023179109701449888,0.019452798637838487,0.018900932590403628,0.01747560626273739,0.01622703363691996
2022-10-19,0.4550840122428583,0.09875504747314885,0.04593567222647385,0.03390064266278558,0.03146474976816156,0.023288283886287748,0.019492696600642814,0.01884121920467379,0.017436800875064398,0.016190611474914404
2022-10-20,0.4541007030954913,0.0992873854144705,0.0461712392894296,0.033682450792435925,0.03157807402660739,0.023531427564955288,0.01945647710721429,0.018988921471517425,0.017619232309843847,0.016198761117383487
2022-10-21,0.4533344596305137,0.09889005879282511,0.04623339872512653,0.03354272767206982,0.031744953001763956,0.02365450795429634,0.019493694589308937,0.018797637834895867,0.017403498121458763,0.016018989514501904
2022-10-24,0.4559392323579551,0.09801204083611456,0.04597535711604301,0.03334004011223462,0.03151786795718283,0.023548635248962856,0.019708653442793198,0.019328596556105502,0.017265022998223835,0.016186115543565457
2022-10-25,0.45822387819752636,0.09839379551855677,0.04609882388899607,0.03323110050766679,0.03115620170473788,0.023163370132484457,0.01973727212607452,0.01931122278454729,0.017297249038759115,0.016094488375442816
2022-10-26,0.4586908067677788,0.09815158797968845,0.046104297948152885,0.03329787280410729,0.031061243421914086,0.023144989219776497,0.01972301692121392,0.019206542233216568,0.01732851256109591,0.01607902087598703
2022-10-27,0.4576552523093546,0.09913526037288471,0.04640450669951348,0.03323683310600573,0.03106583643130535,0.023089402394536596,0.019799171818383268,0.01914443824065928,0.01730595535321882,0.016284378494303586
2022-10-28,0.4581745160345394,0.09952405088043098,0.046035847268672395,0.03349719435093049,0.030884849486283335,0.02316579490194221,0.01984366524658994,0.019146337362829117,0.017329581891367237,0.01662156766090518
2022-10-31,0.45996197088093227,0.09875743448035919,0.04582143274767953,0.033383145245753705,0.030846630592082903,0.02308989749600402,0.019554456546063005,0.019062309460779147,0.01740333795225961,0.01640795655543315
2022-11-01,0.4601669219809977,0.09893534375361199,0.04580082650156254,0.03300693810840383,0.030767104676899196,0.02328979365307827,0.019583460340799767,0.01907259386025048,0.017427719904517722,0.016352205790976883
2022-11-02,0.4600271170281761,0.09890268071009131,0.04587729103562118,0.033065172160533673,0.030728580568094167,0.02325561604957879,0.019536644364869838,0.019317995677368645,0.01748877113603148,0.016352957390235352
2022-11-03,0.4628281684419555,0.0984912544458723,0.04542073634058338,0.0329003390888935,0.030590387242173937,0.02287459606409677,0.019404800882952097,0.01920023278210888,0.017286217137144403,0.016307468211450876
2022-11-04,0.4616885453480343,0.09860945575657189,0.04540988214386892,0.03298965151735175,0.030787788513232904,0.022781987712311724,0.01943632675230793,0.019177066516744255,0.017338009173175267,0.01646086327551091
2022-11-07,0.46250020922736934,0.09823909520072889,0.045309206690980104,0.03300924248636169,0.03080261431354357,0.022664961753386875,0.01943963012798591,0.019113238610786603,0.017118723791354935,0.016517200872964845
2022-11-08,0.4642204430703512,0.09800085386786812,0.04478338612605419,0.03224640538041241,0.03106430093551026,0.022528220328353766,0.019388783866200476,0.019141088262184924,0.016962199757076375,0.016322508110626282
2022-11-09,0.46486879313133617,0.09800740765535103,0.04476179160572422,0.03219168585612683,0.030892338279830865,0.02225945064193138,0.019206247701238487,0.01908791171253118,0.016961476427705166,0.016264095995047436
2022-11-10,0.4660722684731242,0.09768444208907537,0.04472358454896969,0.0320496291106907,0.0306197662101544,0.022105363001906454,0.019139278325150434,0.01899433802659509,0.017012413598678257,0.016176728632122987
2022-11-11,0.47284143650446564,0.0963284866607888,0.044385607441631045,0.031797454267390036,0.030167247295864844,0.021565736150995798,0.019035077005455137,0.018744122295614882,0.01676173258620575,0.016042924854226853
2022-11-14,0.47050431695660383,0.09844059123816203,0.04417113449728556,0.031875296876039544,0.03009803471272531,0.02141227054667887,0.01967778704040023,0.018483360300402332,0.016958049606154286,0.016656526622933404
2022-11-15,0.47027437102995956,0.09826718135323581,0.044100854424132446,0.032025270386163054,0.03038700193447316,0.021396715020318438,0.01971026499415779,0.01848627474271058,0.01690122758805495,0.01665914651918024
2022-11-16,0.4697851734948564,0.0985087215496621,0.04404593583124622,0.031917633047278654,0.030414566720827145,0.02135787298128791,0.019660619401112172,0.018492435391753884,0.01700788100647786,0.01661602090397902
2022-11-17,0.46982615127991073,0.09859874451169347,0.04410498503341068,0.03197306336725132,0.030459372227720806,0.02133153741764169,0.019681107748961806,0.01839772325232146,0.01712771601649269,0.016628642374954067
2022-11-18,0.46953954626764083,0.0988145202763454,0.04397174121350986,0.03200883251775226,0.030568091228113617,0.021586224014470058,0.01979105548014424,0.01836582516571507,0.017119998409780478,0.016638074543081402
2022-11-21,0.4706679838371978,0.09892297122224789,0.043808027051277364,0.03197145130919546,0.03040665445624636,0.02161169375234149,0.019726871881941437,0.018400112957495617,0.017123105245977238,0.016666026802553448
2022-11-22,0.4702375182136152,0.09900855153897024,0.04327696463511135,0.03208360152254435,0.030461380159313906,0.021598200324535455,0.01975375190056787,0.01844106647493425,0.017180948317013545,0.01668220292593285
2022-11-23,0.47201179242203967,0.09903926197276734,0.042998955523538315,0.03186822477132113,0.030272196414046836,0.02162354320121018,0.019749706927852977,0.01844443790171894,0.01716643808405896,0.016663233247362387
2022-11-25,0.47242088816407,0.09864948750165613,0.042942979780385214,0.03192066572467358,0.030308365016835363,0.021653995777257136,0.019757393219414488,0.018360841246696177,0.017185304686544636,0.016809945125919053
2022-11-28,0.4726557857221221,0.09860612256370557,0.042960949395542444,0.031942459244273885,0.03032679501877222,0.021816090599842516,0.01976121227930986,0.0183401242490901,0.017199363323772334,0.01678912463915269
2022-11-29,0.4720852087186804,0.09892069543364304,0.04258213575911295,0.03214529211347522,0.03041891075271554,0.02182500890198725,0.01931299760846085,0.018446366038065827,0.017220285563214473,0.016859822490795328
2022-11-30,0.47246233087621575,0.09901545837772802,0.042617643832737126,0.03242208676655009,0.030391621208070436,0.02145589372892981,0.019154361255286304,0.018205598813736543,0.01708199992097449,0.016907406710314984
2022-12-01,0.4749995593232429,0.09773485360672166,0.04282053216044853,0.03249852245398959,0.03042046602392069,0.021300165711166705,0.019220930716555926,0.018054556804562864,0.01705462585230683,0.01701816122229601
2022-12-02,0.4747202382398814,0.09743548861084826,0.04278413032030755,0.03253291616043225,0.03043481035914794,0.021317849706031945,0.01923248268299029,0.017930420805797317,0.01715757492019239,0.017074079013150393
2022-12-05,0.47458388665289114,0.09766769997489949,0.04237400077457699,0.03220434212254583,0.030249273710962084,0.021339504464694663,0.01934053620992394,0.017976541607546727,0.017198767612653158,0.016965128679584728
2022-12-06,0.47668582442956947,0.09671937990532711,0.042318968260623625,0.03216248138055159,0.03014220472028062,0.021408702171550113,0.01916052402388175,0.017910481668904243,0.017175279160587222,0.016853184743370376
2022-12-07,0.47713775233646843,0.0964375698296461,0.042280509551790926,0.03213944337395156,0.029969812961332627,0.02129053104095354,0.019154764684320435,0.017998084379933575,0.017232836357801,0.016983316232331486
2022-12-08,0.47718267423666255,0.09623590760338192,0.042353895162955686,0.032179612104940455,0.030059436272593675,0.02143965492356254,0.018978250423707675,0.01793035825309145,0.017254787628390757,0.016941164775155095
2022-12-09,0.4778966299049443,0.09622733302484997,0.042364201454215066,0.03197285850437727,0.030097726411197647,0.021318383424845395,0.018950123417396124,0.018006441073446317,0.017157783708988687,0.016888319860484776
2022-12-12,0.4781399418063468,0.09648244803010789,0.04227290860721728,0.031938391520694616,0.030180861252974353,0.0211695408189348,0.01897896659516078,0.017953924758068732,0.01717325347215641,0.016884114869354185
2022-12-13,0.47936976167468043,0.09663530376503965,0.042119372416445464,0.03179077633771523,0.030057652147712752,0.021050209255752936,0.018898477485944913,0.017899943363982027,0.017185265609919283,0.016849976755566563
2022-12-14,0.4799475384170695,0.0958624820114174,0.04183228210388047,0.03186122438981332,0.030168788304308577,0.02104156135100026,0.019052272094271523,0.017826722661587076,0.017166731177590117,0.016819396489678493
2022-12-15,0.4804822748933222,0.09562805520025267,0.041796221458341956,0.03189109493370161,0.029900028003405917,0.020994099232067895,0.019251911092456112,0.01774616157816939,0.017170800323707547,0.016822885924422677
2022-12-16,0.48225752694063184,0.09548913774264257,0.041472407050470436,0.03130909771156463,0.029734193867430404,0.021003470973146292,0.019270843561498236,0.017573419503999353,0.01713700306071261,0.01684161745238811
2022-12-19,0.4843567076030643,0.09410756322485658,0.04133301181827656,0.031341735740076405,0.029292252405607264,0.020796024580590926,0.019078677278607667,0.01764733657053206,0.01720461800801343,0.01676515844491135
2022-12-20,0.48417513787378774,0.09380556151481768,0.041555166255829314,0.031517498291658654,0.029475397023785665,0.020736480615751063,0.01886692386437494,0.01774592019779934,0.017244088733837953,0.016695261385893
2022-12-21,0.4839330476080702,0.09376591798598331,0.04149406695841853,0.03152946299670546,0.029410698534367886,0.02066460158596874,0.018844131164468293,0.017882569069917937,0.01717979297040748,0.016660216973467028
2022-12-22,0.4849693212171596,0.09326070483854831,0.04141644930950905,0.031436159364462084,0.02939094194678951,0.020664565524155708,0.018773409504023838,0.01782719443950417,0.01718025493739529,0.016614594659868823
2022-12-23,0.48501253641643155,0.09337723276976388,0.041325351529330784,0.03140181569717307,0.029409785731671505,0.02079506582343689,0.018923918427923403,0.017774470694274857,0.017036068122491206,0.016587654192276917
2022-12-27,0.485091981803304,0.09338643277952395,0.041272987372101264,0.0314864533682214,0.029400317353836233,0.02077148374880839,0.018959828732455164,0.017800124075997507,0.016988127829609075,0.016590753584337196
2022-12-28,0.4839637808809675,0.09361063190402572,0.0414026948829501,0.03168397508441375,0.029360376232261887,0.020841129920611177,0.01908303965852223,0.017811389670259144,0.016982002730725646,0.016620594667448488
2022-12-29,0.48452186862314195,0.09349934069728057,0.04135732219463204,0.031596947761608124,0.029337231156458348,0.020853155251185522,0.01906482460635026,0.01777451217841963,0.01694022453750014,0.01659406467819444
2022-12-30,0.4854121434376128,0.09354076721670965,0.041281161274831696,0.031573293249201474,0.02930952890019379,0.020776720306488087,0.01907957665945824,0.017648807590875504,0.01689480185268618,0.01655758540948011
2023-01-03,0.48536139465395517,0.0936265222564839,0.04133534135795819,0.03158233484212876,0.029310613893386853,0.020746433780348076,0.019046636638186603,0.01762357568969242,0.016912999793072522,0.016551692059936462
2023-01-04,0.4844308134090573,0.09345334395376532,0.04123232790098387,0.031306330661860296,0.029459585161035688,0.020845042673909093,0.019241249848650027,0.018065417470110166,0.017124511102606287,0.01652154261544824
2023-01-05,0.48503264286644315,0.09315718967187757,0.040924636655168704,0.03130515546986232,0.02921571962442859,0.020631245083524048,0.019380295985127974,0.018065522474813422,0.016676928245161808,0.016508678542039235
2023-01-06,0.4865520517322158,0.09307008358195237,0.04054550741616332,0.031024200953213104,0.028644294078037532,0.02069408195710018,0.019581690537974993,0.018064415466805008,0.01671475212415724,0.01634260653334431
2023-01-09,0.4888359332137332,0.09206772371474767,0.04036434931680565,0.030858964824390437,0.02871500350046278,0.02154532151610354,0.019583205388077753,0.01812567212917865,0.016565783605413584,0.016212895986535317
2023-01-10,0.48829590195930445,0.09423792499798798,0.04037100402570749,0.03082745957943972,0.028206412533048703,0.021685458203703826,0.019564308700486407,0.01814782166665955,0.016509170022512024,0.016115917346401668
2023-01-11,0.48915097962669646,0.09396879749584493,0.04020550923637458,0.03093714911041281,0.02804348332843715,0.021819379512394134,0.019748919253586135,0.017620529887090997,0.01651890273813498,0.016076440040062732
2023-01-12,0.4903322278545239,0.094436970040572,0.04021219684011445,0.029737349965139204,0.028272772253033998,0.02193532304811919,0.0199117354759865,0.017490701095547092,0.016550992924276697,0.01585106299615884
2023-01-13,0.4899436200603094,0.0947132771697427,0.040224352875508566,0.029669659875249162,0.028281433223155527,0.021912250559608014,0.01994053452591685,0.01747910975149736,0.016530746594299355,0.01609337077928756
2023-01-17,0.4897830033659783,0.09452908784498261,0.0402211108312245,0.02965604940662176,0.028313516523092334,0.021962000194145532,0.01993128841921314,0.017453296624254586,0.016539405818508875,0.016127770544955723
2023-01-18,0.48952847473389877,0.09460739699084462,0.04020235156251645,0.029482111208451584,0.027925347540003632,0.021934555462207628,0.019977710270889494,0.017475355963766752,0.016715030849436215,0.016028102761287927
2023-01-19,0.49219307507482596,0.09549430460892039,0.03999524348879153,0.029330442039198292,0.027968798400833408,0.021683393012917766,0.019896560414070803,0.017224124869165962,0.016475349380457267,0.01563836443762281
2023-01-20,0.4908838461026799,0.09547426927751984,0.0400303463891484,0.029638600807384168,0.02802467243455743,0.021919206530107677,0.019942716109206077,0.017214694784058945,0.016704705255181133,0.0157610925631146
2023-01-23,0.4919423398555546,0.09575176624730528,0.03993994160563002,0.029270143708514433,0.027947750010903365,0.02182041258607508,0.019792548767792923,0.01723139693769404,0.016572974200320115,0.015804987853104146
2023-01-24,0.49153122690152007,0.09663729846210341,0.039930210148086516,0.02925679452222717,0.027850007217184298,0.021695695519475085,0.01974342147142266,0.017251270897003488,0.016406056212237626,0.015739867580127218
2023-01-25,0.49094265012080746,0.09668313835079098,0.03992521226487135,0.02920389651975466,0.02788346072671594,0.02177874855437545,0.01973256987469283,0.017187139269641126,0.016504351692011664,0.015874111225462433
2023-01-26,0.4911752080083882,0.09610897250542784,0.03992470879683467,0.02925735140256262,0.02811475709483705,0.02174070126269028,0.01984872187287733,0.017338060960922327,0.016455557443809398,0.015836453147878217
2023-01-27,0.49131110135834133,0.09674662109487714,0.03947631819489132,0.029156872142050108,0.027938571347736595,0.02178685602100066,0.019843183877215242,0.017396641803317646,0.016501269549821423,0.015874382516535907
2023-01-30,0.49139151750492427,0.09685815352054353,0.03961483502842429,0.02914362023518033,0.027950973001719757,0.021727601677989237,0.01934875319208455,0.01746966051614618,0.016462788487996753,0.015554447930130002
2023-01-31,0.4926635449588005,0.09617410592525935,0.03952364556025649,0.029121834951459345,0.02805453001708455,0.0216023861436761,0.01939238873291639,0.01722158855129412,0.016382377865140893,0.01540255853693684
2023-02-01,0.49157665106805193,0.0964967099692029,0.039156894411112135,0.029143152938769745,0.028232829372515835,0.02176526539043362,0.01955979381461533,0.017295946219919874,0.016302096325681144,0.015475680041237058
2023-02-02,0.4909411027816591,0.09686767265269236,0.039340629199859506,0.02915440745782652,0.027942194511501234,0.021731059350542037,0.019614906727762508,0.017354605591998563,0.01626721376789513,0.015645288432220066
2023-02-03,0.48890151275052396,0.09809502545111677,0.03943966639026146,0.02891800816711541,0.027784523885328764,0.02163808923887619,0.020183450097757336,0.01734661807522819,0.01636617441829038,0.015723643451226583
2023-02-06,0.4883508327676171,0.09818919403238997,0.039506893219691634,0.029103102373908292,0.027748554906546534,0.021874842839319023,0.02051993036381074,0.017008053831620226,0.01635659615040319,0.01565760699274985
2023-02-07,0.48774412907368037,0.0986084500350516,0.03955209668573298,0.029021082815416335,0.02769118447297248,0.02178769934609838,0.020800612592309236,0.017111753948716505,0.01636325201759193,0.015813204233425533
2023-02-08,0.48839478593477864,0.09841592039242575,0.03944504934799922,0.02907872808971364,0.027784122207008804,0.02175525237754823,0.02080135093267907,0.017069301501589463,0.016397157051196824,0.01569096208132349
2023-02-09,0.48896795314652264,0.09830226764580831,0.03919005070118556,0.029079794626435316,0.027715467591002768,0.021975147081892226,0.020785544009362198,0.017061946351515964,0.01624445218271648,0.01572205310028502
2023-02-10,0.4889071805887732,0.09828623216081613,0.039163072019471994,0.02899439408274883,0.027648573767548746,0.021941373015926784,0.021079553383823085,0.01701468172458806,0.016206255529258612,0.01564659203738116
2023-02-13,0.4882369345177076,0.09921259345787961,0.03923917646569856,0.028939882488677057,0.027648782094850173,0.02197661450465086,0.021121302459775792,0.016990267131225242,0.01620773202810198,0.015694223481333643
2023-02-14,0.4880029394484883,0.09958732590449697,0.03941784377825372,0.028983230610745737,0.027412797214725417,0.02204672865300227,0.021192288768087323,0.01690873337142972,0.016177440938087404,0.015553516639918672
2023-02-15,0.4869502478938642,0.09996159649031618,0.03920052171697156,0.029021428999839432,0.027299049796298026,0.022161690395639533,0.021287886951679116,0.017014529745655906,0.016152106908013743,0.0154841579197388
2023-02-16,0.4868630645940392,0.1000830810887088,0.039230297395553775,0.02930824976557253,0.02724879666005575,0.022213160576816215,0.021307701491064323,0.017048322551805918,0.016138632715899562,0.015487599930836163
2023-02-17,0.4866890565175715,0.10015845536701443,0.03922839195455946,0.029097098294992248,0.027328733227425878,0.022115866691907717,0.02114027428158206,0.017015850315929424,0.01607657968790994,0.01555279797299354
2023-02-21,0.4859516457026703,0.10129516691890837,0.03927294829960206,0.0290092797568778,0.02724520870369044,0.02203707103180679,0.021121441746153158,0.016987152049501065,0.016062366283674266,0.015542234759967676
2023-02-22,0.4880768816359709,0.10094816417452587,0.039228371612121456,0.027754000224008667,0.02729003587311575,0.021975141393491392,0.021324796320102816,0.017121119928413864,0.01588558485510647,0.015525905104101964
2023-02-23,0.4885305539312318,0.10103913605693765,0.03928385214961707,0.02773679882443822,0.0272199064263826,0.022010820001751627,0.021333394254591704,0.017203792854132816,0.015891331857420678,0.01564073587314101
2023-02-24,0.4883341898600119,0.10113386711469954,0.03935311577755088,0.027750272105795677,0.027257631737005156,0.022050837485619864,0.021361248517796468,0.01708562202358215,0.015930371318603316,0.015835123507144673
2023-02-27,0.487813177127748,0.10100846200044139,0.03928427410554617,0.027834224991211763,0.027439133958811705,0.02215778761501452,0.02136828546093089,0.017067332891075086,0.015946665014424478,0.015697582915320984
2023-02-28,0.49020537111355017,0.09850283772983501,0.03938141752924317,0.02801319817512008,0.026575092206281292,0.022251389752297245,0.021375856854134574,0.017092722407738264,0.015978276787701313,0.015813814759016925
2023-03-01,0.4876309797195322,0.09734756163314913,0.03965960159558961,0.028250703212240033,0.026845337757019447,0.022440207830999807,0.021621631377996418,0.017196185242025014,0.016068010762087484,0.015935531572455624
2023-03-02,0.48852809366136535,0.09711330996656026,0.039512470502537235,0.028566595094340935,0.02624765827608494,0.022355448000050265,0.02168851542596299,0.017164291773735556,0.0161395440250556,0.015695016511410656
2023-03-03,0.4887729000987471,0.09703512995759077,0.03956951659970016,0.02873785687742278,0.02570983318818333,0.02230661015129259,0.021413919079390366,0.017450036277941162,0.016081245584728777,0.015567036168406791
2023-03-06,0.48814244169081983,0.09722263831549695,0.03961934666908413,0.02891837985891899,0.02570495993033217,0.022388040485542448,0.021406615750492453,0.01737451784120573,0.015817286366075278,0.015460639861112745
2023-03-07,0.4883536226845813,0.09661441205684584,0.039623730028715776,0.028859147235630014,0.025765116510057903,0.022423032336278837,0.0211349679827442,0.017359799466023278,0.01592899129503208,0.015493651822011414
2023-03-08,0.49093957165077723,0.09619707082655155,0.03951207620486919,0.028723029503563254,0.02556857039724816,0.02229098620081814,0.02059806201960325,0.01741618856116582,0.015909326342024657,0.015303512992148278
2023-03-09,0.48968471482091064,0.0970302599646302,0.0396158621179675,0.028894111587858175,0.025415413428737457,0.02253956410824301,0.019230457167159695,0.0176719270238936,0.016183657798796613,0.015357742707287946
2023-03-10,0.49132300949626895,0.09574315100973094,0.03942102683201832,0.028833114454354374,0.02551420908842658,0.022571689661998105,0.019178230599187437,0.017752876855277322,0.016289109240567506,0.015492505606395212
2023-03-13,0.49054685057626485,0.09592628174992059,0.03959537918847251,0.028384205384370333,0.025950429075203812,0.02265410747099842,0.018618466359599618,0.017774291828707295,0.016358632702570656,0.015917851804953836
2023-03-14,0.4908289964002935,0.09607463862201965,0.03950895524962406,0.028447903368415305,0.025828755185960273,0.022626888622557764,0.018571234118273848,0.01710660556898409,0.016358474008084493,0.01588394448376832
2023-03-15,0.49165501970088743,0.09600336752888664,0.03949063258401789,0.028524881652831867,0.02578822557858642,0.02267983042654262,0.018495036981822578,0.01707283808617836,0.016351235313910847,0.01587809853956586
2023-03-16,0.4917935604615415,0.09486387625190949,0.04069319494288679,0.02860274442646853,0.02570771006395246,0.022615543475343093,0.018604871850469447,0.017053389266537204,0.016476820539169847,0.01587329133033712
2023-03-17,0.4899986930794748,0.0957213147372658,0.03965211796952316,0.028842649681909735,0.025808396839492896,0.022624386225434945,0.01850313963787514,0.01716416245948416,0.016564878606822098,0.01602695932156329
2023-03-20,0.48954965014874124,0.0950442132265034,0.03976097945665675,0.028873859968684315,0.02580796262553542,0.02265382505395324,0.01848042068024594,0.017256674923554784,0.016647347034713062,0.01616753154191085
2023-03-21,0.4891691320765669,0.0956078117579959,0.03980606536130279,0.028692724159278264,0.025716197031775086,0.02276798381743471,0.018437910763992416,0.017160020019954498,0.01663032239497132,0.01615780219049843
2023-03-22,0.4891469137362574,0.09572501711780572,0.03981131655627982,0.028654687267787533,0.025501259764216976,0.02303459268202304,0.01842466548135438,0.01739748530635789,0.01694050626275768,0.016034163646744086
2023-03-23,0.4904858705179593,0.09560246975342702,0.03949243166778911,0.028596187820601845,0.02557543166897361,0.022947019276436616,0.018373387763249004,0.01741176217530064,0.016907088735114057,0.01591708078927171
2023-03-24,0.4898895116720774,0.09563188038144743,0.03968956462972156,0.028719094077331808,0.025574217983792995,0.023005761256291078,0.01829576480844199,0.017441873473919747,0.016921585499436693,0.015787644445260124
2023-03-27,0.4896060726631599,0.09624214341276631,0.039679704215274586,0.028712962748958428,0.02554572147327221,0.0230405359105733,0.018464231198509016,0.017511171650367648,0.016901819044748318,0.015796629551333628
2023-03-28,0.48849277756895526,0.0967240220279343,0.039984322130763715,0.02864673545051712,0.025640455229339536,0.02297800933271144,0.018629196965986056,0.01749669867998646,0.016897083304933648,0.015781626887550138
2023-03-29,0.48828626621743415,0.09644718087195754,0.04000639432493241,0.028703169170334566,0.02566896349159704,0.023030508806091598,0.018647596835289673,0.01750076670017014,0.016903263057895572,0.015858609816091045
2023-03-30,0.4889960321315511,0.09647711183778948,0.03941092256523043,0.02872100598134086,0.025675361023721737,0.023023010143478826,0.018657001873098118,0.017434895205671198,0.016856366081505283,0.015897990346441942
2023-03-31,0.4891231841440951,0.09653367899719197,0.039257639837302793,0.02873265776864558,0.02569542596192079,0.02305247168983182,0.018801326990812234,0.01742090593866335,0.016810784527499137,0.01575654845501825
2023-04-03,0.4907229836443433,0.09584311810836173,0.039324443050949606,0.02871812283141761,0.025561465736280656,0.02304743756831577,0.018625200935383245,0.017351388059759918,0.016826149517531374,0.015705877216248252
2023-04-04,0.4893400010538914,0.09656511365379962,0.03959061104840918,0.02874587935579975,0.025532124457140194,0.02309168962384434,0.018638601307831848,0.017350182369020035,0.016944793227891795,0.015661889375790418
2023-04-05,0.49005705025543356,0.09585573208317819,0.03981670384881688,0.02893050519911222,0.025586750875023063,0.023110049729144783,0.01877570421005027,0.017345255571404823,0.01624223763692387,0.015687383643117024
2023-04-06,0.4896302683324669,0.09655524560261591,0.03972799967624888,0.028804389475965458,0.02553150480905948,0.0230289752155302,0.018777474308401536,0.01730916659384817,0.016228884633242992,0.01569613568248847
2023-04-10,0.4895249339591305,0.09575514879245027,0.03970140884124615,0.028826564134108584,0.02553337717810289,0.023022318285188713,0.018832429932511278,0.017344628026511103,0.016177825664071797,0.01569418885083377
2023-04-11,0.4917539893741254,0.09211729727567157,0.03983895790401468,0.029125828864871348,0.025609221837856647,0.02301708340229403,0.018738495636545085,0.017332941910841372,0.01625543876767015,0.015671625963221473
2023-04-12,0.4920970112390021,0.09189853638264273,0.0399922777286367,0.029268021020386257,0.025507597631827496,0.023086040149152047,0.01854757721793012,0.017330130778515522,0.015991341905236035,0.015595525018174015
2023-04-13,0.49267272358215614,0.09155796290364464,0.0399701577212297,0.029285843207512024,0.025492116761006288,0.023016446645667477,0.01858330286599673,0.01728103497184797,0.015937000338271425,0.015666161383845224
2023-04-14,0.49318986839255735,0.09167625529933884,0.04023780153673006,0.029230797561522054,0.025070746083839728,0.023087507961860123,0.01858340716166528,0.017136151427107463,0.015876156263232372,0.015707086138641455
2023-04-17,0.4931821800967336,0.09176452141354198,0.040248801408054084,0.029184537856973263,0.025155213114812246,0.02282188166146816,0.0187015920706785,0.017142714436982027,0.015857712791226983,0.015724143559707183
2023-04-18,0.4932608218530153,0.0919232374798175,0.04027210704828446,0.029378907051360825,0.025237695987497158,0.02280526987373964,0.018720465182166617,0.017229280168058324,0.015871638443277946,0.015790531998529
2023-04-19,0.49367480724871693,0.09157782396692649,0.040291827291522836,0.029591654651245924,0.025288808448298953,0.022843782127136676,0.01880765880850773,0.01717356009130654,0.015907655429480465,0.015656401930668643
2023-04-20,0.4932397115646509,0.09099074878209225,0.04015311586858509,0.029606866366617458,0.02534167332842172,0.022851571466427027,0.018823292960130873,0.017011311407868834,0.015892343298276733,0.015605620167286682
2023-04-21,0.4919638286572791,0.09116928519503893,0.040000132704473675,0.029507561648743623,0.025461933652443616,0.022831976766323106,0.018743250488084326,0.017056281084272165,0.015780811099520755,0.01571107302460492
2023-04-24,0.4929536900957447,0.09042817703352173,0.04011722878915229,0.029238929819585605,0.025510087872942365,0.022832408119817436,0.01867449637336698,0.01704810616104141,0.015763931570482125,0.015595157412993643
2023-04-25,0.49306160254977627,0.09048094465969893,0.04043583655501793,0.02936193700857297,0.025296105513883154,0.022892545139413665,0.018724228227731298,0.017133849943164088,0.01581142265644624,0.01568252554936124
2023-04-26,0.48895288464723324,0.09127945715124246,0.0406519493259375,0.02961368821187403,0.025548902681904132,0.02304414568771062,0.018857278982478846,0.017237189408375986,0.016312916003208063,0.01586178046555711
2023-04-27,0.48917880019791177,0.09235858433746715,0.040098340697491866,0.029344723550236942,0.025486145990047088,0.02284618190614977,0.01845829759797243,0.017184137224571124,0.016577010309044175,0.015785865222450728
2023-04-28,0.48670226690445556,0.09204331069813479,0.04010196198501064,0.02925380565442152,0.02541543797555538,0.02287482900697092,0.018542389816914133,0.0172881078042061,0.017138415412645436,0.01597219893942636
2023-05-01,0.4885210885524681,0.09204123140120317,0.040128442922037405,0.029254192363439905,0.02529306148538533,0.02271194351625513,0.018695286082037556,0.017348445170750453,0.017234467049670018,0.015656477299316747
2023-05-02,0.48717512190704965,0.09330695065633662,0.040333635711803616,0.02957237687914472,0.024363023468639618,0.022794821555624466,0.01893072633488889,0.01760464988689322,0.017372842681172625,0.015264626715341303
2023-05-03,0.48182598668982823,0.0941797298164704,0.04130316427226103,0.029996168335626253,0.02470091678351188,0.02302482018391623,0.01912058289975823,0.017852703253014805,0.017591722596940827,0.015303469372712947
2023-05-04,0.48281487237388954,0.0922478791827804,0.041302811402621584,0.02958347164889855,0.02465563209503342,0.02290874361075762,0.01919070022997701,0.017826356847598396,0.017593759192635814,0.01521906105033725
2023-05-05,0.48276044318379957,0.09215764797933725,0.04115835451524056,0.029607795944298982,0.02476808610480132,0.02285215883338031,0.019152170539588953,0.01779568031578274,0.017571188083914235,0.015126914159578399
2023-05-08,0.47865808821310213,0.09250657026336612,0.041611395178668124,0.029853791443610368,0.024947204839541784,0.023073007547446928,0.019453953756384177,0.017911840523580986,0.017679815108012524,0.01524947782587279
2023-05-09,0.4739222224835075,0.09314565826127338,0.041733431710981324,0.030103674540567324,0.025108896408599132,0.02323461032708789,0.01962197691875906,0.018136056248444457,0.017713365909812154,0.015419758497088086
2023-05-10,0.47431382336687083,0.09284454833229755,0.041745491453552205,0.030186385877246067,0.025105240728386855,0.02320083452505761,0.019606779032101028,0.01817132538185178,0.017678461128723517,0.015473690892414052
2023-05-11,0.47317001215554744,0.09294568600110033,0.042238025725580865,0.029914844351708735,0.025159139319558224,0.022593756860764893,0.01970959134322626,0.018299029063247964,0.017491560755818848,0.01565760903375751
2023-05-12,0.4735430261544415,0.09255875702995632,0.042363392393301974,0.029671490862380495,0.024748952004537115,0.02258988168471603,0.019664105548663758,0.01833122609887408,0.01752092199811911,0.015686181881194677
2023-05-15,0.4736789471984768,0.0921742457728492,0.041894863499885464,0.029955266794267018,0.024740351458203365,0.02272237492094479,0.019718708332771402,0.018360047082260904,0.017589895116997788,0.015832607854593537
2023-05-16,0.47419940438929914,0.09248937176788642,0.041989118246649415,0.02982425062195967,0.024667735998226033,0.022846383856087518,0.019612289698611823,0.01852055685408746,0.01719029896252945,0.015879239475898633
2023-05-17,0.4728452302711154,0.09257946882672888,0.04230520482114926,0.029749493546267023,0.02479102134471655,0.022940594936369837,0.01967366764220013,0.0185756667671753,0.017307581527373495,0.015892843938047106
2023-05-18,0.4731834237195888,0.09205423218416774,0.04260852867354855,0.02972230065766954,0.024786545585324442,0.022965305578730895,0.019562072159409295,0.01847327130540903,0.01719540313224372,0.01593325063314163
2023-05-19,0.47264772046601133,0.09260944394965909,0.042632405587226974,0.02933787085377748,0.02481467395157842,0.023128183065986085,0.01968905188425651,0.018361811443947253,0.016951015580365263,0.015948114339720605
2023-05-22,0.46608860729225765,0.09412277939601192,0.04300548361842475,0.029676253843648522,0.024784012107479853,0.02341860874856613,0.019840424371015155,0.018483478070055372,0.017319790568586384,0.016174156162125797
2023-05-23,0.46586837187197194,0.09449217354018774,0.042978401222701836,0.02969485576123451,0.024898259684283455,0.023318901060990282,0.01962001140345353,0.01859729577270251,0.017394170739982093,0.016130807537093346
2023-05-24,0.466406989823229,0.09410869143248966,0.043024510338381075,0.029709569833594324,0.02484059407778607,0.02331775707656919,0.019601250252184572,0.01831958849247151,0.017574122448537934,0.01607077320609568
2023-05-25,0.46628985807625295,0.0943392694130381,0.04331011444645732,0.029749052526569758,0.02524905234805928,0.023341682064932635,0.01905225783985537,0.018296815286440334,0.017627384772277356,0.016090950716552765
2023-05-26,0.46611896784558604,0.09282829500774101,0.043293935946073954,0.02882967623208059,0.025458882027630855,0.02350534905604845,0.019046569117367056,0.018962834602944244,0.017970396212562047,0.01644026641769121
2023-05-30,0.4658402108734223,0.09360135309353651,0.04327406539720494,0.02873461444616022,0.025512321082812962,0.02342022596677943,0.019055130288100776,0.018872986193884844,0.01797776640870813,0.016437804582488405
2023-05-31,0.4637502884197075,0.09377924095067387,0.04334095967181568,0.028824895948163117,0.02567277861202287,0.023527450311756935,0.019031546053593567,0.018727311164712008,0.01810765957246251,0.01653894430266152
2023-06-01,0.46096046800980633,0.09433040076441339,0.04352447505844228,0.02903801717682975,0.025648533068559055,0.02346161921859098,0.01927467478206188,0.018845157494237433,0.01819365850664839,0.016740621984940203
2023-06-02,0.46075168721749377,0.09373063403706039,0.04361672159185614,0.029143511335254665,0.025442389744362245,0.023613983587151895,0.019327369738616717,0.018727569108034296,0.018349048983776012,0.016761301515184568
2023-06-05,0.4615639758564846,0.09367410596431903,0.04353699787783927,0.02910559470309092,0.025384252988280762,0.023587740748327844,0.019283802103392825,0.018859713881242753,0.018266472204939467,0.016782979835150993
2023-06-06,0.46041202268909015,0.0933427307178466,0.043622413412715354,0.02884003304640447,0.025525082987853647,0.023643091858511007,0.019468556788863063,0.019129586878628004,0.018294558778764076,0.016854907838822295
2023-06-07,0.4587545861442691,0.09371155093741683,0.04349442645407136,0.028852910607074886,0.025561332271011098,0.023754170337595627,0.01960487812731744,0.01918329075619167,0.0183197624757179,0.01674236709091878
2023-06-08,0.45754573511517094,0.09354353380951655,0.04427372022691495,0.029171165575963616,0.026187136468488904,0.02368589206355302,0.01965614061284489,0.019298796012625075,0.018485390739605513,0.016761863349448
2023-06-09,0.4570776535628587,0.09339232312045091,0.044503347202678956,0.02892830600649755,0.026591117984534535,0.02369746107118519,0.019657454000725966,0.019140574252096615,0.018495340861629298,0.016823329829550395
2023-06-12,0.4565295454654926,0.09346559165166148,0.044594389151552505,0.028825279081033054,0.02663617373680361,0.023828552535942214,0.019644544736845144,0.019147740445056956,0.018469377357576564,0.016816097798574944
2023-06-13,0.45342221483641576,0.09446847817383044,0.04494903932748874,0.02890164776037555,0.02680031295790738,0.023923654825459172,0.019686077270946577,0.019277242411482102,0.018439804571207294,0.0168219896386158
2023-06-14,0.44990194649221765,0.09477075028389897,0.04537598916630604,0.028901437451209322,0.027032507557157158,0.023855473018431966,0.01962449479598075,0.019249656768533206,0.018853267710922043,0.016866547117448897
2023-06-15,0.4422889558117276,0.09594115432958965,0.04643988297294641,0.02909740897343889,0.02731538476451674,0.02436382059240694,0.01979061496148509,0.01947510710863652,0.01881883083681659,0.017457582676707068
2023-06-16,0.44429820130472525,0.09556170164128187,0.04649246187807904,0.02912227166885817,0.027087178967704115,0.02430319127649603,0.01983500416218712,0.019491470941370933,0.01892869077371204,0.017270261777619627
2023-06-20,0.44367411050456645,0.0956182003698535,0.046327202245830784,0.02913148249951661,0.027282992240966752,0.024288607214650072,0.019826272331791475,0.019555366716245047,0.0189676233958621,0.017157306326285565
2023-06-21,0.4403728835133123,0.09559819725706414,0.04687967549554237,0.029467719763976045,0.02749940563204061,0.0245346065751186,0.019916544204697413,0.019728896730219124,0.0192041719350549,0.0173409199953858
2023-06-22,0.4404092590200404,0.09612836039942751,0.046877272235670946,0.029579038726980613,0.02728331971373527,0.024560907606598424,0.01997714568335037,0.019542929572059154,0.019347026220717874,0.017221361157815713
2023-06-23,0.437061809032123,0.0954048245393603,0.04809323463761924,0.030071975599016934,0.02699836905821161,0.0246266670799052,0.020321901771378797,0.019703142737934064,0.01944012908441383,0.017130980752265174
2023-06-26,0.43817318834894026,0.09463101396077234,0.04750560864973559,0.030193199772832264,0.026839354013477906,0.024576191284886882,0.020311672484446493,0.019792428644080387,0.01943905976446169,0.017111950391173327
2023-06-27,0.43824156646579165,0.0942328592678713,0.046591950432088594,0.030789560712856965,0.027131551681066134,0.024437420783581385,0.020186179132922567,0.019923799940149887,0.01956106115306524,0.017192986918546375
2023-06-28,0.43384370134417133,0.09509612162402482,0.04711540021831212,0.030836448770581112,0.02739849108067554,0.02471107050966481,0.020390365865212166,0.019731067390558268,0.019675596647333204,0.017256793955550194
2023-06-29,0.43389408024976023,0.09498785086679887,0.047119721419704844,0.03067700823036657,0.027353420378230558,0.024709168986493547,0.020458796872266843,0.019765725781556467,0.019563895626568413,0.01721699647214647
2023-06-30,0.4315947650734127,0.09599613756868951,0.04624739860293599,0.031067102273094865,0.02748294722546501,0.02471773361709441,0.020883438541558174,0.019903329859537383,0.019409138307389613,0.01725078359635249
2023-07-03,0.4328254749309281,0.09581826530750316,0.04574899230212775,0.03103367907474047,0.027511852760033345,0.024680624511837872,0.02081067403581478,0.019896635141141625,0.019279773613960913,0.017251823343970383
2023-07-05,0.4330111728128445,0.09578334497966463,0.04599907386088496,0.03048980542969813,0.027579329330945826,0.024700001312690175,0.02094167837846236,0.02021528468927864,0.019064533754624007,0.01707109912970077
2023-07-06,0.4332829837358611,0.09518624747270002,0.04624476567097476,0.03027795586849849,0.027673170887478265,0.02450527046569753,0.0209979865163765,0.020230381037022408,0.0185617863851049,0.017075876775650495
2023-07-07,0.4355661883225828,0.09422646785116003,0.04545886619587037,0.030106658573419338,0.027739677268998165,0.02443868022385511,0.021035144768571767,0.02023785418202881,0.018438995903153805,0.016953978490727266
2023-07-10,0.43606851170670546,0.09514249260396294,0.04541459618424973,0.029952063616250794,0.027739913039162893,0.024327893851666713,0.020950756282177484,0.020207708818658812,0.018420117810494675,0.016521528754814302
2023-07-11,0.4352233800789608,0.09445623064138334,0.04552079276745733,0.029989155253587536,0.027751080189603337,0.024451991802583815,0.020958496094796854,0.020261259255945574,0.018742598489048447,0.0165847902729064
2023-07-12,0.4352852149092306,0.09450300291362373,0.04567531363955719,0.029945045046406236,0.027698557797273343,0.02442751186458365,0.020951395841426017,0.020199582978002673,0.018706080965300607,0.01662757379311319
2023-07-13,0.4350179924635171,0.0944342198644865,0.04572290564157337,0.029987580315395126,0.027692382284736153,0.024291185151731877,0.02097744811908008,0.020170595977100764,0.018684204084127742,0.016621855538710043
2023-07-14,0.434825961465727,0.09446619588334769,0.04607879219644159,0.029937494269555727,0.027720623963394538,0.02373770780920303,0.020949921741603334,0.020154843887757835,0.01851212302805993,0.01675916838536868
2023-07-17,0.4344482227937421,0.0945393174202072,0.04632497558097249,0.02987238176382261,0.02768410402479086,0.024194766811119612,0.020958297837726386,0.020161410162204244,0.018543653158805705,0.01676142572943216
2023-07-18,0.43484022143988527,0.09475731187917262,0.04593992516252974,0.02989734892284526,0.027563341935987196,0.024225574397453948,0.02122449694347806,0.020426936461249143,0.018451055276295834,0.016869122017416426
2023-07-19,0.43238691683181035,0.09503170550438485,0.0460515511097291,0.02940890138884325,0.027598154749539593,0.024357413753179263,0.021396953564554084,0.02045627842482945,0.01846970543775387,0.017138257883715924
2023-07-20,0.43152574973609203,0.0942147433516168,0.04584280211456897,0.029516955639312014,0.027736448730941575,0.024345783992376847,0.02145800694082159,0.02052728733880962,0.018430700416746274,0.017168491891701092
2023-07-21,0.42522130093668614,0.09805868337705216,0.04594698738830536,0.0295916399724384,0.02786757807595695,0.024498980689750673,0.021596512775322256,0.02047773242725348,0.018656270084590445,0.017229233958616957
2023-07-24,0.4257049626126271,0.0961163952796733,0.04596405306058198,0.02968565990286375,0.02797933889074078,0.02439296773319303,0.021770629899969703,0.020414492939098056,0.01936720663005545,0.017272895474922542
2023-07-25,0.42596745652819923,0.09620381004587895,0.04603614012558696,0.029726275136929672,0.028059072816366243,0.024300840675970114,0.021692856734799443,0.020536790113698623,0.019333403709420438,0.01691083507319937
2023-07-26,0.4261869969913851,0.09584052578676107,0.04626941985429354,0.02957207129235025,0.027799193061648044,0.024484414695499376,0.021661186008049036,0.020541428168987675,0.019458563640981422,0.017116484777801814
2023-07-27,0.42485642511577926,0.0955091801598782,0.04597774394979337,0.030229671442980895,0.027922215192684872,0.02457148170315881,0.02153524840445792,0.020594135812656376,0.019454387658773543,0.01730286221627139
2023-07-28,0.4247326001275322,0.09410108033453836,0.04612704183538984,0.03032191345383568,0.02774417395873986,0.02564351464284664,0.02153427548725104,0.019883660372441745,0.019371479962366333,0.017344240687359
2023-07-31,0.4231325962321128,0.09342004538810444,0.04643577985489789,0.03030739975267385,0.02796436323099944,0.02565749890571677,0.02152450992513487,0.019711854274673393,0.019445168925786776,0.01734145866699971
2023-08-01,0.42342052903179983,0.09360630607776103,0.04700871162347389,0.030320709288319238,0.02690481473282592,0.024240472121918592,0.02154055296464615,0.01969940052906182,0.019471908755240814,0.01737086943591684
2023-08-02,0.42540692266567126,0.0935367675646737,0.04679605122417991,0.030313165809278547,0.026960324645099565,0.02308203879983788,0.021128175030559426,0.01969029712775321,0.019512170092264344,0.017487083928844228
2023-08-03,0.4262076653402764,0.09418921917107023,0.04661324487865109,0.030246824216375492,0.02640240207573496,0.023024653620226685,0.021091715956253334,0.01964463657588975,0.019434119279563827,0.0174228011697465
2023-08-04,0.4253139697911358,0.09408051243558022,0.046649650407545824,0.030232262349665376,0.026433417716100395,0.023032089699482977,0.02114346564155058,0.01957522045760338,0.01939593599146156,0.017467685202699368
2023-08-07,0.4239821662147539,0.0938143876255853,0.04633650590597567,0.03030139200902826,0.026475493779146923,0.023256684614406317,0.02087959491070351,0.019572848871158684,0.01939369517737382,0.017485373669352156
2023-08-08,0.42521590340728804,0.09308481594060164,0.04646267940128155,0.030231867510735054,0.02655743664914588,0.02320520209372576,0.021037822467192643,0.019633763275574794,0.019122243108957753,0.017740682825818706
2023-08-09,0.425207046140343,0.09293094224201855,0.0458984406462469,0.03011582600213686,0.026548778203993078,0.02328128508087542,0.02110850983626129,0.019681549858515068,0.019144843631863882,0.017832410960193456
2023-08-10,0.4254067935176025,0.09328057845174852,0.04597503806932056,0.030107284816857958,0.0266827955671679,0.023041209256985048,0.021153239165508087,0.019678278810609996,0.01886704997254715,0.017861430363193605
2023-08-11,0.42582571959632953,0.09264186048851182,0.04590768913487669,0.03018751268039546,0.026727033198927094,0.023062564674546565,0.02104808898478972,0.019760341237486424,0.01891092995467369,0.017887300320120245
2023-08-14,0.4231820691684249,0.0931309238033898,0.04603209054982499,0.03028001422988,0.02679301433965244,0.02316201674189818,0.021127189330462936,0.019817780391811524,0.01899577741433974,0.017979858908783886
2023-08-15,0.42362516555544366,0.09323029356849201,0.04503657533270264,0.030404860862527056,0.02696457694510954,0.023193796201206526,0.021180599280123117,0.01981959459580372,0.01915883287169272,0.017911297675084478
2023-08-16,0.42255378790059156,0.0935820120453597,0.0451767586816228,0.03041577027690795,0.026992402421488197,0.02310814462936832,0.02114156898525027,0.019860284752368004,0.019239960955177993,0.01787181246267933
2023-08-17,0.4230225520733295,0.09361932458352273,0.04507210046940996,0.030487313722944595,0.026986115938815086,0.023075574220442,0.021156870128584453,0.01969789382586625,0.019225813503939992,0.017881369899082716
2023-08-18,0.4228935363476495,0.09328512675204308,0.0453026771977464,0.030146395482121092,0.026905041347417637,0.023136615959469857,0.021102055532277605,0.019778826608118062,0.019167796329572526,0.017824691566647916
2023-08-21,0.4227659694139396,0.09317473592778713,0.045400930185578094,0.030167633346288702,0.026992301353943416,0.023094186007984092,0.021075960314750307,0.01982597536053617,0.019095265490876895,0.017863549287263896
2023-08-22,0.4225161041826847,0.09365491021363533,0.04540152723176182,0.030266405480623915,0.02688659346219049,0.023122133470958504,0.021087750318161604,0.019530581975297605,0.019045746586015613,0.0179352706693627
2023-08-23,0.42217655766071904,0.09291342745781059,0.0454938376406805,0.030348291967123638,0.026847544677505875,0.023037038338565137,0.021247420035047045,0.019579652889493804,0.019110292778931746,0.017939193452563354
2023-08-24,0.4190329834506009,0.09295630443671511,0.04568246288250576,0.030396784463723334,0.02689755667348677,0.023217283780414804,0.02133543362899609,0.019665470430472027,0.01926379382333133,0.018016106992603892
2023-08-25,0.4201060161990352,0.09265905351710635,0.04539920779243002,0.03054260525964178,0.026663412605960658,0.023227899686706865,0.02138814375153479,0.01959173925947255,0.01900970914281177,0.01797726028298323
2023-08-28,0.4205368405719447,0.09254095778466594,0.045341158618375337,0.03052318299514205,0.026616540319087504,0.0231773255164113,0.021403457722257966,0.01957106298312388,0.018901603173143936,0.01795149024532809
2023-08-29,0.4200344629770625,0.09279962389885095,0.04550753444034774,0.030560294927241983,0.02669207614509202,0.023223925190683163,0.02142694972117725,0.019475146085885905,0.018925530733675835,0.017994147369268826
2023-08-30,0.4117315421891587,0.09413166032540554,0.0458786641360009,0.030992256254404743,0.027171570988155196,0.02340072585607732,0.021580802064388272,0.019513220421894996,0.01915787520659148,0.018205530979823883
2023-08-31,0.4114453346622528,0.09456786443784933,0.045710067118318015,0.030954065695516283,0.027021136897111605,0.023421906296540757,0.021621187757302207,0.019532161351808772,0.01916998311145575,0.018257005525971603
2023-09-01,0.4100931141665082,0.095067948940905,0.04589837357076409,0.030987724367870336,0.02698640787766474,0.023523336526102438,0.021565714481911073,0.01956814451249579,0.019183782035895613,0.01820277693953877
2023-09-05,0.408934013968967,0.09506485118991308,0.04609925077566533,0.03099548586114958,0.02704630627934343,0.023639542557742935,0.02160057275249574,0.019653121195607002,0.019163688101305514,0.018194692355429063
2023-09-06,0.40942269287527994,0.0943390746965417,0.045718123222219895,0.03146706610028,0.02689285205160696,0.02365696747166012,0.021580496067961124,0.019626995032224957,0.019174082244971278,0.01817863348661595
2023-09-07,0.4082527583726159,0.09417132116636179,0.04531159514428918,0.031542641193204955,0.027099640637451076,0.02371423283838016,0.02162881177125888,0.01970011484053362,0.0192012647674824,0.018290969690238128
2023-09-08,0.4075426929474029,0.09472475866845523,0.04554498318819318,0.031573496462085696,0.026902978155732102,0.023623296671742056,0.02156084811225715,0.019526234946721024,0.01933762374026028,0.018274975009239927
2023-09-11,0.40593221845878785,0.09499411808197769,0.04534965388759648,0.03164931577891857,0.02695709889813478,0.023508765318631598,0.02160147582279949,0.01952885387192865,0.019482996015778912,0.01833203033289089
2023-09-12,0.4056520206954113,0.09467326055813545,0.04599333207551587,0.031760118278118664,0.026402723696090008,0.023443078599145815,0.021825496133543672,0.019688020738017075,0.019405368510656,0.018321433949396594
2023-09-13,0.4032657783287245,0.09480806842867301,0.046726448592111766,0.03171661419457656,0.026403410874166235,0.02334752354473608,0.021851618169523176,0.0195714427888073,0.019536458925923372,0.018446751629789863
2023-09-14,0.40299633146436986,0.09513234454395801,0.046833013212506665,0.03175918509505448,0.026448718272061647,0.02339502398759465,0.02177055857550913,0.019567731893754617,0.01950054718212784,0.01853727420161552
2023-09-15,0.38902330443142036,0.09711712271244409,0.04771598387548765,0.03243526915423086,0.027072835150309695,0.023934080469901576,0.022186412560952575,0.019996716988029743,0.019940185201574104,0.018927514256270372
2023-09-18,0.39092873315793836,0.0969250976237908,0.04814726362477036,0.03233122693891128,0.027071536548682235,0.023805079063177567,0.022249000346243743,0.0200070506925896,0.01979827604271416,0.018906277449380896
2023-09-19,0.3901847567754856,0.09706871050227649,0.048355786215331154,0.03255980736635251,0.026463825928022485,0.023907218496153432,0.02167461251352093,0.020065940674374696,0.01986786800700551,0.019050837169863232
2023-09-20,0.39103182758305305,0.09688490570499939,0.04827560597162664,0.032693108818106,0.026334899390280313,0.02381782344038435,0.021507965994271662,0.02011914462269695,0.019710185569053768,0.018925474211584994
2023-09-21,0.391126829403052,0.09731356697290772,0.04822946648738454,0.032413904591941024,0.02606262305145419,0.023603796252085304,0.021552676341875927,0.02010340347178632,0.01966922398060187,0.018889537782145555
2023-09-22,0.3918388306311826,0.09691227649320726,0.04816172209943324,0.03234093926992635,0.026058618249649577,0.023551382827455968,0.021511511206309196,0.0200990121460509,0.01962476306920187,0.018885453586022994
2023-09-25,0.38951562491263925,0.09718922109161149,0.04842447229241,0.03250365268260322,0.026018331323384,0.023664731812436633,0.02184878971348928,0.019991030847258937,0.019702103205613608,0.019001437518387426
2023-09-26,0.39000971407875124,0.0968603785293411,0.048074293620396204,0.03250642559594039,0.02575167093611571,0.022793799921061664,0.021923653305861802,0.02029434818653973,0.019793501887847953,0.01903284547952916
2023-09-27,0.39000922615783185,0.09692809191812612,0.048234764228397405,0.03244735791615709,0.025577143994506446,0.02291171855948915,0.021960269796208586,0.020470059193498938,0.019435459039724955,0.018905056891619063
2023-09-28,0.3888823654321795,0.09741964793756548,0.04839987036862436,0.032716355986153876,0.02559993550064027,0.02302422419347501,0.02197240910650547,0.02023743295790693,0.01933106794398413,0.018972992833209062
2023-09-29,0.3885460023436394,0.09726338402393611,0.04831298245722275,0.032555463509608015,0.02561224957398605,0.022752766956280365,0.022186455794564693,0.020070146353746942,0.019155334197497046,0.018801818461470596
2023-10-02,0.38580605590905137,0.09787886887268488,0.04869399186720898,0.0329971292327008,0.025731848605747572,0.022729813838447414,0.02234827131083545,0.020063491560362176,0.018968363905987086,0.018640851326143255
2023-10-03,0.3821268661756224,0.09901815624239631,0.049068674274543825,0.033670712706841195,0.025688993171016937,0.022831852324971546,0.022282020555101638,0.020091950511771716,0.018977791244286325,0.01860345905462168
2023-10-04,0.3798041844502334,0.09890355590221588,0.04933012932561167,0.034275708688808845,0.02556182286898422,0.022895960993171413,0.022550760270749447,0.02030256346965806,0.019029283637980454,0.01862615745677213
2023-10-05,0.37396131159243634,0.099487028035141,0.05012329203231081,0.03474909732372706,0.02561811500698357,0.023128791599827215,0.022996374386608568,0.02063733771229551,0.019235868721188046,0.018946761425088842
2023-10-06,0.3660242463414835,0.0998878968697584,0.050388726550269276,0.03528606348663078,0.026892564900068323,0.023590162454395082,0.02344565469991092,0.0209354429056785,0.019436544066468726,0.019127840297377
2023-10-09,0.36644001979600177,0.0995498575699124,0.05037979973010771,0.0350453844517715,0.02725051977162106,0.02350817299740995,0.02298846741919961,0.02088896615194124,0.019559070149582757,0.018738505518883466
2023-10-10,0.3651815453033694,0.09907227783039521,0.05052831502628555,0.03512496777908186,0.027348179757173595,0.02370345053932187,0.022927301146895073,0.020877512977605456,0.019384807845815682,0.0189054320858695
2023-10-11,0.3591978498516571,0.09978330492711379,0.05068014662249237,0.03580263636842952,0.027834883383523076,0.02399943614709511,0.02312712464184005,0.021219935131162347,0.019663692165318245,0.018893475618417022
2023-10-12,0.3577960612827689,0.09938904401237832,0.050921870143435764,0.03571208954218612,0.027865439160192153,0.023851598586442105,0.023066970563167005,0.021676639921782946,0.0200093097194425,0.019220280347735735
2023-10-13,0.3587397705137872,0.09768666620835521,0.05063297184488214,0.03635147854190271,0.02759780807446181,0.023991752381726288,0.02302888775939776,0.02161908783501779,0.019929997102448076,0.01924848904122561
2023-10-16,0.35863290323784003,0.09892531303036337,0.05082903393385716,0.036386121558676335,0.027614031540658727,0.02417158318748669,0.022888170217036406,0.0215197960540399,0.019983384297661614,0.019256481860456993
2023-10-17,0.35379603127155923,0.09893800737976767,0.051454572907822765,0.03648203672040737,0.027910611226126262,0.02452444227339414,0.023266766575033026,0.021693643868248076,0.020320767649519577,0.019313338629575818
2023-10-18,0.35052420388352695,0.09956729663630011,0.05200987359409978,0.036685765416847024,0.02736638679443238,0.024494654648429155,0.023313375107127443,0.021945023229264227,0.020408893838169476,0.019438182423580253
2023-10-19,0.3446032220769016,0.10013258474759326,0.052249499858591196,0.03672164845469062,0.028559116149186357,0.024610180834637178,0.023410859262062267,0.02198828392843919,0.020490657647989827,0.019619232508316646
2023-10-20,0.3439347843726108,0.09982629585176656,0.0523305632740043,0.03704627136610675,0.028592306376068494,0.024070030488379735,0.0235746481433964,0.02193712043545491,0.02039754078026504,0.01942479791577471
2023-10-23,0.3447675009305601,0.0999072521281394,0.052321291550705445,0.037060107031587124,0.027762511467038488,0.024174271288886624,0.023539135571107088,0.02200869099927472,0.020487914155414524,0.019567424306213086
2023-10-24,0.34516525419424987,0.100129039565386,0.05254049736116989,0.035755914338592876,0.027754129847738063,0.024070813701711238,0.02334638722112049,0.02191616856820248,0.02049294718841881,0.01963989370259988
2023-10-25,0.34034072435108764,0.10048917236368003,0.053365649132662736,0.0346852569494175,0.028619273117584776,0.024228258034967615,0.023532624623196084,0.021776008363601915,0.020830835147251016,0.019779664716340666
2023-10-26,0.3388965064232041,0.10037561888832516,0.053101464118624264,0.03462386315929108,0.028922482652601056,0.024725219935781553,0.02364939550145916,0.02178940943760652,0.02081507384928089,0.01967684762818521
2023-10-27,0.3375449134187278,0.09993735362213255,0.05318595472873307,0.03474970323160445,0.02868483788334812,0.024811893842704023,0.023646402977604276,0.021756012836525746,0.020569822762931247,0.0200283729904847
2023-10-30,0.3389510380650476,0.10047816142599991,0.05291423256203255,0.03429885292152711,0.029310719636678712,0.024540705215168428,0.023266972880394178,0.021752393160052102,0.02030051152390055,0.019755946956782656
2023-10-31,0.3416449175128794,0.0998473528032487,0.05270472600513807,0.03410635756144551,0.02913053040567109,0.024704088471788118,0.023158024438095722,0.021774371246041008,0.020115794720455354,0.01977147874606762
2023-11-01,0.33722924355694434,0.1007002362140008,0.05338438428089234,0.03467446833596839,0.029063100175342655,0.024916797663757945,0.023067396916304883,0.021940088506881374,0.02035382008502213,0.019997295479721826
2023-11-02,0.33706259590245286,0.10087576180654295,0.05367719835893404,0.03474900982682698,0.02898457489821436,0.02485075277459876,0.023037595981081876,0.021937135656384527,0.02034865969544078,0.020019035751217936
2023-11-03,0.34074791945307387,0.10079730225576009,0.052478332654864714,0.03450460158619456,0.02893466546999656,0.024734330642447098,0.022829806143633183,0.021742283617205784,0.02003726821420361,0.01984434164627429
2023-11-06,0.33475657288860217,0.101333737769864,0.052840694414555855,0.034750249583413884,0.02966572340200383,0.02495123602178585,0.022965581555993465,0.021608703653428298,0.020310459789420015,0.020001706519388034
2023-11-07,0.33511516344740716,0.10075078374396533,0.05334989584055939,0.03498015280228555,0.029695469195149333,0.024968113782892216,0.023039484168886543,0.02125023392271495,0.020425554487235438,0.020078657184972395
2023-11-08,0.3338559361735475,0.10131975670424401,0.053566626805054314,0.03501530194684935,0.029790626631661703,0.025077726868257585,0.023164393657138436,0.021406930997189773,0.02044704083273973,0.019444646431320906
2023-11-09,0.3329500045840334,0.10172471465364137,0.05366925919523501,0.03500152681890805,0.02994609748217475,0.02512867177517701,0.023161691125493107,0.021445409077691293,0.020638371976616606,0.01940721330489605
2023-11-10,0.33339133494975687,0.1017401340179967,0.053764059016138746,0.034876089735518125,0.03017663338058285,0.02516929230291567,0.02315602583526952,0.021485365350723866,0.020607773692289506,0.019359044323228384
2023-11-13,0.3318383459612631,0.10229488197874625,0.05418610993524746,0.034892985692590035,0.030249578904428833,0.02523073254897228,0.023379181139813365,0.0215370905578623,0.02064337876540259,0.01941619012317756
2023-11-14,0.3174807477728814,0.10436934155903027,0.05516778991443756,0.03542856282983118,0.03082519972231659,0.02568017155167239,0.024002447510442292,0.022293775119826397,0.02140736076130732,0.019784721043321504
2023-11-15,0.321664852831393,0.10200935661439987,0.05458241052417093,0.03469302282918426,0.030755650247568277,0.025819254503806364,0.023949347168957077,0.022509109467504264,0.021400091074361582,0.0197771390408658
2023-11-16,0.3214004882453932,0.10215125039432935,0.055194226118578986,0.03522622461804281,0.030371788072116324,0.025999147880403087,0.02392760458787629,0.0223524337570241,0.021393052999287718,0.01953928501427509
2023-11-17,0.320193873549226,0.10197030866937744,0.05525640656921324,0.03563247719292077,0.0303409226597312,0.02648406925632839,0.02382601480718662,0.022414868448996848,0.021490640372608893,0.019869434304651223
2023-11-20,0.3204266843909723,0.10106939619365603,0.05527613702593249,0.0358011288273297,0.030411887615322694,0.026452240650499323,0.023811014221982237,0.022440783932710012,0.02123281284225394,0.01987980900667057
2023-11-21,0.32160421866996386,0.10073821449504647,0.0553188368972116,0.035408884514728164,0.030403855415641067,0.026341736034927697,0.02368161731898488,0.02252894064308096,0.021303702178409975,0.019844828364961747
2023-11-22,0.3211149528697989,0.10016388086139999,0.055335457923829594,0.035788680346146275,0.030428054434913688,0.02663497211496634,0.02377048811472083,0.022524972609805988,0.021287837344399718,0.020007227694768575
2023-11-24,0.32260990459131367,0.0991579606871396,0.05545929508466204,0.03555004574625022,0.03045526900796154,0.02665171266296989,0.023837084574715155,0.022508323071278345,0.02142251609788919,0.02006293895197367
2023-11-27,0.3208395576810025,0.09968536210046951,0.055640452103639694,0.035606818804659164,0.03049416116144023,0.02675621229068387,0.023834652356687948,0.02259132878972934,0.02149434448601583,0.020155706132579273
2023-11-28,0.32074511419705365,0.09973042966738693,0.05562303554234291,0.035601628271597054,0.03050502600894217,0.02673419114050494,0.023730862634611084,0.02263016275150362,0.02156861707191106,0.0201622279133167
2023-11-29,0.32081600488829887,0.09943956416633977,0.055585066035334516,0.03559582557937917,0.030561651262297828,0.026708842811435426,0.0237187859624803,0.02275255348736579,0.021576444861924844,0.020122933046068835
2023-11-30,0.3185561354537686,0.09953663417775545,0.05561545577418256,0.0360870789690011,0.0307425667166896,0.0266324434779812,0.023746926684763737,0.022850787780101675,0.021753120552165654,0.020287835327870395
2023-12-01,0.31875200224587896,0.10051385023130321,0.05486353325215668,0.03605142036125687,0.030608381779026167,0.026460024825697186,0.023781595955697794,0.022797926902235234,0.0217282767320936,0.020190714820785053
2023-12-04,0.3084990960394237,0.10229858603105495,0.055282665243894316,0.03672963555162722,0.030863893540440432,0.02682141013188272,0.024221370019673415,0.023095892097716824,0.022123491036405103,0.020550754215596392
2023-12-05,0.30910045872349384,0.10265365567359189,0.055484396206129875,0.03669504664910398,0.030900144323105314,0.026921203484103876,0.024360042467175706,0.023241385547790788,0.022010729965918917,0.02017872331351814
2023-12-06,0.308916275126751,0.10217243579391387,0.055438380042203375,0.036664321008855236,0.030962423732637922,0.026832904152065632,0.02440163156051482,0.023246428956647785,0.02203426994904102,0.020359124606764405
2023-12-07,0.3049801554766881,0.10259910469523421,0.05593286211526075,0.03722567594289982,0.03113301699428732,0.026878473569999874,0.024181881606250517,0.02361952836275049,0.02224884070885689,0.02050437265507752
2023-12-08,0.3024870761788631,0.10330331551559598,0.05619621752388989,0.03731224198994631,0.03115727075723191,0.027127268036072023,0.02430838114847648,0.023332867855541495,0.02212966123025119,0.020571951181802425
2023-12-11,0.3024835830143666,0.10291822593534102,0.05623161137863061,0.037381728767292004,0.031218080431135407,0.027137739185525086,0.024208128533785518,0.02335080338011212,0.02217758444025657,0.020655297485853003
2023-12-12,0.30144297485101945,0.10293350014938847,0.05618696810810889,0.03737751426844804,0.03157769342113043,0.027060699269841337,0.024256444224392153,0.023324957328648227,0.022350962117258424,0.020830815720569655
2023-12-13,0.30043123201566435,0.10254115560813243,0.05644800799020781,0.037310262431115127,0.03164706418966328,0.027176940500062488,0.024077695286492024,0.023462645701979448,0.022344860321716755,0.020953738454981493
2023-12-14,0.299993861020614,0.10338287445960284,0.056311142773933474,0.03721720804415898,0.03125972986061068,0.026923831733535426,0.024272018196425906,0.023651275936634998,0.022277833701356487,0.02092747429563772
2023-12-15,0.29754728853637624,0.10273252811084467,0.06159818409566525,0.03735415525905876,0.03108106317530418,0.02736042350304466,0.024052013178650397,0.02334837499242886,0.022299743694395302,0.020829353883367308
2023-12-18,0.29695826783845236,0.10341140616867944,0.06146920354171414,0.03736439117189175,0.031060436706287966,0.0274017622372256,0.024029853191792905,0.0233642077935181,0.022286387663009166,0.020707425735612444
2023-12-19,0.28908384041460355,0.104374798877337,0.06241088884648818,0.03767664775461327,0.03135811593041382,0.02768536868526228,0.024431387461019957,0.023599205627421058,0.022540652761386972,0.0207951420031073
2023-12-20,0.28842929250837207,0.10462099706557966,0.06271147301882564,0.03753064437997769,0.03160328297043276,0.0277303818461912,0.02453672069096897,0.023678127572245244,0.022615849078765897,0.02086889343387728
2023-12-21,0.29129422296318763,0.10414689025667495,0.06253588661711337,0.03732263568376456,0.03143532768155337,0.027647728387036358,0.0244986610002276,0.02360712373786569,0.022104824870901724,0.020863591545325782
2023-12-22,0.29275189679873614,0.10411069151573488,0.0626002187892581,0.0371803289020199,0.03140913205427905,0.027483362286055822,0.024477895722605916,0.023337773610057084,0.022070110846623282,0.020709099992438088
2023-12-26,0.2900890447139586,0.10447981626404014,0.06283435007013398,0.0373078533974011,0.031485370358849,0.027570111400532952,0.02476578043285817,0.023415403164103614,0.02210237650052326,0.02075796797433402
2023-12-27,0.2887126986544521,0.10447259707158943,0.06302273600047235,0.03708940682507987,0.03167948016465337,0.027604931594596184,0.024812802926842313,0.02347247259157451,0.022316269451464626,0.020795615990688836
2023-12-28,0.2885124885134444,0.10454262484935435,0.06320793179540404,0.03711039350400388,0.0316532330541412,0.027491692912450346,0.024844995097362155,0.023442045690846625,0.02226132562143252,0.020853160791353152
2023-12-29,0.28905665753284665,0.10405033266181664,0.06305874111852584,0.03717287909848599,0.03154909707538921,0.02731464904425306,0.02490446480208718,0.023420417589426822,0.022309438589711635,0.020859839940109606
2024-01-02,0.2873016220949791,0.10450040230643061,0.06325975258082175,0.03725175555969682,0.03150652564104157,0.02737968718943608,0.024978772174671305,0.02341931720184086,0.022273466668119548,0.02095415627123603
2024-01-03,0.2827835386695935,0.1093768664611789,0.06309942036947319,0.037213194654228864,0.031732495926737304,0.027248676436984382,0.024998875949532696,0.02329966378424258,0.022231226719184174,0.021212128580785465
2024-01-04,0.282741759459519,0.1096937705160924,0.06287602979350541,0.037163399767114184,0.03174629143094931,0.02731583058895482,0.02489689690639803,0.023450834133271564,0.022302618969491064,0.021149489571698175
2024-01-05,0.2836797612748869,0.11013301738742635,0.06314264961342009,0.03694078521501272,0.03217279890460098,0.0271049531150263,0.02477959195030475,0.023596014870824748,0.02238705185997843,0.02119344673966308
2024-01-08,0.2837559188908761,0.11052242828265377,0.06308551038840474,0.03686383798899067,0.032293569274943174,0.027396283080464438,0.024648731669428887,0.023649160157668762,0.022216140494146715,0.021312455942231304
2024-01-09,0.28390052346173594,0.11082122764102777,0.06330240712680946,0.036931738780825424,0.03239103556990469,0.027094034034038646,0.024718462148084857,0.023219468847272922,0.022164931095197987,0.021311861796496103
2024-01-10,0.278223212696824,0.11198264076351384,0.0638720993596425,0.0368751085369107,0.03160438603706676,0.027586196436553218,0.024687481103581602,0.023386442931783193,0.022460212131458428,0.02148070574551135
2024-01-11,0.2792511908417122,0.10945636038062971,0.06412368564484032,0.036728131023604685,0.03188154477909205,0.027253439974649796,0.02490260908354262,0.023496064011437355,0.022572673683608966,0.02151882912114493
2024-01-12,0.27920584537773246,0.1097174416913333,0.0641152121660822,0.036859924530474604,0.03183892533739368,0.027338785707754183,0.024930412828954085,0.023261326744226766,0.022510032031930992,0.021666226050574094
2024-01-16,0.2785810120240884,0.10955966749746013,0.06424947780402451,0.036890104466045695,0.03191993560188203,0.02737785984612773,0.025014708692670782,0.023391947609034368,0.02198960591389023,0.021486064145815737
2024-01-17,0.2789827304580658,0.109482127447325,0.06374791685903948,0.03681489018122932,0.031944449089187074,0.02741937453025299,0.02504452840965162,0.023027461051296685,0.022227233066735613,0.021667116503618078
2024-01-18,0.2795159391997304,0.10952452810295676,0.06392888864671609,0.03685830796608,0.031909715791423314,0.02751785475349324,0.025011366069800537,0.02313547987907792,0.022247936606259268,0.021508336958817018
2024-01-19,0.28055043602425417,0.10978007433060302,0.0639670293552629,0.0369114899063699,0.03199122101810368,0.027323252756260945,0.025038623601780406,0.023175436916460273,0.022293100538632114,0.021505204993652688
2024-01-22,0.27672175793873166,0.10911280483519861,0.06444338453180956,0.03703835215198313,0.03197027181098757,0.027477051987957572,0.02531203085833984,0.023366318850032815,0.0223998277535447,0.021790984609701948
2024-01-23,0.27668492009213513,0.10958735181963165,0.06476980741178653,0.03706116337097656,0.031119550883485062,0.027507598587215364,0.0253682698143668,0.02296919716546346,0.02207375047406014,0.02189435032188691
2024-01-24,0.2732145745719544,0.10956007829619964,0.06494425032439835,0.03703943540983573,0.03139888188216029,0.027643602253124108,0.025383218411774284,0.023077563975265898,0.022343858918949768,0.02195992940445206
2024-01-25,0.2719299845947214,0.10967064631094803,0.06490900237318417,0.03811047910331502,0.03146258689407741,0.027622521358903123,0.025483027688531328,0.023008079445635363,0.022234623029130533,0.02191407894583797
2024-01-26,0.2721291876639776,0.10955093133717105,0.06478111986014888,0.03756632126280511,0.031362680009626685,0.02759526493108889,0.025450198038360645,0.02328502328641191,0.022473181871781364,0.022026220140205464
2024-01-29,0.27196296497358063,0.10995259268312618,0.06480188033015463,0.03719620888080312,0.03138921301229872,0.02763840200007481,0.025433372302385793,0.023309240860567224,0.022624097883007697,0.02200742193672367
2024-01-30,0.2722478252520623,0.10982886312706662,0.06498800609394752,0.03717649562304866,0.03163718048851237,0.027671985299127917,0.025518961301591488,0.023281952891460015,0.02265167382056746,0.02176958559820151
2024-01-31,0.27229413181697565,0.1098280002519561,0.06511670998437968,0.037231342237764156,0.03141088777382961,0.028272176475191535,0.024698256603293302,0.02316906712287781,0.022707592035353528,0.021700783272448093
2024-02-01,0.2726346382754652,0.10996923226372457,0.06509713689171405,0.03701698971102904,0.031251077858023946,0.028125894813254764,0.024622776653719255,0.023208839191078637,0.022625502404277686,0.021843518272077773
2024-02-02,0.2716370355471243,0.1099076513499015,0.06640141630338262,0.036948217327756605,0.031091998989394975,0.027829038269711157,0.02453009380226163,0.02318656906321347,0.022486613467613287,0.02178890389645669
2024-02-05,0.2703055886885543,0.10940380469296494,0.06632491104681937,0.03740815739604466,0.03120805912086024,0.027774775798317282,0.0246047092540568,0.023089151838823645,0.022417763145412193,0.02175116286437701
2024-02-06,0.271516953794371,0.10701194963416825,0.06674625161843495,0.036016393522969016,0.03135999966202027,0.027539408838929847,0.024431233122770325,0.023165895481064402,0.02223720214114454,0.021010060758064674
2024-02-07,0.27070467889053207,0.10765706176703524,0.06696376729967445,0.03577609054258301,0.03135181297974223,0.02747795376844227,0.024453945011083167,0.02319931270130002,0.022252746323639806,0.021152129980087267
2024-02-08,0.2701725138529233,0.10776821240801343,0.06709309370579802,0.03590372871000314,0.031369909415048476,0.02740848545137392,0.02446334496607514,0.023210822175175894,0.022287687850519475,0.02075135954830423
2024-02-09,0.26909987196056356,0.10777645913872914,0.06724218027441646,0.03570253549290219,0.0313727424082741,0.027340565285441296,0.02430054677060442,0.02308214424255065,0.022365556088834712,0.020824601169156725
2024-02-12,0.26631866788578823,0.10861615923298759,0.06722283560621428,0.03572903660387586,0.03102368935582659,0.027563637336765576,0.024405255513083125,0.023195462153247103,0.02252433866585406,0.021032770792266234
2024-02-13,0.26534455610736135,0.1096984607819167,0.06747230270603673,0.03552730106422867,0.03114084755037959,0.02763311327835252,0.024531499061360786,0.02317227986405899,0.022647290224214148,0.020771700557967027
2024-02-14,0.26832211726019517,0.10715112517989674,0.06763089930370654,0.03575840755904117,0.031012507891781314,0.027599443674623997,0.02436600009959132,0.02313398799459985,0.022538587110268984,0.02074748757297035
2024-02-15,0.2669526186540002,0.10756052299579205,0.06750283767864,0.03574114162998347,0.031073662732831096,0.02763108598227513,0.024470418891077136,0.023103785504313835,0.022534050838484757,0.020783968909253492
2024-02-16,0.26691549537662995,0.10789354071728428,0.06762369841465828,0.035661198841975286,0.03096922180318577,0.02755454051299848,0.024469130162641885,0.023057223705043903,0.022686617026885285,0.021287415908313477
2024-02-20,0.26706471551648475,0.10800065355243606,0.06756820113081322,0.03539214225181315,0.03077937405695913,0.027500054098617447,0.024328427547732737,0.023061372346808683,0.0225721439834257,0.02129326916357194
2024-02-21,0.26407584799040773,0.10895075920284021,0.06735678953371833,0.03635480676791094,0.03106141868697659,0.027594509100940193,0.024261264100361363,0.023312563590788496,0.022474319261038763,0.021216440136116003
2024-02-22,0.2648807940587525,0.10775953011689922,0.06688002559553155,0.03642166760972564,0.030924694929113188,0.02779830486713498,0.02434319944272739,0.023172052891956618,0.022498997260389536,0.02103955956598294
2024-02-23,0.2605536423486345,0.10828385030718131,0.06697061273623776,0.036839794470346514,0.031159015369395797,0.027876072086436252,0.024407578678341015,0.02367996685570334,0.022571194672977236,0.02117348006978513
2024-02-26,0.26034560275747765,0.10834915062045662,0.06707717129532961,0.036860532428368134,0.031174137695223127,0.02785262525561674,0.024535568096010887,0.02365126696157855,0.022592299665185046,0.02125424632758469
2024-02-27,0.2603273394218566,0.10852902991614843,0.06691380620678095,0.03686062556234055,0.031122234115858294,0.027874994878555704,0.024313206548056746,0.023872311214231407,0.02273039083265911,0.021661096181680235
2024-02-28,0.25860228415698694,0.10883673558797238,0.06687825404769354,0.037142017175267446,0.03130230066539712,0.027887025359993226,0.02441734905031004,0.023925607741590527,0.022801280845969944,0.021714277015655335
2024-02-29,0.25886022146920384,0.10885920404777723,0.06681575848885037,0.037114429292863765,0.03128681541424743,0.02806387137293316,0.0245045832920402,0.023894886089037556,0.022726460025768964,0.021644642224328648
2024-03-01,0.2583822427647467,0.10916350587970125,0.06711082279668575,0.03708455998065916,0.03132897107426901,0.02806254959111442,0.024448126452704923,0.02391774255716299,0.022748779500246615,0.021592887420939434
2024-03-04,0.25818952688002483,0.10933601392343312,0.06689708900062083,0.037031397557551554,0.03132777770258843,0.02854943037499694,0.024489327373337335,0.023923007623935413,0.022814016487029725,0.021566511084030984
2024-03-05,0.25684105857271816,0.10944528973838627,0.06660551054990833,0.03703241727497245,0.03127520796384559,0.028098083828066504,0.02464754625791331,0.023902319696061113,0.022912660529284406,0.021614023183046064
2024-03-06,0.2556614232686807,0.11034813054044434,0.06697140971743172,0.036923298112381826,0.031158504259968262,0.02808042919292588,0.024824612902584364,0.023927630635389774,0.022967063288367288,0.021746996914177284
2024-03-07,0.25599115240468706,0.11031235848332938,0.06676510464193561,0.03661326038487852,0.031289489192206,0.02805367127708026,0.0250040063468567,0.024119993143650462,0.02291622264309262,0.02162033721281086
2024-03-08,0.25224767290776207,0.11066913807041297,0.0672832035800257,0.03679503527636393,0.03143428746418108,0.02826398104175066,0.02543320191817959,0.02424056807065351,0.022963497902118934,0.02187833552356004
2024-03-11,0.2515944697003065,0.11087565566997813,0.06733416058168316,0.03640364045739447,0.03144897811065714,0.028798724211260833,0.026143755960599643,0.024291384513375893,0.022938221290303734,0.022083020804451
2024-03-12,0.2471394782604702,0.11167924682871468,0.06768408982623254,0.03649412506210552,0.03163099975338632,0.028958039507831924,0.026700770833037096,0.024535935134477913,0.023039322020051607,0.021911992312780525
2024-03-13,0.24658449079310274,0.11164620132576714,0.06804317158046003,0.036761244857737185,0.03165223526296836,0.02890177054680229,0.026784448609725328,0.024675172853318203,0.022775356177929095,0.021787377494720962
2024-03-14,0.24660735975034204,0.11167700440212733,0.06721302658096666,0.03668973650922008,0.03159151844199479,0.029302364985178537,0.02668161828262946,0.02468914580762519,0.0227024469858709,0.021823735965202807
2024-03-15,0.24435426234386776,0.11207201727685097,0.06750373183027013,0.03700769095901992,0.03153035430211811,0.029627235247994592,0.026688867899471183,0.024903962445405645,0.02278345796493149,0.021802410079559534
2024-03-18,0.24591741786448712,0.11228457717865764,0.06540786065983373,0.03654532258443885,0.03170789225555006,0.029559872285825243,0.02586340995686611,0.024729716565274142,0.022844186007793827,0.021911190733983413
2024-03-19,0.24352659158295492,0.11183796998799221,0.06556667557669844,0.03665483013959375,0.03183888596678294,0.030012636389826514,0.026226052066358113,0.024303935465827552,0.02268402280521844,0.021991708495124024
2024-03-20,0.242731070055369,0.11182377167049978,0.06597832659214284,0.036967032285529215,0.03157739494904774,0.03007367729031251,0.02639114626596331,0.02450924666130775,0.022641916429215026,0.021941136389272076
2024-03-21,0.2426221449771723,0.11127176890101885,0.0661349101887739,0.03694932220922254,0.03159004191507571,0.029901661209519596,0.026430587255690485,0.024381000687981758,0.022705834839870754,0.022257185946303996
2024-03-22,0.2409364470413472,0.1112793214251192,0.0659753764425585,0.03682821471458789,0.0317601845965505,0.029551060087694654,0.026447563214243748,0.024459703191371307,0.02288689864860119,0.022346689134610673
2024-03-25,0.23732261874807217,0.11127433667442506,0.06618601971151544,0.03688585525363507,0.03193385797311869,0.029634024171508764,0.02692546467926551,0.024598654071959502,0.022978065726025537,0.022525416625088918
2024-03-26,0.23759659656489943,0.110717817651406,0.06608555892847952,0.03683258754024226,0.03187937995713592,0.029645330173764663,0.027826510633779937,0.024637888437485437,0.022873125664219358,0.02237303928786473
2024-03-27,0.23741936529035013,0.11032165801308949,0.06559277905122178,0.03677171962970361,0.0318617343084214,0.02936280982065487,0.02788635978721192,0.02467281172205764,0.022866459496882537,0.02239383752946129
2024-03-28,0.2390994943585667,0.1105607446158574,0.06551914119170003,0.03682819711994832,0.031695183122809834,0.029386509861383296,0.027942161165435714,0.024629182595245103,0.02328456811474258,0.022393446825406293
2024-04-01,0.23917346837049674,0.110671282374917,0.06553736633139959,0.036880091986715324,0.03154820299469445,0.02940993543455262,0.02797474928385535,0.02466912148983952,0.023303809263652994,0.022335213719639747
2024-04-02,0.23743341469391072,0.11127030893816052,0.06541285570079168,0.03689320154574458,0.03130594967256245,0.029512520528756938,0.028352157184547033,0.024605635675585446,0.02334696709213231,0.02234093813295414
2024-04-03,0.23770664639783431,0.11116452066090274,0.06556221649862748,0.036767720423560114,0.03130403676972198,0.02956800038140381,0.028240665515189577,0.024523157299930227,0.023263861031829,0.022638893454138085
2024-04-04,0.23513455376665762,0.11151899142183755,0.06550883852419657,0.03679123180603624,0.031246942886843692,0.029575165864786347,0.028316443304622248,0.0244739902203354,0.023322667823356128,0.02294060451382054
2024-04-05,0.23727771914558493,0.1101099443581995,0.06591134149883127,0.035308631583789066,0.03165650801797436,0.02944331954085619,0.028245583200369444,0.024623731923353435,0.02392934014063864,0.023188666357476715
2024-04-08,0.23769494217836354,0.11001402447614667,0.06559799699042566,0.03537173648336392,0.03165227977468566,0.029553780964975164,0.028024560997611747,0.024618407536417558,0.02400229308710208,0.02319211001259197
2024-04-09,0.23833383452504378,0.10858049138343855,0.06511626783561558,0.03538748988684135,0.03171545493027236,0.029543801116800727,0.027817622400155916,0.024757785413071696,0.024276432466412097,0.02331255525317822
2024-04-10,0.23855865931538753,0.10886348955313334,0.06502857277375575,0.0356852436621222,0.03169162353528633,0.02955029427491616,0.02780482565631815,0.02480594871284229,0.02404140341682115,0.023115472935605966
2024-04-11,0.24068718932972402,0.10874891784971288,0.06456171444882801,0.0360487325981528,0.031709228605484,0.0293822688613794,0.027594134201897814,0.024714444076601942,0.023990469376247155,0.02328730539115588
2024-04-12,0.240470901869632,0.10932332054109041,0.06441423242929069,0.03609104424471589,0.03168894941020944,0.0292873221517785,0.027317049288683483,0.02474866228508632,0.023823038472754608,0.023242548361789087
2024-04-15,0.24316792599035292,0.1085758437218019,0.0641812326187051,0.03582660860726053,0.03166568344785619,0.02925298218486802,0.027327894950786583,0.02442817712130045,0.023903898716341236,0.023004987836416586
2024-04-16,0.24126172911966914,0.10935784416104422,0.06414278372143835,0.035988764608956315,0.031749154503417844,0.02910260983495991,0.02734607990128118,0.024497599099946636,0.023962006098720293,0.02316329752354472
2024-04-17,0.24175499989445276,0.10932802412273024,0.06405473079039806,0.0359720771327353,0.031691372398624996,0.02887571392769523,0.027358701836947837,0.024486414964438256,0.023654444824433934,0.02322475716898703
2024-04-18,0.24138245454235888,0.10964808214647374,0.06423159462049874,0.036022451593367685,0.031787219148564944,0.028948581655089636,0.027177523480837712,0.024567679551821875,0.023904346013053045,0.023106523556733972
2024-04-19,0.2411343623806796,0.11050104122787295,0.0639538733756328,0.03584546253284927,0.03165469954783295,0.028895304698371163,0.02709907188204334,0.024868192546234378,0.02390936364932653,0.023070959342363737
2024-04-22,0.24036313062249728,0.11438733918967253,0.0636452148719421,0.035739434371588184,0.03151351160871849,0.02881575810612024,0.026925196295450923,0.025023412370208293,0.023760541850255303,0.023020015174635634
2024-04-23,0.24103343593456547,0.11456125232901987,0.06307652333971903,0.035588868897084694,0.031500975616945495,0.028949419482449633,0.026331938891944986,0.025197575177108994,0.023809893334688175,0.02318254332642254
2024-04-24,0.2415765553380156,0.11417584319648875,0.06292564100170878,0.03551949174911551,0.031826291532329555,0.029372878828629073,0.026319403566804896,0.02503514781947636,0.023839317677622627,0.023037563670797557
2024-04-25,0.24071539185093233,0.1135523815815683,0.06268740289764042,0.03543036193762404,0.03247176720087015,0.0293030485254094,0.026298003961477003,0.025137138566677486,0.023881238141705976,0.02314083520010991
2024-04-26,0.23700347999204283,0.11283843418974042,0.06196117995725233,0.03576502436430592,0.03239732613328145,0.0296077011603243,0.02691012920702955,0.024977375374729494,0.024333395779601346,0.02323147030764448
2024-04-29,0.23502115459921255,0.11164333044296763,0.062246619888335644,0.035857182478995824,0.03225753577638076,0.02930927512468741,0.02697708742787065,0.0251875472428509,0.024140281496286258,0.023506337998678607
2024-04-30,0.23181968780772685,0.11257720786137565,0.06267757816654967,0.03596475053456201,0.032549141681654285,0.028906616376549028,0.02735955754175736,0.02530955775487602,0.024072225603432536,0.023566097760166754
2024-05-01,0.2332769274539691,0.11215178440841105,0.06234697446818827,0.03584133733952316,0.032526378439210184,0.028881936907359882,0.027416885117420617,0.025332912879011155,0.023982609954831105,0.023528461139436307
2024-05-02,0.23314678198706393,0.11188478387462837,0.06260836815205369,0.03625870351636154,0.03208565405635448,0.028816672481470733,0.027650688095828567,0.025406933910227494,0.02394818247325116,0.02356658720292465
2024-05-03,0.23150201516581068,0.11243669780546267,0.06196280318860073,0.03571826452162424,0.03243760193987296,0.028844442453589577,0.02764118071859995,0.02557004640155398,0.02400084845755863,0.02369733782862653
2024-05-06,0.23140509602412063,0.11257667463194039,0.06211176387573832,0.035483192881803426,0.03251101101233273,0.028812938770964074,0.027535261351981064,0.025561570573230576,0.02389905316913883,0.023626166276130463
2024-05-07,0.23073172157772018,0.11308163686516277,0.06161705669159175,0.035915598337940426,0.03250627521489349,0.028842388372240572,0.02751363551587548,0.025797797149067637,0.02401247698748578,0.023605685559465284
2024-05-08,0.22750180318866878,0.11376830024721017,0.062136741418274175,0.035630165267935145,0.03256635088855911,0.02895885784520775,0.027767908670207262,0.02573322802294185,0.023896044053020867,0.02354760998387919
2024-05-09,0.22729188960462118,0.11375315252525928,0.062333998576143766,0.03557560578668653,0.032525626981499016,0.028944597456879755,0.02763739712571896,0.025836866458306275,0.023870283533344236,0.023481628978714576
2024-05-10,0.22685395532644267,0.11441015802179415,0.06231817790586512,0.035487708986476144,0.032554342479602386,0.028915406602842336,0.027603952398189226,0.02581619979775621,0.023920654411840714,0.023506987005966828
2024-05-13,0.22699600662101296,0.11433546632407533,0.061988599289400696,0.035433277707429524,0.032500989608173485,0.028938660696276666,0.027540185634280363,0.025747289416149354,0.023931029537037275,0.023357321699825823
2024-05-14,0.22686492194972482,0.1143849879943732,0.061646175517997996,0.035703956958032364,0.0326724382703916,0.028899881199513783,0.027736633909567616,0.02560350497424669,0.023952060096950615,0.02329804350476297
2024-05-15,0.22672632148466204,0.11442945922245305,0.061645811211052025,0.03571414896205399,0.032436475431026526,0.02895705135887407,0.027728738129078098,0.025610429312121697,0.02407476601289577,0.023245135431231932
2024-05-16,0.2277819521316108,0.11396992071888196,0.061328025414017426,0.03560067741814818,0.032696539944441945,0.02919398627598073,0.02765205001411581,0.025598963215812343,0.02403722543817353,0.023089747957973247
2024-05-17,0.22626657158152524,0.11291417742683738,0.061455008315109576,0.035814826838073036,0.03297772173563913,0.029198494773021895,0.027925128244178695,0.02569101713850787,0.024073448351369882,0.023209593579671107
2024-05-20,0.22552420545430138,0.11321359733344913,0.060619202517272146,0.03547285310704311,0.03304009964729547,0.029241849221035586,0.027997299842986708,0.025589835231335768,0.024160891508444582,0.023365866846116204
2024-05-21,0.22479786414808878,0.11320609947969945,0.06026656445058884,0.03547923793569485,0.0329272479846149,0.029279525881116673,0.028028588984689462,0.026041500501867997,0.024103276255466807,0.02349703591688841
2024-05-22,0.22463922582593726,0.11306405805263578,0.06029608365746573,0.03544236881146991,0.03308382130565221,0.02931077201454784,0.02797710104610327,0.02589317478754045,0.024818967722629204,0.02347580490718512
2024-05-23,0.22462271702829215,0.11287254199044203,0.060004761176610265,0.035824542221341564,0.032570802061886624,0.029359400623983806,0.027871489477181342,0.025958976070837015,0.02460911480865168,0.023549977164271905
2024-05-24,0.22631187003439096,0.11321315121604128,0.05933893517457831,0.03614810651663067,0.032632213007732815,0.029336068265120432,0.02779224352415169,0.02601311793116152,0.024567505957882957,0.023524935316757763
2024-05-28,0.22486056614505662,0.11307250820674102,0.05968647732300868,0.03604619082750242,0.03286113501007852,0.02936074033483727,0.027822946566496642,0.026117828125531845,0.02477268865863845,0.023607526839620637
2024-05-29,0.226381483502976,0.11172310387613706,0.060340914082540206,0.036217237662492484,0.03280026179900656,0.029478624488331745,0.027434810194572265,0.026120727519864544,0.024822340935685822,0.023512008057956484
2024-05-30,0.22666859674188553,0.1106155901825655,0.060262066169700264,0.03617790057486642,0.03276004188570426,0.029536771315617577,0.027347064865719337,0.02608045589660835,0.024866363233220258,0.02368547210035548
2024-05-31,0.22549466667903234,0.11195495301413022,0.060372008014562974,0.03611977986839407,0.03294443027257541,0.02920992603143962,0.02720561105967581,0.026388733641399775,0.024901717431264427,0.023603456934097964
2024-06-03,0.22729821206870812,0.11395192359742203,0.05943837492103868,0.03578029401791648,0.03282121842135022,0.029272968129255533,0.026972356896784153,0.026248059922662263,0.024819635383075703,0.023530438331752217
2024-06-04,0.22709781503232743,0.11428796820820554,0.0600137222518435,0.03609020902725578,0.033300918894171576,0.029296557539518705,0.026727069582223064,0.025859963954625625,0.0245041880796276,0.02356424571472906
2024-06-05,0.2246875487507767,0.11380425815903845,0.0612956712436198,0.03603174909013476,0.0335805672527669,0.029394589466060547,0.026823519400698936,0.026114773884596962,0.024562156469418624,0.023332905126140863
2024-06-06,0.22419104621663927,0.11452877922678599,0.0609020345601756,0.036031119437685485,0.033625062274973985,0.029778976546436076,0.026729997817219225,0.026000373034975256,0.02453641426980061,0.022982655684095903
2024-06-07,0.2247946853405355,0.11450958408980795,0.060453995060464394,0.03608313550874469,0.03370872345131206,0.029641805659739475,0.02683919228828048,0.026121503522418328,0.024498672942947976,0.02307074861631937
2024-06-10,0.22580537406065498,0.11284633994355608,0.05833944770089677,0.03622943536449705,0.034019864905716915,0.029544854280540704,0.027035383138972826,0.02615613074240808,0.024627516396930983,0.023057240475132964
2024-06-11,0.22550265331664546,0.11285857688746848,0.05780505034040136,0.03627581488910718,0.03405479533546926,0.02940320728216948,0.026994554577738496,0.026022160192215215,0.024692888509089406,0.023101262288060285
2024-06-12,0.22522579671534437,0.1131029462435141,0.05771131823800726,0.036241017732781704,0.03402646835772712,0.02946471142024,0.02695716463818002,0.02582926349418714,0.024649936219673978,0.023137199861456
2024-06-13,0.2239906205221891,0.11307888747807303,0.05777835460720216,0.03622030699002498,0.03397869237910977,0.029762799638890666,0.02693851739619987,0.02593427455610299,0.024768035809672607,0.02312243780730228
2024-06-14,0.22363014561448744,0.11284348525124019,0.05764770437350526,0.036182531947663694,0.03392593458453916,0.029905379320109116,0.02720995111685637,0.02589875713015027,0.024687246232719545,0.02309598120061796
2024-06-17,0.2239930252736601,0.11273992864006199,0.05797888785812585,0.0359777077416061,0.033965792633856934,0.029959039915585857,0.027320960833950594,0.025868957970569036,0.024629829749758782,0.023309789114879267
2024-06-18,0.22126908196736897,0.11305051305457058,0.05791143239122055,0.036027465277235354,0.03427451025116183,0.030064829880430407,0.027403440783612724,0.026017672682908107,0.02471667635593701,0.02334509170275048
2024-06-20,0.22134385555017555,0.11267881329455065,0.05797304691098362,0.03599339848299562,0.03445792725555543,0.030075067600946435,0.02753981554048047,0.02617357045577185,0.024605121020919097,0.023384873127119073
2024-06-21,0.2194135348746983,0.11305660889675952,0.057603366217014874,0.036612905328781226,0.03418155669903129,0.031199811010736555,0.02732697705962367,0.025914638475268766,0.02556371804389229,0.02336284030033021
2024-06-24,0.21912674053444783,0.11191157790193483,0.057481421876977905,0.03709260111256623,0.034144868269549565,0.03204843775571558,0.027350523816511037,0.025990824888962625,0.025216749991558568,0.023398515097753713
2024-06-25,0.2186787024372767,0.11396559738363764,0.05654062461671272,0.037003794072484844,0.03408685502091362,0.0319295089297863,0.02733652899774864,0.02628135655799733,0.02515963882333883,0.02350012436324251
2024-06-26,0.21771084776356664,0.11511753361148527,0.05639241401809428,0.036977506762950516,0.033944958333007674,0.031983419293940746,0.02741717443583855,0.026502349054054547,0.025042677570809756,0.023476247879644932
2024-06-27,0.21797135535500492,0.11475521853346725,0.05520925777574648,0.03705554126267799,0.03396256404057089,0.03196620479303498,0.02758830687474171,0.02645011300851008,0.025038873357563118,0.02350160613649206
2024-06-28,0.21706100700452982,0.11441661618604684,0.05539465565215415,0.03706523855424409,0.03408957671409405,0.03193918632288558,0.02757181807633399,0.02643432641118109,0.025002564127619833,0.023355199027795714
2024-07-01,0.21621575161880816,0.11399673242986366,0.0555422891705901,0.03702778950083606,0.03392983236806054,0.03189018644786342,0.027533102894837656,0.026811597907064035,0.0254254445575776,0.023495100709117665
2024-07-02,0.21564181110960234,0.11424530280723033,0.05542183000953616,0.036933925128743,0.03356694602170573,0.03187298709768188,0.027482414866765868,0.027372672427024004,0.02519808582201872,0.02350506392993557
2024-07-03,0.2138656493916989,0.11463768464027874,0.05533120222129187,0.03688169066869726,0.034015537473945354,0.0321583439070398,0.027703222612485465,0.027277179136372752,0.025315960776169884,0.02351735658971138
2024-07-05,0.2140118372565077,0.1148379548339112,0.055280213067784904,0.036890492892304685,0.03392073692037235,0.03211737998277707,0.02762916794121352,0.027273889853685063,0.02532574137930969,0.023523267652822373
2024-07-08,0.21413905748475426,0.11455548744228054,0.05593271856756882,0.03683052626831197,0.03385786007245194,0.03184431561070211,0.027618785083333614,0.027314279003537015,0.025358008359796343,0.023429124725245366
2024-07-09,0.2123168996241514,0.11470279816655886,0.056005092017751744,0.0369363778645725,0.034007202853007595,0.032081346823188604,0.027758245982661925,0.027301351245429817,0.02544535458275243,0.023494053135968168
2024-07-10,0.2113831409019024,0.11457721658169534,0.05467304013919628,0.03698064652681053,0.03430627759899215,0.03214185171368351,0.027806810185216958,0.02734773864559271,0.025843816744724586,0.023600446323474078
2024-07-11,0.21168975479130217,0.1148774519691846,0.05463921120452506,0.03719940683169856,0.034280676342642154,0.03209144429076465,0.027907123646392935,0.026589812376879247,0.026177091854766528,0.023356388671412445
2024-07-12,0.20970342037603784,0.1176080301123253,0.05416899778381711,0.03712293076258346,0.034332072092465096,0.03255845885380031,0.02776620858040467,0.026318854273278375,0.026136076320572837,0.02339608959510822
2024-07-15,0.20906006319890605,0.11709337556814423,0.05381699784798982,0.037251134641631385,0.03429815000231855,0.03280739344099944,0.02771343854274157,0.026265875274488405,0.026059656317975202,0.023810123968821623
2024-07-16,0.2082013253020338,0.11701457153312717,0.054346633472513124,0.037481313800450854,0.03425855942202601,0.03269397353181098,0.027889715168474626,0.026482856521588036,0.02594209940072708,0.023537231936700598
2024-07-17,0.20969007783952406,0.11835033205721608,0.053022899993851104,0.03785998707410528,0.033903387690516075,0.03209082743817229,0.027745671493869313,0.02658643376717384,0.02590822968691367,0.023570417282994683
2024-07-18,0.20874332280324084,0.12395232814382087,0.05286166466079979,0.03761058948535747,0.033415043197111936,0.031942786669191876,0.027704557465622233,0.02671444208150381,0.0256518173036788,0.023336460663778393
2024-07-19,0.210399439233594,0.12406978867501527,0.052668768638426594,0.037375798940957744,0.03385420892119784,0.03182282207883411,0.027686660403447257,0.026681546464822486,0.025168045537815605,0.023223441671887765
2024-07-22,0.21066132078904826,0.12386317954246487,0.05298687034073554,0.03716424094341803,0.03426547824143494,0.031838309334872215,0.02765022291393224,0.026733437292954784,0.02514773451267391,0.02311520622901969
2024-07-23,0.21209305967923514,0.12007702994010253,0.05295526840019956,0.03739379813608141,0.03445817655355401,0.031647180269956825,0.02772426009816869,0.026674478118778797,0.02543143299378749,0.02320326751491979
2024-07-24,0.2116307568154652,0.12006996649821182,0.053057525524104705,0.037125134757593624,0.034812173790417754,0.03178556470567982,0.02757555129210248,0.026211460314239193,0.025396325124201556,0.024018306382410533
2024-07-25,0.20949357989003065,0.1265640765898639,0.05263007905903203,0.037626692373017454,0.03466201473094263,0.031487498822492174,0.02776475564965636,0.026436865795001464,0.025197615323920786,0.023659860860419442
2024-07-26,0.20822473753364856,0.12704428545483018,0.052470718993175215,0.03729990239268455,0.03443379869961523,0.03169698082982338,0.028048110302272607,0.026555318308477037,0.024910777937663466,0.023462879987812713
2024-07-29,0.21142643831187383,0.1269543076862503,0.05258953344972592,0.0371357003520322,0.03433953377242124,0.03178348690865019,0.028037104458776736,0.02639622387440737,0.02467396828931675,0.023149718171319448
2024-07-30,0.21166744831875373,0.1271229850767008,0.05282781195070572,0.03735889828415218,0.03488840420548219,0.03186773341572396,0.028253010317555706,0.026974131663892974,0.02416322487514078,0.022368174056198068
2024-07-31,0.21021216818494265,0.12822076356627246,0.052581798193481084,0.03733485186860332,0.034602707647379154,0.03273596082953606,0.028209232700381386,0.0269486101007217,0.024165154108158678,0.022610137750734772
2024-08-01,0.21036054080026037,0.1296599165949881,0.05245954933568676,0.036366685852075864,0.03460855657836757,0.032483891257929415,0.028056410638342636,0.026902232779510156,0.024723184459896665,0.022621072133832396
2024-08-02,0.2085245725219474,0.12994735255049472,0.05751521406739071,0.0364915974181349,0.03422218868476539,0.03185797250312545,0.027729741089727554,0.027072751207402133,0.024521255352971706,0.022756200855348106
2024-08-05,0.206850577018168,0.13078105614966368,0.05904028921010518,0.036197853619421835,0.034584625250390105,0.031490845590607976,0.027796014732886794,0.02685624421397156,0.024781174854888847,0.022746667883881626
2024-08-06,0.2205257555067919,0.128772110129561,0.0585812556708078,0.03537753924627222,0.03408810827570361,0.03096250056098539,0.02707603015424486,0.026436749516632354,0.02412504540651694,0.022317976724498503
2024-08-07,0.2209943531065631,0.1290502625863273,0.05849491075257412,0.035321709643701286,0.03391023630985248,0.030983351944601337,0.027205166624024463,0.02651454583245527,0.024142104406482446,0.022628942328385627
2024-08-08,0.2200932009898264,0.12907736976493936,0.058125544714019345,0.0353176795241214,0.03376193393880812,0.031372444007274077,0.02720061621200115,0.02647709743759088,0.02411655478408798,0.022754524375606683
2024-08-09,0.22452752549110522,0.12860942842083486,0.05786539786854545,0.035128082530473365,0.03352105824661608,0.03153738003886839,0.027078409622035265,0.02601631071668671,0.024019638391643307,0.02248088386019538
2024-08-12,0.22410560349545136,0.12855461531822046,0.05792776717406012,0.0353752528320179,0.03368795357862489,0.03156110339300921,0.02713864918952275,0.026179491853158852,0.023960497709844743,0.02245297361059786
2024-08-13,0.2242599269411096,0.12846921169282696,0.057675438404370775,0.03536885947431954,0.033670243755345206,0.031448137869477144,0.02709492287533593,0.026208856094032597,0.02389804658085515,0.022447507467218984
2024-08-14,0.2260016499079242,0.12769463838733172,0.05763222042129087,0.0353982907023697,0.033512590036447604,0.03129055288904501,0.026961904078116997,0.026135904125122147,0.023774657922749347,0.02285982122685588
2024-08-15,0.22590467011341422,0.1274405262384241,0.057603796533714474,0.03557227402610191,0.03337199293590778,0.031169240226602644,0.026981957237722076,0.02623213395400384,0.023996262100733558,0.0227807485980143
2024-08-16,0.22710536389774333,0.12756131806026338,0.05751692542310409,0.03556035693045372,0.033407010205876074,0.030810170138195897,0.027010944869348404,0.026224031465217082,0.02390991504714694,0.02246006954356227
2024-08-19,0.226187758120784,0.12788249846112607,0.057570433550258246,0.03562775505568977,0.03350756898012065,0.03083845919604212,0.026964512462939818,0.02624962885559,0.02384822160462838,0.022477691548129775
2024-08-20,0.22707077648810606,0.12779679775792294,0.057147791998662406,0.035740748258306185,0.0334703964857454,0.030384275560406755,0.02685900257939372,0.026250401785537152,0.023815712042341314,0.022496417538963524
2024-08-21,0.22697289801864998,0.1276318183328008,0.057630316566730254,0.03550708418595107,0.03341283043555842,0.0303694706962788,0.02680036342296087,0.026248887399932995,0.023797482999511798,0.02248655598799707
2024-08-22,0.22741733703659403,0.12659772954546694,0.05764662251994236,0.03553638615701278,0.033483870461782216,0.030488572180526606,0.026836405644974314,0.026252211637940857,0.023873038497843144,0.02249785684722415
2024-08-23,0.22801419088826394,0.12685314485946064,0.05764676632278641,0.03585836889252637,0.033457345181071865,0.030251830371642845,0.026843040211671686,0.026201912326153765,0.023779278076346055,0.02261350797057991
2024-08-26,0.2281623389525336,0.12680992253931517,0.05802080995292683,0.035809826967108604,0.03364461354627978,0.03030414022354579,0.02663894576976083,0.02631500856847479,0.023833847811259714,0.022866346532030863
2024-08-27,0.2256268195054387,0.12730297588985032,0.05811889024317482,0.03602767031695651,0.033798150785445874,0.030447838538313562,0.026655521059303675,0.0263395244587201,0.023896007232776947,0.023065459639768995
2024-08-28,0.22462078875495603,0.12747105640509196,0.058137502956558035,0.036103439657684,0.033781983704324316,0.03042611075845943,0.02674934667738263,0.026537495864516123,0.024078458288586447,0.02305528931009875
2024-08-29,0.22459006173872426,0.12772924790187085,0.058019701009119615,0.03616254218302275,0.03390515818853792,0.030306571187375137,0.026658613448668524,0.026480872535080198,0.02405486288921817,0.023097959394837463
2024-08-30,0.22292286303575276,0.1278317311308482,0.05802134743978878,0.0362307034997147,0.034009537025361136,0.030435560145190964,0.026647533553208237,0.02646195208560581,0.023958943933272164,0.023154400539772864
2024-09-03,0.2238855122730822,0.12747695770435047,0.057900307553879225,0.03619712457915024,0.03391544695072003,0.030501321655258835,0.026618292157948486,0.026413914726154706,0.023902172675124688,0.02313082753743051
2024-09-04,0.22464522265172004,0.12789493831454848,0.05876928661006729,0.035839805284110675,0.033754815096975525,0.030518144829757166,0.02652552795723604,0.026226836806311278,0.023781218160246965,0.02306407983251942
2024-09-05,0.22482363983086612,0.1279991342624001,0.05884161921501924,0.03591810178439787,0.033684857867083355,0.030441245357827926,0.02679981747885989,0.026241066874258697,0.023901668935608595,0.022969821637552817
2024-09-06,0.22434320160877844,0.12708123753484332,0.05879012832303174,0.03589053463952984,0.03372118547761114,0.030423681544726987,0.027003296181723143,0.02625214926898954,0.023814173095402305,0.022976136120493717
2024-09-09,0.22542488798382232,0.12710641880394702,0.058687821387353234,0.03575514686525364,0.033645103041250755,0.030646365221149954,0.02689456027464408,0.026231128565161438,0.024244646844795454,0.02262524748070319
2024-09-10,0.22747051708996494,0.12708651252439948,0.058099748357229516,0.03540030126784933,0.033551760257507855,0.030691268703251475,0.026750283455376462,0.026173671030907134,0.024321690333936212,0.022668073822341588
2024-09-11,0.2268611242179165,0.12678570180483745,0.05847619979969717,0.03569619199791937,0.03341557767160071,0.03056660214688572,0.026642945945242656,0.02594277455520574,0.024093844727651824,0.022692458264562388
2024-09-12,0.2260858313510308,0.12942905608752456,0.0582082363254786,0.035643861664132505,0.033295043011540605,0.03037833006021211,0.026798321239132117,0.025843561977185615,0.0239369381090787,0.02222073980378432
2024-09-13,0.22619290522888222,0.12955662603448867,0.05729677677921865,0.03590174806934281,0.0331896960484504,0.030319645310905124,0.026800395533361193,0.025849044737064814,0.024022683932391285,0.02201149734112515
2024-09-16,0.2260093416692211,0.12952149446589772,0.05706383566020354,0.035863354623793635,0.03327941774608964,0.030359518065810352,0.026776930629976225,0.02581376328418834,0.023995059117732708,0.021878552773339152
2024-09-17,0.2256109178188723,0.1296728009833708,0.05691006622037147,0.03587810463681042,0.03343294896520714,0.030212936688203143,0.026765286021614626,0.025734602846594953,0.023907487087993323,0.021848719670476198
2024-09-18,0.22361338750839105,0.1301966188298747,0.0576743904241096,0.03594442107505142,0.033529106020964546,0.03007143829006894,0.026796783908323258,0.02618443103530058,0.023915081265373894,0.02180471117040081
2024-09-19,0.22411443304111175,0.13004887602867762,0.057750405765559294,0.03579425582191697,0.03351463875777505,0.030048868767681872,0.02681567294426245,0.026194610036865063,0.024086963430247917,0.021815634194601512
2024-09-20,0.22398434107350546,0.13127595531005598,0.05812417640625603,0.035643070370449004,0.03333325442790146,0.029832210065716395,0.02671975972244233,0.026354073552624546,0.024109363829275126,0.021670249954475723
2024-09-23,0.22315029666525346,0.13063629071186023,0.058174415016201464,0.03574010132175905,0.033279764852845124,0.02978147635147312,0.026751807983771466,0.02626256970244727,0.024124208318753844,0.021725155017135414
2024-09-24,0.21936119036982066,0.1314297372212276,0.05798067734138038,0.035985973579159045,0.03345791071543471,0.030022508802092795,0.02691990442134808,0.026387751369763884,0.024069740905087407,0.021836015518188652
2024-09-25,0.2180272352229657,0.1312945552357127,0.05834817632909234,0.0361254094434491,0.033686490860598356,0.030058730023141692,0.026923473205505352,0.026202982416605174,0.024142969231904544,0.02188058474386914
2024-09-26,0.21784021932357123,0.13160024522788563,0.05803808129137279,0.03595872672498855,0.03398687949424354,0.030015179593476042,0.026888692016494884,0.0261184549047027,0.02406101983874462,0.021863567632870822
2024-09-27,0.21447024286014216,0.13204259253018102,0.05799979847206324,0.036833139945885635,0.03403694401447911,0.030253248955516225,0.027081001897054098,0.02613768395669777,0.02405217872402818,0.02184999164146299
2024-09-30,0.21437696550005952,0.13240810383395693,0.05765680161173397,0.037018029127249906,0.033844689926264666,0.03025228859916352,0.026999974644406535,0.026009040362542656,0.02411227206805041,0.021820383300599204
2024-10-01,0.21477822618917677,0.13278352125854848,0.05769610829897044,0.03704739183985447,0.033963319222909544,0.03038042877519041,0.027125476573573674,0.025905055591860925,0.024059727199153714,0.02164600707335509
2024-10-02,0.21510472126001157,0.13287382620431762,0.057548078300468396,0.037347096774243006,0.03357725657226162,0.030064342273900514,0.027132716623731595,0.025829053167651116,0.024020225107507624,0.021581807658625926
2024-10-03,0.2153325846622258,0.13151048098365797,0.057570417934507546,0.03741663327764322,0.033736225889606425,0.029816904365024516,0.027459242645920753,0.026031071432342012,0.023563051995388162,0.021637037936392094
2024-10-04,0.21407845410872287,0.1320374298555064,0.05755569875896939,0.037309411997718527,0.033773202781849726,0.03000257793780761,0.027636968925701874,0.026097450228287175,0.02345733738023026,0.0217003812606692
2024-10-07,0.2142153013122886,0.131948932384604,0.056870495687660415,0.037507578490249126,0.033927524977369436,0.030049896796999976,0.02767306376986982,0.026162865293020237,0.023191770693715193,0.021819555346611456
2024-10-08,0.2161429842032207,0.13190263514254577,0.057498825095783766,0.037704452930756575,0.03347337685428073,0.02984597167077782,0.02756124870916502,0.02577486452170154,0.02299801963988292,0.021724218888208902
2024-10-09,0.21598948527369438,0.13226000827349801,0.05809746287980636,0.037658632616338075,0.03372946747965279,0.02982180531626541,0.02759792177799121,0.025630532578655572,0.02295941455952856,0.02183543373889054
2024-10-10,0.21674335944899578,0.13229446401605194,0.057959403182988624,0.037606727668011146,0.03368962768493087,0.029882274852747696,0.02756853096139128,0.02528231611704102,0.02298334355422444,0.021753308611348044
2024-10-11,0.21671021799301016,0.13233126838836476,0.05792087779120199,0.03761235590645897,0.03357027131363349,0.030055795059545993,0.02761319728797359,0.025289626632325847,0.022801483919104224,0.02175572791543914
2024-10-14,0.21746550711888218,0.1321367926343563,0.057836725515236484,0.03799522168677095,0.03381038066296713,0.030097281448407776,0.02754349605862204,0.02534367665898329,0.02252897534305172,0.022222116148344767
2024-10-15,0.21772334794960785,0.13189425739124738,0.057892065144988555,0.03783456245942404,0.03384642658373316,0.030151855380751977,0.02762874016373658,0.02538514532945002,0.022532521056991127,0.02199842587962915
2024-10-16,0.21772418137779478,0.13046003443976473,0.05810952893587714,0.0375155921319144,0.03379297247288376,0.030074552783257522,0.027956542330730357,0.025637534553417874,0.022709111033965515,0.021908473325060504
2024-10-17,0.21560838091775558,0.1306234968174743,0.058277893153079026,0.03778700717096687,0.03380424333262869,0.030362790361328298,0.02790698390098587,0.025847488678683722,0.022683418314362096,0.02179207398587996
2024-10-18,0.21550448864934119,0.13074613665974827,0.05826995964019352,0.037679761981177784,0.03385113320365009,0.03027258539563683,0.027897091437162454,0.025798426882325906,0.022682054137779593,0.02180048373708385
2024-10-21,0.2149257443700517,0.13146166461583622,0.05840030774682275,0.038005939904217696,0.033988554943953815,0.030454745288862654,0.02779811538919272,0.02579755588312121,0.022749899949902973,0.021751386573101345
2024-10-22,0.21583960858366372,0.13235879196614794,0.058250131503509814,0.03790418570827451,0.03404444089623908,0.03015852329793014,0.02774664967391652,0.02608727275906282,0.022757985871149442,0.02175314695119278
2024-10-23,0.21412125722861441,0.13158549150756338,0.058461413992129035,0.037873040636550996,0.0340932151586222,0.030416564422253625,0.027694937415465658,0.025590517699504836,0.023683712036237908,0.0217253782404535
2024-10-24,0.2138039167880251,0.1304388089524924,0.05830377732119797,0.037909115199657735,0.03402639434688529,0.030463345453754734,0.02760896810399863,0.025648954120644576,0.023649109114096543,0.021728218971719584
2024-10-25,0.21288067219955786,0.1311441223830082,0.05797701554239888,0.03760219352120126,0.03369584155631141,0.030302592354156863,0.027628397005775636,0.025587819656497857,0.024170946874632157,0.0223552130965778
2024-10-28,0.21172123436282944,0.1324022919544667,0.058038899172182586,0.037686702789111015,0.03377073312723589,0.030417454243465154,0.027515607312616455,0.02577201389603722,0.024200472125194505,0.022293115066654007
2024-10-29,0.21033842291552768,0.13328206759229957,0.05824706007288048,0.03688078253030576,0.03395654949904641,0.03052678629435802,0.027972225235661886,0.02595956225563007,0.0238965141321925,0.022204932097842862
2024-10-30,0.20989407771110904,0.13197777286270956,0.05879598987800504,0.03752112398631669,0.03291862852809717,0.030438198335386885,0.028428073673165057,0.026037527456299732,0.024270577361781263,0.022309771037654306
2024-10-31,0.20678704450238286,0.13238902912354159,0.058766453142007326,0.037237964179376824,0.0331927153964922,0.030333892231314125,0.028594748456728727,0.025896872250637193,0.024346121400336155,0.022344174528174665
2024-11-01,0.20617236976380704,0.13306554360639533,0.05908527830295567,0.037315828725821516,0.03324259653300787,0.03009941327831367,0.02829258794439998,0.025749508132808636,0.024203299034956976,0.022212043812389802
2024-11-04,0.20547034216442883,0.13256051178573616,0.05862279480079478,0.03703928842807545,0.03319561008290306,0.030423925800206895,0.028244881051922716,0.025847085791782555,0.02439654472732752,0.022181874970309216
2024-11-05,0.20150549434890772,0.13289096141610732,0.05878121918123679,0.03734678273410107,0.03340182940810051,0.030628121345178564,0.028270466999974087,0.026100248195357584,0.024491482210500643,0.022210245861403813
2024-11-06,0.20194033195604572,0.13293913320128983,0.058795528350207585,0.036991260661779476,0.033523090185145016,0.030608136056835118,0.02813252274165591,0.026126145882965787,0.024552537968495974,0.022048102502266187
2024-11-07,0.20152778728111223,0.1332955839573646,0.061206284464289884,0.037726220580542404,0.0337128546516109,0.03201730214094529,0.028128666488297628,0.02558272292110324,0.024672004379990092,0.02181495943968332
2024-11-08,0.20062570935169816,0.1339536493772487,0.06148647819280215,0.037751526298029144,0.03414910173345238,0.03180572957495861,0.027983036883008332,0.025771098737013748,0.02455001718911636,0.022266704201353266
2024-11-11,0.20047535069642336,0.13344170422528245,0.06163774578988876,0.03780282191726426,0.03423071942198113,0.031836015392314544,0.028836718356743833,0.02571141362458948,0.024504427532216023,0.02218384312846172
2024-11-12,0.1979338162730462,0.13264113216879864,0.06221845173540691,0.03805002987517488,0.03441437339681906,0.03251047893167103,0.028772822775074786,0.02574423297421455,0.02458078892796292,0.02259148303813137
2024-11-13,0.19581675353062755,0.13276937044434461,0.062317848214797536,0.038595641344615135,0.034565081720289284,0.03279125320797066,0.028748570369594485,0.02581630177232152,0.024451777796542097,0.022683216563095167
2024-11-14,0.19539547188693962,0.13271196296945892,0.062267115089051174,0.03842680797743321,0.03451255277367137,0.032637892724014836,0.028886776130790763,0.025835379869913473,0.024461283359589907,0.022607838403939415
2024-11-15,0.19233322049457496,0.13272154904104255,0.062170287128902255,0.038289099304664294,0.035062425847632646,0.03251445755682487,0.029129900709161195,0.025800272855152073,0.024338707600689062,0.022817416253795356
2024-11-18,0.19335399659695832,0.13132290954376527,0.06299560192754822,0.03764000165272918,0.035423257788404536,0.032353826573595965,0.029230672966903393,0.027571614770010668,0.024365076651909144,0.02271286679257827
2024-11-19,0.19417361414538103,0.1314200797678771,0.06318843431799386,0.03762171773018665,0.035441833681527646,0.032236463448623034,0.02937951503949668,0.027309107044005985,0.024682710160903683,0.02283672510685372
2024-11-20,0.19396717851813472,0.13136344637834152,0.06354091550060725,0.03756984918945317,0.03537182626703491,0.03221508729307636,0.029332412313731026,0.027261872516674324,0.024636063876226914,0.0228569870657586
2024-11-21,0.1929662794278006,0.13166309517616073,0.06346130175264093,0.03740344386516245,0.03544664851277496,0.03225870926434538,0.029703815208502623,0.0272957596602949,0.02461242246733107,0.02274059600278298
2024-11-22,0.1934851787537029,0.13180614922257972,0.06314775253325125,0.037478810247323836,0.03541983131383757,0.03217240068568448,0.030086938639219317,0.027288857244588516,0.024448606624199714,0.022740858986710372
2024-11-25,0.19342625619645115,0.13182845153337583,0.06293303561634855,0.03743213056346042,0.03533955721821739,0.03215244720461345,0.030128584058693293,0.027252576784117858,0.024340662751141252,0.02257452844016725
2024-11-26,0.19329882201353427,0.13144835980733463,0.06274844583318138,0.037324515507040634,0.035334458383026096,0.032509944257399316,0.030039828180865986,0.027562714652496993,0.02428026391944035,0.022551873181495707
2024-11-27,0.19235081221598088,0.13111657190849657,0.06318961554310903,0.0375567455625879,0.035257658035878284,0.03265497511223946,0.02997216569629432,0.027522647479689334,0.024211736919421488,0.022545099805041224
2024-11-29,0.19208656829510817,0.13158163998561148,0.06319877271821661,0.037528879591717766,0.03512483540178909,0.03264987378468858,0.029977818882409166,0.0276781084813759,0.024186835171999054,0.0224951217270932
2024-12-02,0.19249593345772228,0.13174589016364877,0.0632029796712329,0.03736217466163825,0.03493571317069224,0.0325788701196795,0.02994800662973124,0.027719960331472306,0.02411676646277746,0.022571960000963096
2024-12-03,0.1920916104517172,0.13175293645295844,0.06325797327337687,0.037321247603040446,0.03488191701232235,0.032513111178889255,0.030108610263489172,0.027637986286800365,0.02413138722708662,0.022535850982406735
2024-12-04,0.19180930180041397,0.13186622334691378,0.06325894981905254,0.037202765333541936,0.03498867259718562,0.03274902106200679,0.030139260914578674,0.027568822747304402,0.02417091775374579,0.022547504453730743
2024-12-05,0.19108350077254224,0.133192566411428,0.06320614132944098,0.03711043098683161,0.03485581847107727,0.033027117813216524,0.02998930570346337,0.027531006688239962,0.024150764645684237,0.022816811713385315
2024-12-06,0.1907767774004102,0.13292297717701784,0.06342566516312594,0.037273608569346715,0.03525423306051452,0.03326359999815896,0.030081568680163963,0.027593646415123567,0.02407309036388407,0.02276730717795877
2024-12-09,0.1904273760263943,0.13355334603124763,0.06328482667167337,0.03712306897521827,0.03536273717386536,0.033111680726719314,0.029980003320413753,0.0277031108830135,0.023694026024797536,0.022821195820564924
2024-12-10,0.1900734509586616,0.1329522893339757,0.06288586415615319,0.037758548284644075,0.03525877103490817,0.03301123193593768,0.029992852038256385,0.027670347527186806,0.02426865836698523,0.023351097389127103
2024-12-11,0.1894825520148262,0.1324541570002084,0.062721515337223,0.03852969393756946,0.03520918849617113,0.033033986587420024,0.029856891109734985,0.02761793108492907,0.024213651534977506,0.023279532095850822
2024-12-12,0.18852524292434833,0.13471918386644602,0.06277143708742529,0.03858810409818524,0.03524669740348086,0.032565251421040074,0.02975178514265654,0.027533887212194953,0.024233973624431356,0.023320813194797382
2024-12-13,0.18883171493617334,0.1347002438505308,0.06254952433868441,0.0384513567136985,0.035466580913033265,0.032463013296858,0.029626289494510547,0.027399479446652917,0.02428041801942907,0.023287010541304835
2024-12-16,0.18623374718594837,0.13392405516965974,0.06282929155532589,0.03859034894790952,0.03570581961892807,0.03239530881862553,0.029974585375371482,0.02753262156420933,0.02431574746373615,0.02350112090902321
2024-12-17,0.18702155781550228,0.13575567536941283,0.058351520046558886,0.037658014633898555,0.03565640614235763,0.03285739480828938,0.03027948055994694,0.02698526654186049,0.02444605861589426,0.02389186557316915
2024-12-18,0.1873039717438846,0.1345516150814194,0.05851269225621337,0.03764611283827623,0.035658554929836724,0.032846757946012085,0.030412161792219214,0.027100976232754294,0.024618965134592767,0.02386831049424299
2024-12-19,0.19685774377098356,0.13337429627255562,0.05740314905998941,0.036984259254211914,0.03500514397878669,0.03265243914348001,0.03008577959370213,0.026911143149050923,0.02432228996170261,0.023561690632378993
2024-12-20,0.1961052552803756,0.13333289863919093,0.05720750585870452,0.03702963265259304,0.03532536952376303,0.032645689096325044,0.030110701499592146,0.026916791926255405,0.024268795383853077,0.02360551335406133
2024-12-23,0.19369847132647852,0.13341635888144426,0.057660789984150966,0.037357523242003726,0.0352566615383243,0.032565368159026206,0.0301376355106457,0.026885207548156927,0.02430126008113186,0.02370432553727775
2024-12-24,0.19244157714053622,0.13340632518238166,0.05754786258456797,0.03778599460206651,0.03528451827333093,0.03269179251156822,0.030129089276072343,0.026919826013711998,0.024402104618315525,0.023764036209207636
2024-12-26,0.1936712423159431,0.13312513961206326,0.05739358173004707,0.037776014455999506,0.03525437023221933,0.032690317688665246,0.0301089283582446,0.026831570005676226,0.024319199328662087,0.023727071422338743
2024-12-27,0.1936160555687792,0.13315125883976917,0.05738382971861213,0.03778585749859122,0.035201060174647275,0.032744566344753846,0.030084570289603995,0.026793979076889143,0.024323862292063993,0.02373776299453627
2024-12-30,0.19452940980500041,0.13303250651860857,0.05725134640693034,0.03786904702185802,0.03515484707677425,0.03273822156125287,0.030005708756821483,0.026735206211715504,0.024311942148038904,0.023717502420222036
